timestamp,serial_line
2026-05-16 15:42:07.575,ADC pin 15 raw = 2388  voltage = 1.924 V  angle = 190.2 deg
2026-05-16 15:42:07.585,ADC pin 15 raw = 2389  voltage = 1.925 V  angle = 190.3 deg
2026-05-16 15:42:07.595,ADC pin 15 raw = 2385  voltage = 1.922 V  angle = 189.9 deg
2026-05-16 15:42:07.605,ADC pin 15 raw = 2388  voltage = 1.924 V  angle = 190.2 deg
2026-05-16 15:42:07.615,ADC pin 15 raw = 2388  voltage = 1.924 V  angle = 190.2 deg
2026-05-16 15:42:07.625,ADC pin 15 raw = 2389  voltage = 1.925 V  angle = 190.3 deg
2026-05-16 15:42:07.635,ADC pin 15 raw = 2391  voltage = 1.927 V  angle = 190.5 deg
2026-05-16 15:42:07.645,ADC pin 15 raw = 2388  voltage = 1.924 V  angle = 190.2 deg
2026-05-16 15:42:07.655,ADC pin 15 raw = 2387  voltage = 1.924 V  angle = 190.1 deg
2026-05-16 15:42:07.665,ADC pin 15 raw = 2385  voltage = 1.922 V  angle = 189.9 deg
2026-05-16 15:42:07.675,ADC pin 15 raw = 2388  voltage = 1.924 V  angle = 190.2 deg
2026-05-16 15:42:07.685,ADC pin 15 raw = 2394  voltage = 1.929 V  angle = 190.8 deg
2026-05-16 15:42:07.695,ADC pin 15 raw = 2387  voltage = 1.924 V  angle = 190.1 deg
2026-05-16 15:42:07.705,ADC pin 15 raw = 2390  voltage = 1.926 V  angle = 190.4 deg
2026-05-16 15:42:07.715,ADC pin 15 raw = 2385  voltage = 1.922 V  angle = 189.9 deg
2026-05-16 15:42:07.725,ADC pin 15 raw = 2383  voltage = 1.920 V  angle = 189.7 deg
2026-05-16 15:42:07.735,ADC pin 15 raw = 2389  voltage = 1.925 V  angle = 190.3 deg
2026-05-16 15:42:07.745,ADC pin 15 raw = 2386  voltage = 1.923 V  angle = 190.0 deg
2026-05-16 15:42:07.755,ADC pin 15 raw = 2387  voltage = 1.924 V  angle = 190.1 deg
2026-05-16 15:42:07.765,ADC pin 15 raw = 2385  voltage = 1.922 V  angle = 189.9 deg
2026-05-16 15:42:07.775,ADC pin 15 raw = 2387  voltage = 1.924 V  angle = 190.1 deg
2026-05-16 15:42:07.785,ADC pin 15 raw = 2387  voltage = 1.924 V  angle = 190.1 deg
2026-05-16 15:42:07.795,ADC pin 15 raw = 2387  voltage = 1.924 V  angle = 190.1 deg
2026-05-16 15:42:07.805,ADC pin 15 raw = 2385  voltage = 1.922 V  angle = 189.9 deg
2026-05-16 15:42:07.815,ADC pin 15 raw = 2385  voltage = 1.922 V  angle = 189.9 deg
2026-05-16 15:42:07.825,ADC pin 15 raw = 2384  voltage = 1.921 V  angle = 189.8 deg
2026-05-16 15:42:07.835,ADC pin 15 raw = 2387  voltage = 1.924 V  angle = 190.1 deg
2026-05-16 15:42:07.845,ADC pin 15 raw = 2390  voltage = 1.926 V  angle = 190.4 deg
2026-05-16 15:42:07.855,ADC pin 15 raw = 2386  voltage = 1.923 V  angle = 190.0 deg
2026-05-16 15:42:07.865,ADC pin 15 raw = 2388  voltage = 1.924 V  angle = 190.2 deg
2026-05-16 15:42:07.875,ADC pin 15 raw = 2383  voltage = 1.920 V  angle = 189.7 deg
2026-05-16 15:42:07.885,ADC pin 15 raw = 2388  voltage = 1.924 V  angle = 190.2 deg
2026-05-16 15:42:07.895,ADC pin 15 raw = 2387  voltage = 1.924 V  angle = 190.1 deg
2026-05-16 15:42:07.905,ADC pin 15 raw = 2389  voltage = 1.925 V  angle = 190.3 deg
2026-05-16 15:42:07.915,ADC pin 15 raw = 2387  voltage = 1.924 V  angle = 190.1 deg
2026-05-16 15:42:07.925,ADC pin 15 raw = 2386  voltage = 1.923 V  angle = 190.0 deg
2026-05-16 15:42:07.935,ADC pin 15 raw = 2387  voltage = 1.924 V  angle = 190.1 deg
2026-05-16 15:42:07.945,ADC pin 15 raw = 2389  voltage = 1.925 V  angle = 190.3 deg
2026-05-16 15:42:07.955,ADC pin 15 raw = 2387  voltage = 1.924 V  angle = 190.1 deg
2026-05-16 15:42:07.965,ADC pin 15 raw = 2391  voltage = 1.927 V  angle = 190.5 deg
2026-05-16 15:42:07.976,ADC pin 15 raw = 2385  voltage = 1.922 V  angle = 189.9 deg
2026-05-16 15:42:07.985,ADC pin 15 raw = 2387  voltage = 1.924 V  angle = 190.1 deg
2026-05-16 15:42:07.995,ADC pin 15 raw = 2389  voltage = 1.925 V  angle = 190.3 deg
2026-05-16 15:42:08.005,ADC pin 15 raw = 2386  voltage = 1.923 V  angle = 190.0 deg
2026-05-16 15:42:08.015,ADC pin 15 raw = 2385  voltage = 1.922 V  angle = 189.9 deg
2026-05-16 15:42:08.025,ADC pin 15 raw = 2386  voltage = 1.923 V  angle = 190.0 deg
2026-05-16 15:42:08.035,ADC pin 15 raw = 2387  voltage = 1.924 V  angle = 190.1 deg
2026-05-16 15:42:08.045,ADC pin 15 raw = 2383  voltage = 1.920 V  angle = 189.7 deg
2026-05-16 15:42:08.055,ADC pin 15 raw = 2386  voltage = 1.923 V  angle = 190.0 deg
2026-05-16 15:42:08.065,ADC pin 15 raw = 2389  voltage = 1.925 V  angle = 190.3 deg
2026-05-16 15:42:08.075,ADC pin 15 raw = 2387  voltage = 1.924 V  angle = 190.1 deg
2026-05-16 15:42:08.086,ADC pin 15 raw = 2385  voltage = 1.922 V  angle = 189.9 deg
2026-05-16 15:42:08.095,ADC pin 15 raw = 2385  voltage = 1.922 V  angle = 189.9 deg
2026-05-16 15:42:08.105,ADC pin 15 raw = 2383  voltage = 1.920 V  angle = 189.7 deg
2026-05-16 15:42:08.115,ADC pin 15 raw = 2383  voltage = 1.920 V  angle = 189.7 deg
2026-05-16 15:42:08.125,ADC pin 15 raw = 2384  voltage = 1.921 V  angle = 189.8 deg
2026-05-16 15:42:08.135,ADC pin 15 raw = 2385  voltage = 1.922 V  angle = 189.9 deg
2026-05-16 15:42:08.145,ADC pin 15 raw = 2386  voltage = 1.923 V  angle = 190.0 deg
2026-05-16 15:42:08.155,ADC pin 15 raw = 2388  voltage = 1.924 V  angle = 190.2 deg
2026-05-16 15:42:08.165,ADC pin 15 raw = 2388  voltage = 1.924 V  angle = 190.2 deg
2026-05-16 15:42:08.175,ADC pin 15 raw = 2384  voltage = 1.921 V  angle = 189.8 deg
2026-05-16 15:42:08.185,ADC pin 15 raw = 2388  voltage = 1.924 V  angle = 190.2 deg
2026-05-16 15:42:08.196,ADC pin 15 raw = 2386  voltage = 1.923 V  angle = 190.0 deg
2026-05-16 15:42:08.205,ADC pin 15 raw = 2388  voltage = 1.924 V  angle = 190.2 deg
2026-05-16 15:42:08.215,ADC pin 15 raw = 2388  voltage = 1.924 V  angle = 190.2 deg
2026-05-16 15:42:08.226,ADC pin 15 raw = 2383  voltage = 1.920 V  angle = 189.7 deg
2026-05-16 15:42:08.235,ADC pin 15 raw = 2386  voltage = 1.923 V  angle = 190.0 deg
2026-05-16 15:42:08.246,ADC pin 15 raw = 2388  voltage = 1.924 V  angle = 190.2 deg
2026-05-16 15:42:08.255,ADC pin 15 raw = 2389  voltage = 1.925 V  angle = 190.3 deg
2026-05-16 15:42:08.265,ADC pin 15 raw = 2385  voltage = 1.922 V  angle = 189.9 deg
2026-05-16 15:42:08.275,ADC pin 15 raw = 2386  voltage = 1.923 V  angle = 190.0 deg
2026-05-16 15:42:08.286,ADC pin 15 raw = 2383  voltage = 1.920 V  angle = 189.7 deg
2026-05-16 15:42:08.295,ADC pin 15 raw = 2384  voltage = 1.921 V  angle = 189.8 deg
2026-05-16 15:42:08.305,ADC pin 15 raw = 2387  voltage = 1.924 V  angle = 190.1 deg
2026-05-16 15:42:08.315,ADC pin 15 raw = 2385  voltage = 1.922 V  angle = 189.9 deg
2026-05-16 15:42:08.330,ADC pin 15 raw = 2388  voltage = 1.924 V  angle = 190.2 deg
2026-05-16 15:42:08.335,ADC pin 15 raw = 2386  voltage = 1.923 V  angle = 190.0 deg
2026-05-16 15:42:08.346,ADC pin 15 raw = 2387  voltage = 1.924 V  angle = 190.1 deg
2026-05-16 15:42:08.355,ADC pin 15 raw = 2385  voltage = 1.922 V  angle = 189.9 deg
2026-05-16 15:42:08.365,ADC pin 15 raw = 2388  voltage = 1.924 V  angle = 190.2 deg
2026-05-16 15:42:08.375,ADC pin 15 raw = 2383  voltage = 1.920 V  angle = 189.7 deg
2026-05-16 15:42:08.385,ADC pin 15 raw = 2385  voltage = 1.922 V  angle = 189.9 deg
2026-05-16 15:42:08.395,ADC pin 15 raw = 2387  voltage = 1.924 V  angle = 190.1 deg
2026-05-16 15:42:08.405,ADC pin 15 raw = 2387  voltage = 1.924 V  angle = 190.1 deg
2026-05-16 15:42:08.418,ADC pin 15 raw = 2386  voltage = 1.923 V  angle = 190.0 deg
2026-05-16 15:42:08.425,ADC pin 15 raw = 2387  voltage = 1.924 V  angle = 190.1 deg
2026-05-16 15:42:08.435,ADC pin 15 raw = 2388  voltage = 1.924 V  angle = 190.2 deg
2026-05-16 15:42:08.445,ADC pin 15 raw = 2389  voltage = 1.925 V  angle = 190.3 deg
2026-05-16 15:42:08.455,ADC pin 15 raw = 2387  voltage = 1.924 V  angle = 190.1 deg
2026-05-16 15:42:08.465,ADC pin 15 raw = 2386  voltage = 1.923 V  angle = 190.0 deg
2026-05-16 15:42:08.476,ADC pin 15 raw = 2387  voltage = 1.924 V  angle = 190.1 deg
2026-05-16 15:42:08.485,ADC pin 15 raw = 2385  voltage = 1.922 V  angle = 189.9 deg
2026-05-16 15:42:08.495,ADC pin 15 raw = 2384  voltage = 1.921 V  angle = 189.8 deg
2026-05-16 15:42:08.505,ADC pin 15 raw = 2383  voltage = 1.920 V  angle = 189.7 deg
2026-05-16 15:42:08.515,ADC pin 15 raw = 2388  voltage = 1.924 V  angle = 190.2 deg
2026-05-16 15:42:08.525,ADC pin 15 raw = 2383  voltage = 1.920 V  angle = 189.7 deg
2026-05-16 15:42:08.536,ADC pin 15 raw = 2387  voltage = 1.924 V  angle = 190.1 deg
2026-05-16 15:42:08.545,ADC pin 15 raw = 2388  voltage = 1.924 V  angle = 190.2 deg
2026-05-16 15:42:08.555,ADC pin 15 raw = 2388  voltage = 1.924 V  angle = 190.2 deg
2026-05-16 15:42:08.565,ADC pin 15 raw = 2387  voltage = 1.924 V  angle = 190.1 deg
2026-05-16 15:42:08.575,ADC pin 15 raw = 2387  voltage = 1.924 V  angle = 190.1 deg
2026-05-16 15:42:08.585,ADC pin 15 raw = 2383  voltage = 1.920 V  angle = 189.7 deg
2026-05-16 15:42:08.595,ADC pin 15 raw = 2385  voltage = 1.922 V  angle = 189.9 deg
2026-05-16 15:42:08.605,ADC pin 15 raw = 2387  voltage = 1.924 V  angle = 190.1 deg
2026-05-16 15:42:08.619,ADC pin 15 raw = 2385  voltage = 1.922 V  angle = 189.9 deg
2026-05-16 15:42:08.625,ADC pin 15 raw = 2383  voltage = 1.920 V  angle = 189.7 deg
2026-05-16 15:42:08.635,ADC pin 15 raw = 2388  voltage = 1.924 V  angle = 190.2 deg
2026-05-16 15:42:08.645,ADC pin 15 raw = 2388  voltage = 1.924 V  angle = 190.2 deg
2026-05-16 15:42:08.656,ADC pin 15 raw = 2388  voltage = 1.924 V  angle = 190.2 deg
2026-05-16 15:42:08.668,ADC pin 15 raw = 2386  voltage = 1.923 V  angle = 190.0 deg
2026-05-16 15:42:08.675,ADC pin 15 raw = 2390  voltage = 1.926 V  angle = 190.4 deg
2026-05-16 15:42:08.685,ADC pin 15 raw = 2386  voltage = 1.923 V  angle = 190.0 deg
2026-05-16 15:42:08.695,ADC pin 15 raw = 2387  voltage = 1.924 V  angle = 190.1 deg
2026-05-16 15:42:08.705,ADC pin 15 raw = 2388  voltage = 1.924 V  angle = 190.2 deg
2026-05-16 15:42:08.719,ADC pin 15 raw = 2386  voltage = 1.923 V  angle = 190.0 deg
2026-05-16 15:42:08.725,ADC pin 15 raw = 2386  voltage = 1.923 V  angle = 190.0 deg
2026-05-16 15:42:08.736,ADC pin 15 raw = 2385  voltage = 1.922 V  angle = 189.9 deg
2026-05-16 15:42:08.745,ADC pin 15 raw = 2383  voltage = 1.920 V  angle = 189.7 deg
2026-05-16 15:42:08.755,ADC pin 15 raw = 2388  voltage = 1.924 V  angle = 190.2 deg
2026-05-16 15:42:08.765,ADC pin 15 raw = 2384  voltage = 1.921 V  angle = 189.8 deg
2026-05-16 15:42:08.775,ADC pin 15 raw = 2387  voltage = 1.924 V  angle = 190.1 deg
2026-05-16 15:42:08.785,ADC pin 15 raw = 2386  voltage = 1.923 V  angle = 190.0 deg
2026-05-16 15:42:08.795,ADC pin 15 raw = 2385  voltage = 1.922 V  angle = 189.9 deg
2026-05-16 15:42:08.805,ADC pin 15 raw = 2383  voltage = 1.920 V  angle = 189.7 deg
2026-05-16 15:42:08.815,ADC pin 15 raw = 2386  voltage = 1.923 V  angle = 190.0 deg
2026-05-16 15:42:08.825,ADC pin 15 raw = 2383  voltage = 1.920 V  angle = 189.7 deg
2026-05-16 15:42:08.835,ADC pin 15 raw = 2386  voltage = 1.923 V  angle = 190.0 deg
2026-05-16 15:42:08.845,ADC pin 15 raw = 2388  voltage = 1.924 V  angle = 190.2 deg
2026-05-16 15:42:08.867,ADC pin 15 raw = 2386  voltage = 1.923 V  angle = 190.0 deg
2026-05-16 15:42:08.869,ADC pin 15 raw = 2388  voltage = 1.924 V  angle = 190.2 deg
2026-05-16 15:42:08.887,ADC pin 15 raw = 2389  voltage = 1.925 V  angle = 190.3 deg
2026-05-16 15:42:08.887,ADC pin 15 raw = 2384  voltage = 1.921 V  angle = 189.8 deg
2026-05-16 15:42:08.897,ADC pin 15 raw = 2387  voltage = 1.924 V  angle = 190.1 deg
2026-05-16 15:42:08.905,ADC pin 15 raw = 2384  voltage = 1.921 V  angle = 189.8 deg
2026-05-16 15:42:08.915,ADC pin 15 raw = 2388  voltage = 1.924 V  angle = 190.2 deg
2026-05-16 15:42:08.925,ADC pin 15 raw = 2389  voltage = 1.925 V  angle = 190.3 deg
2026-05-16 15:42:08.935,ADC pin 15 raw = 2388  voltage = 1.924 V  angle = 190.2 deg
2026-05-16 15:42:08.945,ADC pin 15 raw = 2386  voltage = 1.923 V  angle = 190.0 deg
2026-05-16 15:42:08.955,ADC pin 15 raw = 2385  voltage = 1.922 V  angle = 189.9 deg
2026-05-16 15:42:08.965,ADC pin 15 raw = 2387  voltage = 1.924 V  angle = 190.1 deg
2026-05-16 15:42:08.975,ADC pin 15 raw = 2393  voltage = 1.928 V  angle = 190.7 deg
2026-05-16 15:42:08.985,ADC pin 15 raw = 2387  voltage = 1.924 V  angle = 190.1 deg
2026-05-16 15:42:08.995,ADC pin 15 raw = 2387  voltage = 1.924 V  angle = 190.1 deg
2026-05-16 15:42:09.005,ADC pin 15 raw = 2387  voltage = 1.924 V  angle = 190.1 deg
2026-05-16 15:42:09.015,ADC pin 15 raw = 2387  voltage = 1.924 V  angle = 190.1 deg
2026-05-16 15:42:09.025,ADC pin 15 raw = 2388  voltage = 1.924 V  angle = 190.2 deg
2026-05-16 15:42:09.035,ADC pin 15 raw = 2385  voltage = 1.922 V  angle = 189.9 deg
2026-05-16 15:42:09.045,ADC pin 15 raw = 2384  voltage = 1.921 V  angle = 189.8 deg
2026-05-16 15:42:09.055,ADC pin 15 raw = 2387  voltage = 1.924 V  angle = 190.1 deg
2026-05-16 15:42:09.065,ADC pin 15 raw = 2387  voltage = 1.924 V  angle = 190.1 deg
2026-05-16 15:42:09.075,ADC pin 15 raw = 2392  voltage = 1.928 V  angle = 190.6 deg
2026-05-16 15:42:09.085,ADC pin 15 raw = 2390  voltage = 1.926 V  angle = 190.4 deg
2026-05-16 15:42:09.095,ADC pin 15 raw = 2391  voltage = 1.927 V  angle = 190.5 deg
2026-05-16 15:42:09.105,ADC pin 15 raw = 2385  voltage = 1.922 V  angle = 189.9 deg
2026-05-16 15:42:09.115,ADC pin 15 raw = 2389  voltage = 1.925 V  angle = 190.3 deg
2026-05-16 15:42:09.125,ADC pin 15 raw = 2383  voltage = 1.920 V  angle = 189.7 deg
2026-05-16 15:42:09.135,ADC pin 15 raw = 2388  voltage = 1.924 V  angle = 190.2 deg
2026-05-16 15:42:09.145,ADC pin 15 raw = 2387  voltage = 1.924 V  angle = 190.1 deg
2026-05-16 15:42:09.155,ADC pin 15 raw = 2389  voltage = 1.925 V  angle = 190.3 deg
2026-05-16 15:42:09.165,ADC pin 15 raw = 2385  voltage = 1.922 V  angle = 189.9 deg
2026-05-16 15:42:09.176,ADC pin 15 raw = 2388  voltage = 1.924 V  angle = 190.2 deg
2026-05-16 15:42:09.185,ADC pin 15 raw = 2385  voltage = 1.922 V  angle = 189.9 deg
2026-05-16 15:42:09.195,ADC pin 15 raw = 2385  voltage = 1.922 V  angle = 189.9 deg
2026-05-16 15:42:09.205,ADC pin 15 raw = 2385  voltage = 1.922 V  angle = 189.9 deg
2026-05-16 15:42:09.216,ADC pin 15 raw = 2386  voltage = 1.923 V  angle = 190.0 deg
2026-05-16 15:42:09.225,ADC pin 15 raw = 2385  voltage = 1.922 V  angle = 189.9 deg
2026-05-16 15:42:09.236,ADC pin 15 raw = 2386  voltage = 1.923 V  angle = 190.0 deg
2026-05-16 15:42:09.245,ADC pin 15 raw = 2388  voltage = 1.924 V  angle = 190.2 deg
2026-05-16 15:42:09.255,ADC pin 15 raw = 2387  voltage = 1.924 V  angle = 190.1 deg
2026-05-16 15:42:09.266,ADC pin 15 raw = 2383  voltage = 1.920 V  angle = 189.7 deg
2026-05-16 15:42:09.275,ADC pin 15 raw = 2386  voltage = 1.923 V  angle = 190.0 deg
2026-05-16 15:42:09.285,ADC pin 15 raw = 2379  voltage = 1.917 V  angle = 189.3 deg
2026-05-16 15:42:09.296,ADC pin 15 raw = 2384  voltage = 1.921 V  angle = 189.8 deg
2026-05-16 15:42:09.305,ADC pin 15 raw = 2386  voltage = 1.923 V  angle = 190.0 deg
2026-05-16 15:42:09.315,ADC pin 15 raw = 2385  voltage = 1.922 V  angle = 189.9 deg
2026-05-16 15:42:09.325,ADC pin 15 raw = 2385  voltage = 1.922 V  angle = 189.9 deg
2026-05-16 15:42:09.335,ADC pin 15 raw = 2385  voltage = 1.922 V  angle = 189.9 deg
2026-05-16 15:42:09.345,ADC pin 15 raw = 2383  voltage = 1.920 V  angle = 189.7 deg
2026-05-16 15:42:09.355,ADC pin 15 raw = 2383  voltage = 1.920 V  angle = 189.7 deg
2026-05-16 15:42:09.365,ADC pin 15 raw = 2390  voltage = 1.926 V  angle = 190.4 deg
2026-05-16 15:42:09.375,ADC pin 15 raw = 2388  voltage = 1.924 V  angle = 190.2 deg
2026-05-16 15:42:09.385,ADC pin 15 raw = 2385  voltage = 1.922 V  angle = 189.9 deg
2026-05-16 15:42:09.395,ADC pin 15 raw = 2386  voltage = 1.923 V  angle = 190.0 deg
2026-05-16 15:42:09.405,ADC pin 15 raw = 2386  voltage = 1.923 V  angle = 190.0 deg
2026-05-16 15:42:09.415,ADC pin 15 raw = 2382  voltage = 1.920 V  angle = 189.6 deg
2026-05-16 15:42:09.425,ADC pin 15 raw = 2385  voltage = 1.922 V  angle = 189.9 deg
2026-05-16 15:42:09.435,ADC pin 15 raw = 2387  voltage = 1.924 V  angle = 190.1 deg
2026-05-16 15:42:09.445,ADC pin 15 raw = 2386  voltage = 1.923 V  angle = 190.0 deg
2026-05-16 15:42:09.455,ADC pin 15 raw = 2387  voltage = 1.924 V  angle = 190.1 deg
2026-05-16 15:42:09.469,ADC pin 15 raw = 2387  voltage = 1.924 V  angle = 190.1 deg
2026-05-16 15:42:09.475,ADC pin 15 raw = 2384  voltage = 1.921 V  angle = 189.8 deg
2026-05-16 15:42:09.485,ADC pin 15 raw = 2386  voltage = 1.923 V  angle = 190.0 deg
2026-05-16 15:42:09.496,ADC pin 15 raw = 2387  voltage = 1.924 V  angle = 190.1 deg
2026-05-16 15:42:09.505,ADC pin 15 raw = 2388  voltage = 1.924 V  angle = 190.2 deg
2026-05-16 15:42:09.517,ADC pin 15 raw = 2385  voltage = 1.922 V  angle = 189.9 deg
2026-05-16 15:42:09.526,ADC pin 15 raw = 2387  voltage = 1.924 V  angle = 190.1 deg
2026-05-16 15:42:09.535,ADC pin 15 raw = 2386  voltage = 1.923 V  angle = 190.0 deg
2026-05-16 15:42:09.546,ADC pin 15 raw = 2386  voltage = 1.923 V  angle = 190.0 deg
2026-05-16 15:42:09.555,ADC pin 15 raw = 2387  voltage = 1.924 V  angle = 190.1 deg
2026-05-16 15:42:09.567,ADC pin 15 raw = 2390  voltage = 1.926 V  angle = 190.4 deg
2026-05-16 15:42:09.575,ADC pin 15 raw = 2387  voltage = 1.924 V  angle = 190.1 deg
2026-05-16 15:42:09.586,ADC pin 15 raw = 2387  voltage = 1.924 V  angle = 190.1 deg
2026-05-16 15:42:09.596,ADC pin 15 raw = 2386  voltage = 1.923 V  angle = 190.0 deg
2026-05-16 15:42:09.605,ADC pin 15 raw = 2386  voltage = 1.923 V  angle = 190.0 deg
2026-05-16 15:42:09.615,ADC pin 15 raw = 2384  voltage = 1.921 V  angle = 189.8 deg
2026-05-16 15:42:09.626,ADC pin 15 raw = 2387  voltage = 1.924 V  angle = 190.1 deg
2026-05-16 15:42:09.636,ADC pin 15 raw = 2385  voltage = 1.922 V  angle = 189.9 deg
2026-05-16 15:42:09.645,ADC pin 15 raw = 2388  voltage = 1.924 V  angle = 190.2 deg
2026-05-16 15:42:09.655,ADC pin 15 raw = 2387  voltage = 1.924 V  angle = 190.1 deg
2026-05-16 15:42:09.666,ADC pin 15 raw = 2386  voltage = 1.923 V  angle = 190.0 deg
2026-05-16 15:42:09.675,ADC pin 15 raw = 2384  voltage = 1.921 V  angle = 189.8 deg
2026-05-16 15:42:09.686,ADC pin 15 raw = 2389  voltage = 1.925 V  angle = 190.3 deg
2026-05-16 15:42:09.695,ADC pin 15 raw = 2389  voltage = 1.925 V  angle = 190.3 deg
2026-05-16 15:42:09.705,ADC pin 15 raw = 2384  voltage = 1.921 V  angle = 189.8 deg
2026-05-16 15:42:09.716,ADC pin 15 raw = 2385  voltage = 1.922 V  angle = 189.9 deg
2026-05-16 15:42:09.726,ADC pin 15 raw = 2387  voltage = 1.924 V  angle = 190.1 deg
2026-05-16 15:42:09.735,ADC pin 15 raw = 2387  voltage = 1.924 V  angle = 190.1 deg
2026-05-16 15:42:09.746,ADC pin 15 raw = 2388  voltage = 1.924 V  angle = 190.2 deg
2026-05-16 15:42:09.755,ADC pin 15 raw = 2388  voltage = 1.924 V  angle = 190.2 deg
2026-05-16 15:42:09.766,ADC pin 15 raw = 2387  voltage = 1.924 V  angle = 190.1 deg
2026-05-16 15:42:09.776,ADC pin 15 raw = 2388  voltage = 1.924 V  angle = 190.2 deg
2026-05-16 15:42:09.786,ADC pin 15 raw = 2389  voltage = 1.925 V  angle = 190.3 deg
2026-05-16 15:42:09.796,ADC pin 15 raw = 2387  voltage = 1.924 V  angle = 190.1 deg
2026-05-16 15:42:09.805,ADC pin 15 raw = 2389  voltage = 1.925 V  angle = 190.3 deg
2026-05-16 15:42:09.816,ADC pin 15 raw = 2387  voltage = 1.924 V  angle = 190.1 deg
2026-05-16 15:42:09.825,ADC pin 15 raw = 2386  voltage = 1.923 V  angle = 190.0 deg
2026-05-16 15:42:09.835,ADC pin 15 raw = 2386  voltage = 1.923 V  angle = 190.0 deg
2026-05-16 15:42:09.846,ADC pin 15 raw = 2384  voltage = 1.921 V  angle = 189.8 deg
2026-05-16 15:42:09.855,ADC pin 15 raw = 2386  voltage = 1.923 V  angle = 190.0 deg
2026-05-16 15:42:09.866,ADC pin 15 raw = 2383  voltage = 1.920 V  angle = 189.7 deg
2026-05-16 15:42:09.876,ADC pin 15 raw = 2383  voltage = 1.920 V  angle = 189.7 deg
2026-05-16 15:42:09.886,ADC pin 15 raw = 2385  voltage = 1.922 V  angle = 189.9 deg
2026-05-16 15:42:09.895,ADC pin 15 raw = 2386  voltage = 1.923 V  angle = 190.0 deg
2026-05-16 15:42:09.905,ADC pin 15 raw = 2385  voltage = 1.922 V  angle = 189.9 deg
2026-05-16 15:42:09.916,ADC pin 15 raw = 2385  voltage = 1.922 V  angle = 189.9 deg
2026-05-16 15:42:09.926,ADC pin 15 raw = 2384  voltage = 1.921 V  angle = 189.8 deg
2026-05-16 15:42:09.936,ADC pin 15 raw = 2384  voltage = 1.921 V  angle = 189.8 deg
2026-05-16 15:42:09.945,ADC pin 15 raw = 2388  voltage = 1.924 V  angle = 190.2 deg
2026-05-16 15:42:09.955,ADC pin 15 raw = 2387  voltage = 1.924 V  angle = 190.1 deg
2026-05-16 15:42:09.968,ADC pin 15 raw = 2390  voltage = 1.926 V  angle = 190.4 deg
2026-05-16 15:42:09.976,ADC pin 15 raw = 2385  voltage = 1.922 V  angle = 189.9 deg
2026-05-16 15:42:09.985,ADC pin 15 raw = 2384  voltage = 1.921 V  angle = 189.8 deg
2026-05-16 15:42:09.995,ADC pin 15 raw = 2387  voltage = 1.924 V  angle = 190.1 deg
2026-05-16 15:42:10.006,ADC pin 15 raw = 2385  voltage = 1.922 V  angle = 189.9 deg
2026-05-16 15:42:10.016,ADC pin 15 raw = 2385  voltage = 1.922 V  angle = 189.9 deg
2026-05-16 15:42:10.025,ADC pin 15 raw = 2386  voltage = 1.923 V  angle = 190.0 deg
2026-05-16 15:42:10.039,ADC pin 15 raw = 2390  voltage = 1.926 V  angle = 190.4 deg
2026-05-16 15:42:10.045,ADC pin 15 raw = 2386  voltage = 1.923 V  angle = 190.0 deg
2026-05-16 15:42:10.055,ADC pin 15 raw = 2384  voltage = 1.921 V  angle = 189.8 deg
2026-05-16 15:42:10.066,ADC pin 15 raw = 2386  voltage = 1.923 V  angle = 190.0 deg
2026-05-16 15:42:10.075,ADC pin 15 raw = 2387  voltage = 1.924 V  angle = 190.1 deg
2026-05-16 15:42:10.085,ADC pin 15 raw = 2389  voltage = 1.925 V  angle = 190.3 deg
2026-05-16 15:42:10.096,ADC pin 15 raw = 2386  voltage = 1.923 V  angle = 190.0 deg
2026-05-16 15:42:10.105,ADC pin 15 raw = 2388  voltage = 1.924 V  angle = 190.2 deg
2026-05-16 15:42:10.115,ADC pin 15 raw = 2382  voltage = 1.920 V  angle = 189.6 deg
2026-05-16 15:42:10.126,ADC pin 15 raw = 2389  voltage = 1.925 V  angle = 190.3 deg
2026-05-16 15:42:10.136,ADC pin 15 raw = 2382  voltage = 1.920 V  angle = 189.6 deg
2026-05-16 15:42:10.146,ADC pin 15 raw = 2384  voltage = 1.921 V  angle = 189.8 deg
2026-05-16 15:42:10.155,ADC pin 15 raw = 2388  voltage = 1.924 V  angle = 190.2 deg
2026-05-16 15:42:10.165,ADC pin 15 raw = 2384  voltage = 1.921 V  angle = 189.8 deg
2026-05-16 15:42:10.176,ADC pin 15 raw = 2389  voltage = 1.925 V  angle = 190.3 deg
2026-05-16 15:42:10.185,ADC pin 15 raw = 2389  voltage = 1.925 V  angle = 190.3 deg
2026-05-16 15:42:10.195,ADC pin 15 raw = 2386  voltage = 1.923 V  angle = 190.0 deg
2026-05-16 15:42:10.206,ADC pin 15 raw = 2385  voltage = 1.922 V  angle = 189.9 deg
2026-05-16 15:42:10.215,ADC pin 15 raw = 2386  voltage = 1.923 V  angle = 190.0 deg
2026-05-16 15:42:10.226,ADC pin 15 raw = 2392  voltage = 1.928 V  angle = 190.6 deg
2026-05-16 15:42:10.236,ADC pin 15 raw = 2386  voltage = 1.923 V  angle = 190.0 deg
2026-05-16 15:42:10.245,ADC pin 15 raw = 2386  voltage = 1.923 V  angle = 190.0 deg
2026-05-16 15:42:10.255,ADC pin 15 raw = 2385  voltage = 1.922 V  angle = 189.9 deg
2026-05-16 15:42:10.265,ADC pin 15 raw = 2387  voltage = 1.924 V  angle = 190.1 deg
2026-05-16 15:42:10.275,ADC pin 15 raw = 2381  voltage = 1.919 V  angle = 189.5 deg
2026-05-16 15:42:10.285,ADC pin 15 raw = 2388  voltage = 1.924 V  angle = 190.2 deg
2026-05-16 15:42:10.296,ADC pin 15 raw = 2384  voltage = 1.921 V  angle = 189.8 deg
2026-05-16 15:42:10.305,ADC pin 15 raw = 2385  voltage = 1.922 V  angle = 189.9 deg
2026-05-16 15:42:10.318,ADC pin 15 raw = 2384  voltage = 1.921 V  angle = 189.8 deg
2026-05-16 15:42:10.326,ADC pin 15 raw = 2384  voltage = 1.921 V  angle = 189.8 deg
2026-05-16 15:42:10.336,ADC pin 15 raw = 2387  voltage = 1.924 V  angle = 190.1 deg
2026-05-16 15:42:10.346,ADC pin 15 raw = 2385  voltage = 1.922 V  angle = 189.9 deg
2026-05-16 15:42:10.360,ADC pin 15 raw = 2386  voltage = 1.923 V  angle = 190.0 deg
2026-05-16 15:42:10.368,ADC pin 15 raw = 2388  voltage = 1.924 V  angle = 190.2 deg
2026-05-16 15:42:10.379,ADC pin 15 raw = 2385  voltage = 1.922 V  angle = 189.9 deg
2026-05-16 15:42:10.385,ADC pin 15 raw = 2385  voltage = 1.922 V  angle = 189.9 deg
2026-05-16 15:42:10.395,ADC pin 15 raw = 2384  voltage = 1.921 V  angle = 189.8 deg
2026-05-16 15:42:10.405,ADC pin 15 raw = 2386  voltage = 1.923 V  angle = 190.0 deg
2026-05-16 15:42:10.415,ADC pin 15 raw = 2386  voltage = 1.923 V  angle = 190.0 deg
2026-05-16 15:42:10.425,ADC pin 15 raw = 2388  voltage = 1.924 V  angle = 190.2 deg
2026-05-16 15:42:10.435,ADC pin 15 raw = 2386  voltage = 1.923 V  angle = 190.0 deg
2026-05-16 15:42:10.445,ADC pin 15 raw = 2392  voltage = 1.928 V  angle = 190.6 deg
2026-05-16 15:42:10.455,ADC pin 15 raw = 2386  voltage = 1.923 V  angle = 190.0 deg
2026-05-16 15:42:10.465,ADC pin 15 raw = 2383  voltage = 1.920 V  angle = 189.7 deg
2026-05-16 15:42:10.475,ADC pin 15 raw = 2385  voltage = 1.922 V  angle = 189.9 deg
2026-05-16 15:42:10.485,ADC pin 15 raw = 2388  voltage = 1.924 V  angle = 190.2 deg
2026-05-16 15:42:10.495,ADC pin 15 raw = 2386  voltage = 1.923 V  angle = 190.0 deg
2026-05-16 15:42:10.505,ADC pin 15 raw = 2387  voltage = 1.924 V  angle = 190.1 deg
2026-05-16 15:42:10.515,ADC pin 15 raw = 2382  voltage = 1.920 V  angle = 189.6 deg
2026-05-16 15:42:10.525,ADC pin 15 raw = 2390  voltage = 1.926 V  angle = 190.4 deg
2026-05-16 15:42:10.535,ADC pin 15 raw = 2388  voltage = 1.924 V  angle = 190.2 deg
2026-05-16 15:42:10.545,ADC pin 15 raw = 2387  voltage = 1.924 V  angle = 190.1 deg
2026-05-16 15:42:10.555,ADC pin 15 raw = 2385  voltage = 1.922 V  angle = 189.9 deg
2026-05-16 15:42:10.566,ADC pin 15 raw = 2384  voltage = 1.921 V  angle = 189.8 deg
2026-05-16 15:42:10.575,ADC pin 15 raw = 2388  voltage = 1.924 V  angle = 190.2 deg
2026-05-16 15:42:10.586,ADC pin 15 raw = 2387  voltage = 1.924 V  angle = 190.1 deg
2026-05-16 15:42:10.596,ADC pin 15 raw = 2384  voltage = 1.921 V  angle = 189.8 deg
2026-05-16 15:42:10.605,ADC pin 15 raw = 2386  voltage = 1.923 V  angle = 190.0 deg
2026-05-16 15:42:10.616,ADC pin 15 raw = 2385  voltage = 1.922 V  angle = 189.9 deg
2026-05-16 15:42:10.625,ADC pin 15 raw = 2382  voltage = 1.920 V  angle = 189.6 deg
2026-05-16 15:42:10.636,ADC pin 15 raw = 2386  voltage = 1.923 V  angle = 190.0 deg
2026-05-16 15:42:10.645,ADC pin 15 raw = 2384  voltage = 1.921 V  angle = 189.8 deg
2026-05-16 15:42:10.655,ADC pin 15 raw = 2387  voltage = 1.924 V  angle = 190.1 deg
2026-05-16 15:42:10.666,ADC pin 15 raw = 2387  voltage = 1.924 V  angle = 190.1 deg
2026-05-16 15:42:10.675,ADC pin 15 raw = 2387  voltage = 1.924 V  angle = 190.1 deg
2026-05-16 15:42:10.685,ADC pin 15 raw = 2385  voltage = 1.922 V  angle = 189.9 deg
2026-05-16 15:42:10.695,ADC pin 15 raw = 2385  voltage = 1.922 V  angle = 189.9 deg
2026-05-16 15:42:10.705,ADC pin 15 raw = 2389  voltage = 1.925 V  angle = 190.3 deg
2026-05-16 15:42:10.716,ADC pin 15 raw = 2385  voltage = 1.922 V  angle = 189.9 deg
2026-05-16 15:42:10.726,ADC pin 15 raw = 2385  voltage = 1.922 V  angle = 189.9 deg
2026-05-16 15:42:10.736,ADC pin 15 raw = 2384  voltage = 1.921 V  angle = 189.8 deg
2026-05-16 15:42:10.746,ADC pin 15 raw = 2386  voltage = 1.923 V  angle = 190.0 deg
2026-05-16 15:42:10.755,ADC pin 15 raw = 2387  voltage = 1.924 V  angle = 190.1 deg
2026-05-16 15:42:10.765,ADC pin 15 raw = 2382  voltage = 1.920 V  angle = 189.6 deg
2026-05-16 15:42:10.775,ADC pin 15 raw = 2386  voltage = 1.923 V  angle = 190.0 deg
2026-05-16 15:42:10.786,ADC pin 15 raw = 2383  voltage = 1.920 V  angle = 189.7 deg
2026-05-16 15:42:10.795,ADC pin 15 raw = 2384  voltage = 1.921 V  angle = 189.8 deg
2026-05-16 15:42:10.805,ADC pin 15 raw = 2385  voltage = 1.922 V  angle = 189.9 deg
2026-05-16 15:42:10.815,ADC pin 15 raw = 2390  voltage = 1.926 V  angle = 190.4 deg
2026-05-16 15:42:10.826,ADC pin 15 raw = 2388  voltage = 1.924 V  angle = 190.2 deg
2026-05-16 15:42:10.836,ADC pin 15 raw = 2385  voltage = 1.922 V  angle = 189.9 deg
2026-05-16 15:42:10.846,ADC pin 15 raw = 2387  voltage = 1.924 V  angle = 190.1 deg
2026-05-16 15:42:10.855,ADC pin 15 raw = 2385  voltage = 1.922 V  angle = 189.9 deg
2026-05-16 15:42:10.865,ADC pin 15 raw = 2385  voltage = 1.922 V  angle = 189.9 deg
2026-05-16 15:42:10.875,ADC pin 15 raw = 2386  voltage = 1.923 V  angle = 190.0 deg
2026-05-16 15:42:10.885,ADC pin 15 raw = 2385  voltage = 1.922 V  angle = 189.9 deg
2026-05-16 15:42:10.896,ADC pin 15 raw = 2389  voltage = 1.925 V  angle = 190.3 deg
2026-05-16 15:42:10.905,ADC pin 15 raw = 2388  voltage = 1.924 V  angle = 190.2 deg
2026-05-16 15:42:10.916,ADC pin 15 raw = 2389  voltage = 1.925 V  angle = 190.3 deg
2026-05-16 15:42:10.925,ADC pin 15 raw = 2390  voltage = 1.926 V  angle = 190.4 deg
2026-05-16 15:42:10.936,ADC pin 15 raw = 2384  voltage = 1.921 V  angle = 189.8 deg
2026-05-16 15:42:10.946,ADC pin 15 raw = 2387  voltage = 1.924 V  angle = 190.1 deg
2026-05-16 15:42:10.955,ADC pin 15 raw = 2384  voltage = 1.921 V  angle = 189.8 deg
2026-05-16 15:42:10.965,ADC pin 15 raw = 2387  voltage = 1.924 V  angle = 190.1 deg
2026-05-16 15:42:10.975,ADC pin 15 raw = 2380  voltage = 1.918 V  angle = 189.4 deg
2026-05-16 15:42:10.985,ADC pin 15 raw = 2391  voltage = 1.927 V  angle = 190.5 deg
2026-05-16 15:42:10.996,ADC pin 15 raw = 2389  voltage = 1.925 V  angle = 190.3 deg
2026-05-16 15:42:11.005,ADC pin 15 raw = 2388  voltage = 1.924 V  angle = 190.2 deg
2026-05-16 15:42:11.015,ADC pin 15 raw = 2387  voltage = 1.924 V  angle = 190.1 deg
2026-05-16 15:42:11.025,ADC pin 15 raw = 2391  voltage = 1.927 V  angle = 190.5 deg
2026-05-16 15:42:11.035,ADC pin 15 raw = 2384  voltage = 1.921 V  angle = 189.8 deg
2026-05-16 15:42:11.046,ADC pin 15 raw = 2386  voltage = 1.923 V  angle = 190.0 deg
2026-05-16 15:42:11.055,ADC pin 15 raw = 2387  voltage = 1.924 V  angle = 190.1 deg
2026-05-16 15:42:11.065,ADC pin 15 raw = 2388  voltage = 1.924 V  angle = 190.2 deg
2026-05-16 15:42:11.075,ADC pin 15 raw = 2385  voltage = 1.922 V  angle = 189.9 deg
2026-05-16 15:42:11.085,ADC pin 15 raw = 2385  voltage = 1.922 V  angle = 189.9 deg
2026-05-16 15:42:11.096,ADC pin 15 raw = 2385  voltage = 1.922 V  angle = 189.9 deg
2026-05-16 15:42:11.105,ADC pin 15 raw = 2386  voltage = 1.923 V  angle = 190.0 deg
2026-05-16 15:42:11.115,ADC pin 15 raw = 2388  voltage = 1.924 V  angle = 190.2 deg
2026-05-16 15:42:11.125,ADC pin 15 raw = 2389  voltage = 1.925 V  angle = 190.3 deg
2026-05-16 15:42:11.135,ADC pin 15 raw = 2387  voltage = 1.924 V  angle = 190.1 deg
2026-05-16 15:42:11.146,ADC pin 15 raw = 2388  voltage = 1.924 V  angle = 190.2 deg
2026-05-16 15:42:11.155,ADC pin 15 raw = 2385  voltage = 1.922 V  angle = 189.9 deg
2026-05-16 15:42:11.166,ADC pin 15 raw = 2390  voltage = 1.926 V  angle = 190.4 deg
2026-05-16 15:42:11.175,ADC pin 15 raw = 2389  voltage = 1.925 V  angle = 190.3 deg
2026-05-16 15:42:11.186,ADC pin 15 raw = 2386  voltage = 1.923 V  angle = 190.0 deg
2026-05-16 15:42:11.196,ADC pin 15 raw = 2388  voltage = 1.924 V  angle = 190.2 deg
2026-05-16 15:42:11.205,ADC pin 15 raw = 2384  voltage = 1.921 V  angle = 189.8 deg
2026-05-16 15:42:11.215,ADC pin 15 raw = 2386  voltage = 1.923 V  angle = 190.0 deg
2026-05-16 15:42:11.225,ADC pin 15 raw = 2385  voltage = 1.922 V  angle = 189.9 deg
2026-05-16 15:42:11.236,ADC pin 15 raw = 2386  voltage = 1.923 V  angle = 190.0 deg
2026-05-16 15:42:11.246,ADC pin 15 raw = 2385  voltage = 1.922 V  angle = 189.9 deg
2026-05-16 15:42:11.255,ADC pin 15 raw = 2387  voltage = 1.924 V  angle = 190.1 deg
2026-05-16 15:42:11.266,ADC pin 15 raw = 2385  voltage = 1.922 V  angle = 189.9 deg
2026-05-16 15:42:11.275,ADC pin 15 raw = 2387  voltage = 1.924 V  angle = 190.1 deg
2026-05-16 15:42:11.285,ADC pin 15 raw = 2388  voltage = 1.924 V  angle = 190.2 deg
2026-05-16 15:42:11.295,ADC pin 15 raw = 2386  voltage = 1.923 V  angle = 190.0 deg
2026-05-16 15:42:11.306,ADC pin 15 raw = 2387  voltage = 1.924 V  angle = 190.1 deg
2026-05-16 15:42:11.317,ADC pin 15 raw = 2387  voltage = 1.924 V  angle = 190.1 deg
2026-05-16 15:42:11.325,ADC pin 15 raw = 2388  voltage = 1.924 V  angle = 190.2 deg
2026-05-16 15:42:11.336,ADC pin 15 raw = 2385  voltage = 1.922 V  angle = 189.9 deg
2026-05-16 15:42:11.345,ADC pin 15 raw = 2387  voltage = 1.924 V  angle = 190.1 deg
2026-05-16 15:42:11.355,ADC pin 15 raw = 2391  voltage = 1.927 V  angle = 190.5 deg
2026-05-16 15:42:11.366,ADC pin 15 raw = 2386  voltage = 1.923 V  angle = 190.0 deg
2026-05-16 15:42:11.376,ADC pin 15 raw = 2388  voltage = 1.924 V  angle = 190.2 deg
2026-05-16 15:42:11.386,ADC pin 15 raw = 2385  voltage = 1.922 V  angle = 189.9 deg
2026-05-16 15:42:11.395,ADC pin 15 raw = 2389  voltage = 1.925 V  angle = 190.3 deg
2026-05-16 15:42:11.406,ADC pin 15 raw = 2387  voltage = 1.924 V  angle = 190.1 deg
2026-05-16 15:42:11.415,ADC pin 15 raw = 2387  voltage = 1.924 V  angle = 190.1 deg
2026-05-16 15:42:11.426,ADC pin 15 raw = 2389  voltage = 1.925 V  angle = 190.3 deg
2026-05-16 15:42:11.436,ADC pin 15 raw = 2386  voltage = 1.923 V  angle = 190.0 deg
2026-05-16 15:42:11.445,ADC pin 15 raw = 2385  voltage = 1.922 V  angle = 189.9 deg
2026-05-16 15:42:11.456,ADC pin 15 raw = 2386  voltage = 1.923 V  angle = 190.0 deg
2026-05-16 15:42:11.465,ADC pin 15 raw = 2388  voltage = 1.924 V  angle = 190.2 deg
2026-05-16 15:42:11.475,ADC pin 15 raw = 2384  voltage = 1.921 V  angle = 189.8 deg
2026-05-16 15:42:11.485,ADC pin 15 raw = 2384  voltage = 1.921 V  angle = 189.8 deg
2026-05-16 15:42:11.495,ADC pin 15 raw = 2384  voltage = 1.921 V  angle = 189.8 deg
2026-05-16 15:42:11.505,ADC pin 15 raw = 2385  voltage = 1.922 V  angle = 189.9 deg
2026-05-16 15:42:11.516,ADC pin 15 raw = 2384  voltage = 1.921 V  angle = 189.8 deg
2026-05-16 15:42:11.526,ADC pin 15 raw = 2384  voltage = 1.921 V  angle = 189.8 deg
2026-05-16 15:42:11.536,ADC pin 15 raw = 2385  voltage = 1.922 V  angle = 189.9 deg
2026-05-16 15:42:11.546,ADC pin 15 raw = 2386  voltage = 1.923 V  angle = 190.0 deg
2026-05-16 15:42:11.555,ADC pin 15 raw = 2387  voltage = 1.924 V  angle = 190.1 deg
2026-05-16 15:42:11.565,ADC pin 15 raw = 2391  voltage = 1.927 V  angle = 190.5 deg
2026-05-16 15:42:11.576,ADC pin 15 raw = 2386  voltage = 1.923 V  angle = 190.0 deg
2026-05-16 15:42:11.586,ADC pin 15 raw = 2386  voltage = 1.923 V  angle = 190.0 deg
2026-05-16 15:42:11.596,ADC pin 15 raw = 2385  voltage = 1.922 V  angle = 189.9 deg
2026-05-16 15:42:11.605,ADC pin 15 raw = 2386  voltage = 1.923 V  angle = 190.0 deg
2026-05-16 15:42:11.616,ADC pin 15 raw = 2388  voltage = 1.924 V  angle = 190.2 deg
2026-05-16 15:42:11.625,ADC pin 15 raw = 2388  voltage = 1.924 V  angle = 190.2 deg
2026-05-16 15:42:11.635,ADC pin 15 raw = 2388  voltage = 1.924 V  angle = 190.2 deg
2026-05-16 15:42:11.646,ADC pin 15 raw = 2385  voltage = 1.922 V  angle = 189.9 deg
2026-05-16 15:42:11.655,ADC pin 15 raw = 2387  voltage = 1.924 V  angle = 190.1 deg
2026-05-16 15:42:11.666,ADC pin 15 raw = 2385  voltage = 1.922 V  angle = 189.9 deg
2026-05-16 15:42:11.676,ADC pin 15 raw = 2385  voltage = 1.922 V  angle = 189.9 deg
2026-05-16 15:42:11.686,ADC pin 15 raw = 2383  voltage = 1.920 V  angle = 189.7 deg
2026-05-16 15:42:11.696,ADC pin 15 raw = 2387  voltage = 1.924 V  angle = 190.1 deg
2026-05-16 15:42:11.705,ADC pin 15 raw = 2386  voltage = 1.923 V  angle = 190.0 deg
2026-05-16 15:42:11.716,ADC pin 15 raw = 2387  voltage = 1.924 V  angle = 190.1 deg
2026-05-16 15:42:11.726,ADC pin 15 raw = 2385  voltage = 1.922 V  angle = 189.9 deg
2026-05-16 15:42:11.735,ADC pin 15 raw = 2389  voltage = 1.925 V  angle = 190.3 deg
2026-05-16 15:42:11.746,ADC pin 15 raw = 2387  voltage = 1.924 V  angle = 190.1 deg
2026-05-16 15:42:11.755,ADC pin 15 raw = 2387  voltage = 1.924 V  angle = 190.1 deg
2026-05-16 15:42:11.766,ADC pin 15 raw = 2389  voltage = 1.925 V  angle = 190.3 deg
2026-05-16 15:42:11.775,ADC pin 15 raw = 2387  voltage = 1.924 V  angle = 190.1 deg
2026-05-16 15:42:11.786,ADC pin 15 raw = 2390  voltage = 1.926 V  angle = 190.4 deg
2026-05-16 15:42:11.796,ADC pin 15 raw = 2386  voltage = 1.923 V  angle = 190.0 deg
2026-05-16 15:42:11.805,ADC pin 15 raw = 2385  voltage = 1.922 V  angle = 189.9 deg
2026-05-16 15:42:11.816,ADC pin 15 raw = 2387  voltage = 1.924 V  angle = 190.1 deg
2026-05-16 15:42:11.825,ADC pin 15 raw = 2388  voltage = 1.924 V  angle = 190.2 deg
2026-05-16 15:42:11.836,ADC pin 15 raw = 2384  voltage = 1.921 V  angle = 189.8 deg
2026-05-16 15:42:11.845,ADC pin 15 raw = 2385  voltage = 1.922 V  angle = 189.9 deg
2026-05-16 15:42:11.855,ADC pin 15 raw = 2388  voltage = 1.924 V  angle = 190.2 deg
2026-05-16 15:42:11.865,ADC pin 15 raw = 2385  voltage = 1.922 V  angle = 189.9 deg
2026-05-16 15:42:11.875,ADC pin 15 raw = 2386  voltage = 1.923 V  angle = 190.0 deg
2026-05-16 15:42:11.885,ADC pin 15 raw = 2386  voltage = 1.923 V  angle = 190.0 deg
2026-05-16 15:42:11.895,ADC pin 15 raw = 2385  voltage = 1.922 V  angle = 189.9 deg
2026-05-16 15:42:11.905,ADC pin 15 raw = 2387  voltage = 1.924 V  angle = 190.1 deg
2026-05-16 15:42:11.916,ADC pin 15 raw = 2385  voltage = 1.922 V  angle = 189.9 deg
2026-05-16 15:42:11.925,ADC pin 15 raw = 2388  voltage = 1.924 V  angle = 190.2 deg
2026-05-16 15:42:11.936,ADC pin 15 raw = 2389  voltage = 1.925 V  angle = 190.3 deg
2026-05-16 15:42:11.946,ADC pin 15 raw = 2390  voltage = 1.926 V  angle = 190.4 deg
2026-05-16 15:42:11.956,ADC pin 15 raw = 2387  voltage = 1.924 V  angle = 190.1 deg
2026-05-16 15:42:11.966,ADC pin 15 raw = 2385  voltage = 1.922 V  angle = 189.9 deg
2026-05-16 15:42:11.975,ADC pin 15 raw = 2387  voltage = 1.924 V  angle = 190.1 deg
2026-05-16 15:42:11.986,ADC pin 15 raw = 2385  voltage = 1.922 V  angle = 189.9 deg
2026-05-16 15:42:11.996,ADC pin 15 raw = 2384  voltage = 1.921 V  angle = 189.8 deg
2026-05-16 15:42:12.005,ADC pin 15 raw = 2385  voltage = 1.922 V  angle = 189.9 deg
2026-05-16 15:42:12.015,ADC pin 15 raw = 2384  voltage = 1.921 V  angle = 189.8 deg
2026-05-16 15:42:12.026,ADC pin 15 raw = 2385  voltage = 1.922 V  angle = 189.9 deg
2026-05-16 15:42:12.036,ADC pin 15 raw = 2386  voltage = 1.923 V  angle = 190.0 deg
2026-05-16 15:42:12.046,ADC pin 15 raw = 2385  voltage = 1.922 V  angle = 189.9 deg
2026-05-16 15:42:12.063,ADC pin 15 raw = 2383  voltage = 1.920 V  angle = 189.7 deg
2026-05-16 15:42:12.066,ADC pin 15 raw = 2382  voltage = 1.920 V  angle = 189.6 deg
2026-05-16 15:42:12.083,ADC pin 15 raw = 2387  voltage = 1.924 V  angle = 190.1 deg
2026-05-16 15:42:12.085,ADC pin 15 raw = 2380  voltage = 1.918 V  angle = 189.4 deg
2026-05-16 15:42:12.095,ADC pin 15 raw = 2388  voltage = 1.924 V  angle = 190.2 deg
2026-05-16 15:42:12.105,ADC pin 15 raw = 2384  voltage = 1.921 V  angle = 189.8 deg
2026-05-16 15:42:12.115,ADC pin 15 raw = 2389  voltage = 1.925 V  angle = 190.3 deg
2026-05-16 15:42:12.125,ADC pin 15 raw = 2386  voltage = 1.923 V  angle = 190.0 deg
2026-05-16 15:42:12.135,ADC pin 15 raw = 2388  voltage = 1.924 V  angle = 190.2 deg
2026-05-16 15:42:12.145,ADC pin 15 raw = 2386  voltage = 1.923 V  angle = 190.0 deg
2026-05-16 15:42:12.155,ADC pin 15 raw = 2386  voltage = 1.923 V  angle = 190.0 deg
2026-05-16 15:42:12.165,ADC pin 15 raw = 2387  voltage = 1.924 V  angle = 190.1 deg
2026-05-16 15:42:12.175,ADC pin 15 raw = 2387  voltage = 1.924 V  angle = 190.1 deg
2026-05-16 15:42:12.185,ADC pin 15 raw = 2388  voltage = 1.924 V  angle = 190.2 deg
2026-05-16 15:42:12.195,ADC pin 15 raw = 2386  voltage = 1.923 V  angle = 190.0 deg
2026-05-16 15:42:12.205,ADC pin 15 raw = 2389  voltage = 1.925 V  angle = 190.3 deg
2026-05-16 15:42:12.215,ADC pin 15 raw = 2385  voltage = 1.922 V  angle = 189.9 deg
2026-05-16 15:42:12.225,ADC pin 15 raw = 2382  voltage = 1.920 V  angle = 189.6 deg
2026-05-16 15:42:12.235,ADC pin 15 raw = 2389  voltage = 1.925 V  angle = 190.3 deg
2026-05-16 15:42:12.245,ADC pin 15 raw = 2385  voltage = 1.922 V  angle = 189.9 deg
2026-05-16 15:42:12.255,ADC pin 15 raw = 2385  voltage = 1.922 V  angle = 189.9 deg
2026-05-16 15:42:12.265,ADC pin 15 raw = 2389  voltage = 1.925 V  angle = 190.3 deg
2026-05-16 15:42:12.275,ADC pin 15 raw = 2387  voltage = 1.924 V  angle = 190.1 deg
2026-05-16 15:42:12.285,ADC pin 15 raw = 2386  voltage = 1.923 V  angle = 190.0 deg
2026-05-16 15:42:12.295,ADC pin 15 raw = 2385  voltage = 1.922 V  angle = 189.9 deg
2026-05-16 15:42:12.305,ADC pin 15 raw = 2387  voltage = 1.924 V  angle = 190.1 deg
2026-05-16 15:42:12.315,ADC pin 15 raw = 2381  voltage = 1.919 V  angle = 189.5 deg
2026-05-16 15:42:12.325,ADC pin 15 raw = 2384  voltage = 1.921 V  angle = 189.8 deg
2026-05-16 15:42:12.335,ADC pin 15 raw = 2385  voltage = 1.922 V  angle = 189.9 deg
2026-05-16 15:42:12.345,ADC pin 15 raw = 2390  voltage = 1.926 V  angle = 190.4 deg
2026-05-16 15:42:12.355,ADC pin 15 raw = 2389  voltage = 1.925 V  angle = 190.3 deg
2026-05-16 15:42:12.365,ADC pin 15 raw = 2386  voltage = 1.923 V  angle = 190.0 deg
2026-05-16 15:42:12.375,ADC pin 15 raw = 2386  voltage = 1.923 V  angle = 190.0 deg
2026-05-16 15:42:12.385,ADC pin 15 raw = 2388  voltage = 1.924 V  angle = 190.2 deg
2026-05-16 15:42:12.396,ADC pin 15 raw = 2389  voltage = 1.925 V  angle = 190.3 deg
2026-05-16 15:42:12.405,ADC pin 15 raw = 2385  voltage = 1.922 V  angle = 189.9 deg
2026-05-16 15:42:12.416,ADC pin 15 raw = 2386  voltage = 1.923 V  angle = 190.0 deg
2026-05-16 15:42:12.425,ADC pin 15 raw = 2383  voltage = 1.920 V  angle = 189.7 deg
2026-05-16 15:42:12.436,ADC pin 15 raw = 2387  voltage = 1.924 V  angle = 190.1 deg
2026-05-16 15:42:12.445,ADC pin 15 raw = 2384  voltage = 1.921 V  angle = 189.8 deg
2026-05-16 15:42:12.455,ADC pin 15 raw = 2385  voltage = 1.922 V  angle = 189.9 deg
2026-05-16 15:42:12.466,ADC pin 15 raw = 2386  voltage = 1.923 V  angle = 190.0 deg
2026-05-16 15:42:12.475,ADC pin 15 raw = 2385  voltage = 1.922 V  angle = 189.9 deg
2026-05-16 15:42:12.486,ADC pin 15 raw = 2386  voltage = 1.923 V  angle = 190.0 deg
2026-05-16 15:42:12.496,ADC pin 15 raw = 2386  voltage = 1.923 V  angle = 190.0 deg
2026-05-16 15:42:12.505,ADC pin 15 raw = 2386  voltage = 1.923 V  angle = 190.0 deg
2026-05-16 15:42:12.515,ADC pin 15 raw = 2386  voltage = 1.923 V  angle = 190.0 deg
2026-05-16 15:42:12.526,ADC pin 15 raw = 2386  voltage = 1.923 V  angle = 190.0 deg
2026-05-16 15:42:12.536,ADC pin 15 raw = 2387  voltage = 1.924 V  angle = 190.1 deg
2026-05-16 15:42:12.546,ADC pin 15 raw = 2386  voltage = 1.923 V  angle = 190.0 deg
2026-05-16 15:42:12.555,ADC pin 15 raw = 2387  voltage = 1.924 V  angle = 190.1 deg
2026-05-16 15:42:12.565,ADC pin 15 raw = 2388  voltage = 1.924 V  angle = 190.2 deg
2026-05-16 15:42:12.575,ADC pin 15 raw = 2385  voltage = 1.922 V  angle = 189.9 deg
2026-05-16 15:42:12.586,ADC pin 15 raw = 2386  voltage = 1.923 V  angle = 190.0 deg
2026-05-16 15:42:12.595,ADC pin 15 raw = 2385  voltage = 1.922 V  angle = 189.9 deg
2026-05-16 15:42:12.605,ADC pin 15 raw = 2387  voltage = 1.924 V  angle = 190.1 deg
2026-05-16 15:42:12.615,ADC pin 15 raw = 2386  voltage = 1.923 V  angle = 190.0 deg
2026-05-16 15:42:12.625,ADC pin 15 raw = 2385  voltage = 1.922 V  angle = 189.9 deg
2026-05-16 15:42:12.635,ADC pin 15 raw = 2385  voltage = 1.922 V  angle = 189.9 deg
2026-05-16 15:42:12.646,ADC pin 15 raw = 2385  voltage = 1.922 V  angle = 189.9 deg
2026-05-16 15:42:12.655,ADC pin 15 raw = 2390  voltage = 1.926 V  angle = 190.4 deg
2026-05-16 15:42:12.666,ADC pin 15 raw = 2384  voltage = 1.921 V  angle = 189.8 deg
2026-05-16 15:42:12.676,ADC pin 15 raw = 2385  voltage = 1.922 V  angle = 189.9 deg
2026-05-16 15:42:12.686,ADC pin 15 raw = 2386  voltage = 1.923 V  angle = 190.0 deg
2026-05-16 15:42:12.696,ADC pin 15 raw = 2388  voltage = 1.924 V  angle = 190.2 deg
2026-05-16 15:42:12.705,ADC pin 15 raw = 2386  voltage = 1.923 V  angle = 190.0 deg
2026-05-16 15:42:12.716,ADC pin 15 raw = 2381  voltage = 1.919 V  angle = 189.5 deg
2026-05-16 15:42:12.726,ADC pin 15 raw = 2387  voltage = 1.924 V  angle = 190.1 deg
2026-05-16 15:42:12.735,ADC pin 15 raw = 2385  voltage = 1.922 V  angle = 189.9 deg
2026-05-16 15:42:12.746,ADC pin 15 raw = 2388  voltage = 1.924 V  angle = 190.2 deg
2026-05-16 15:42:12.755,ADC pin 15 raw = 2386  voltage = 1.923 V  angle = 190.0 deg
2026-05-16 15:42:12.766,ADC pin 15 raw = 2385  voltage = 1.922 V  angle = 189.9 deg
2026-05-16 15:42:12.775,ADC pin 15 raw = 2383  voltage = 1.920 V  angle = 189.7 deg
2026-05-16 15:42:12.786,ADC pin 15 raw = 2387  voltage = 1.924 V  angle = 190.1 deg
2026-05-16 15:42:12.796,ADC pin 15 raw = 2386  voltage = 1.923 V  angle = 190.0 deg
2026-05-16 15:42:12.806,ADC pin 15 raw = 2387  voltage = 1.924 V  angle = 190.1 deg
2026-05-16 15:42:12.816,ADC pin 15 raw = 2386  voltage = 1.923 V  angle = 190.0 deg
2026-05-16 15:42:12.825,ADC pin 15 raw = 2384  voltage = 1.921 V  angle = 189.8 deg
2026-05-16 15:42:12.836,ADC pin 15 raw = 2384  voltage = 1.921 V  angle = 189.8 deg
2026-05-16 15:42:12.846,ADC pin 15 raw = 2387  voltage = 1.924 V  angle = 190.1 deg
2026-05-16 15:42:12.855,ADC pin 15 raw = 2388  voltage = 1.924 V  angle = 190.2 deg
2026-05-16 15:42:12.866,ADC pin 15 raw = 2389  voltage = 1.925 V  angle = 190.3 deg
2026-05-16 15:42:12.875,ADC pin 15 raw = 2386  voltage = 1.923 V  angle = 190.0 deg
2026-05-16 15:42:12.886,ADC pin 15 raw = 2384  voltage = 1.921 V  angle = 189.8 deg
2026-05-16 15:42:12.896,ADC pin 15 raw = 2388  voltage = 1.924 V  angle = 190.2 deg
2026-05-16 15:42:12.905,ADC pin 15 raw = 2387  voltage = 1.924 V  angle = 190.1 deg
2026-05-16 15:42:12.915,ADC pin 15 raw = 2390  voltage = 1.926 V  angle = 190.4 deg
2026-05-16 15:42:12.925,ADC pin 15 raw = 2386  voltage = 1.923 V  angle = 190.0 deg
2026-05-16 15:42:12.936,ADC pin 15 raw = 2387  voltage = 1.924 V  angle = 190.1 deg
2026-05-16 15:42:12.945,ADC pin 15 raw = 2388  voltage = 1.924 V  angle = 190.2 deg
2026-05-16 15:42:12.955,ADC pin 15 raw = 2387  voltage = 1.924 V  angle = 190.1 deg
2026-05-16 15:42:12.965,ADC pin 15 raw = 2385  voltage = 1.922 V  angle = 189.9 deg
2026-05-16 15:42:12.976,ADC pin 15 raw = 2386  voltage = 1.923 V  angle = 190.0 deg
2026-05-16 15:42:12.986,ADC pin 15 raw = 2386  voltage = 1.923 V  angle = 190.0 deg
2026-05-16 15:42:12.996,ADC pin 15 raw = 2387  voltage = 1.924 V  angle = 190.1 deg
2026-05-16 15:42:13.005,ADC pin 15 raw = 2387  voltage = 1.924 V  angle = 190.1 deg
2026-05-16 15:42:13.016,ADC pin 15 raw = 2386  voltage = 1.923 V  angle = 190.0 deg
2026-05-16 15:42:13.026,ADC pin 15 raw = 2386  voltage = 1.923 V  angle = 190.0 deg
2026-05-16 15:42:13.036,ADC pin 15 raw = 2388  voltage = 1.924 V  angle = 190.2 deg
2026-05-16 15:42:13.046,ADC pin 15 raw = 2385  voltage = 1.922 V  angle = 189.9 deg
2026-05-16 15:42:13.055,ADC pin 15 raw = 2388  voltage = 1.924 V  angle = 190.2 deg
2026-05-16 15:42:13.065,ADC pin 15 raw = 2388  voltage = 1.924 V  angle = 190.2 deg
2026-05-16 15:42:13.075,ADC pin 15 raw = 2383  voltage = 1.920 V  angle = 189.7 deg
2026-05-16 15:42:13.085,ADC pin 15 raw = 2384  voltage = 1.921 V  angle = 189.8 deg
2026-05-16 15:42:13.096,ADC pin 15 raw = 2381  voltage = 1.919 V  angle = 189.5 deg
2026-05-16 15:42:13.105,ADC pin 15 raw = 2384  voltage = 1.921 V  angle = 189.8 deg
2026-05-16 15:42:13.115,ADC pin 15 raw = 2383  voltage = 1.920 V  angle = 189.7 deg
2026-05-16 15:42:13.125,ADC pin 15 raw = 2383  voltage = 1.920 V  angle = 189.7 deg
2026-05-16 15:42:13.136,ADC pin 15 raw = 2388  voltage = 1.924 V  angle = 190.2 deg
2026-05-16 15:42:13.146,ADC pin 15 raw = 2384  voltage = 1.921 V  angle = 189.8 deg
2026-05-16 15:42:13.155,ADC pin 15 raw = 2388  voltage = 1.924 V  angle = 190.2 deg
2026-05-16 15:42:13.166,ADC pin 15 raw = 2386  voltage = 1.923 V  angle = 190.0 deg
2026-05-16 15:42:13.175,ADC pin 15 raw = 2387  voltage = 1.924 V  angle = 190.1 deg
2026-05-16 15:42:13.185,ADC pin 15 raw = 2388  voltage = 1.924 V  angle = 190.2 deg
2026-05-16 15:42:13.195,ADC pin 15 raw = 2383  voltage = 1.920 V  angle = 189.7 deg
2026-05-16 15:42:13.205,ADC pin 15 raw = 2388  voltage = 1.924 V  angle = 190.2 deg
2026-05-16 15:42:13.215,ADC pin 15 raw = 2388  voltage = 1.924 V  angle = 190.2 deg
2026-05-16 15:42:13.225,ADC pin 15 raw = 2388  voltage = 1.924 V  angle = 190.2 deg
2026-05-16 15:42:13.236,ADC pin 15 raw = 2384  voltage = 1.921 V  angle = 189.8 deg
2026-05-16 15:42:13.245,ADC pin 15 raw = 2387  voltage = 1.924 V  angle = 190.1 deg
2026-05-16 15:42:13.255,ADC pin 15 raw = 2432  voltage = 1.960 V  angle = 194.6 deg
2026-05-16 15:42:13.265,ADC pin 15 raw = 2458  voltage = 1.981 V  angle = 197.2 deg
2026-05-16 15:42:13.275,ADC pin 15 raw = 2486  voltage = 2.003 V  angle = 200.0 deg
2026-05-16 15:42:13.285,ADC pin 15 raw = 2544  voltage = 2.050 V  angle = 205.8 deg
2026-05-16 15:42:13.295,ADC pin 15 raw = 2612  voltage = 2.105 V  angle = 212.5 deg
2026-05-16 15:42:13.305,ADC pin 15 raw = 2643  voltage = 2.130 V  angle = 215.6 deg
2026-05-16 15:42:13.315,ADC pin 15 raw = 2643  voltage = 2.130 V  angle = 215.6 deg
2026-05-16 15:42:13.325,ADC pin 15 raw = 2637  voltage = 2.125 V  angle = 215.0 deg
2026-05-16 15:42:13.335,ADC pin 15 raw = 2635  voltage = 2.123 V  angle = 214.8 deg
2026-05-16 15:42:13.345,ADC pin 15 raw = 2625  voltage = 2.115 V  angle = 213.8 deg
2026-05-16 15:42:13.355,ADC pin 15 raw = 2613  voltage = 2.106 V  angle = 212.6 deg
2026-05-16 15:42:13.365,ADC pin 15 raw = 2602  voltage = 2.097 V  angle = 211.5 deg
2026-05-16 15:42:13.375,ADC pin 15 raw = 2609  voltage = 2.102 V  angle = 212.2 deg
2026-05-16 15:42:13.385,ADC pin 15 raw = 2610  voltage = 2.103 V  angle = 212.3 deg
2026-05-16 15:42:13.395,ADC pin 15 raw = 2605  voltage = 2.099 V  angle = 211.8 deg
2026-05-16 15:42:13.406,ADC pin 15 raw = 2604  voltage = 2.098 V  angle = 211.7 deg
2026-05-16 15:42:13.416,ADC pin 15 raw = 2605  voltage = 2.099 V  angle = 211.8 deg
2026-05-16 15:42:13.428,ADC pin 15 raw = 2605  voltage = 2.099 V  angle = 211.8 deg
2026-05-16 15:42:13.435,ADC pin 15 raw = 2604  voltage = 2.098 V  angle = 211.7 deg
2026-05-16 15:42:13.445,ADC pin 15 raw = 2632  voltage = 2.121 V  angle = 214.5 deg
2026-05-16 15:42:13.455,ADC pin 15 raw = 2637  voltage = 2.125 V  angle = 215.0 deg
2026-05-16 15:42:13.469,ADC pin 15 raw = 2630  voltage = 2.119 V  angle = 214.3 deg
2026-05-16 15:42:13.484,ADC pin 15 raw = 2622  voltage = 2.113 V  angle = 213.5 deg
2026-05-16 15:42:13.485,ADC pin 15 raw = 2618  voltage = 2.110 V  angle = 213.1 deg
2026-05-16 15:42:13.496,ADC pin 15 raw = 2623  voltage = 2.114 V  angle = 213.6 deg
2026-05-16 15:42:13.507,ADC pin 15 raw = 2622  voltage = 2.113 V  angle = 213.5 deg
2026-05-16 15:42:13.515,ADC pin 15 raw = 2615  voltage = 2.107 V  angle = 212.8 deg
2026-05-16 15:42:13.529,ADC pin 15 raw = 2612  voltage = 2.105 V  angle = 212.5 deg
2026-05-16 15:42:13.536,ADC pin 15 raw = 2606  voltage = 2.100 V  angle = 211.9 deg
2026-05-16 15:42:13.555,ADC pin 15 raw = 2606  voltage = 2.100 V  angle = 211.9 deg
2026-05-16 15:42:13.555,ADC pin 15 raw = 2609  voltage = 2.102 V  angle = 212.2 deg
2026-05-16 15:42:13.565,ADC pin 15 raw = 2624  voltage = 2.115 V  angle = 213.7 deg
2026-05-16 15:42:13.575,ADC pin 15 raw = 2626  voltage = 2.116 V  angle = 213.9 deg
2026-05-16 15:42:13.585,ADC pin 15 raw = 2627  voltage = 2.117 V  angle = 214.0 deg
2026-05-16 15:42:13.595,ADC pin 15 raw = 2624  voltage = 2.115 V  angle = 213.7 deg
2026-05-16 15:42:13.605,ADC pin 15 raw = 2626  voltage = 2.116 V  angle = 213.9 deg
2026-05-16 15:42:13.615,ADC pin 15 raw = 2615  voltage = 2.107 V  angle = 212.8 deg
2026-05-16 15:42:13.626,ADC pin 15 raw = 2603  voltage = 2.098 V  angle = 211.6 deg
2026-05-16 15:42:13.635,ADC pin 15 raw = 2606  voltage = 2.100 V  angle = 211.9 deg
2026-05-16 15:42:13.645,ADC pin 15 raw = 2606  voltage = 2.100 V  angle = 211.9 deg
2026-05-16 15:42:13.655,ADC pin 15 raw = 2602  voltage = 2.097 V  angle = 211.5 deg
2026-05-16 15:42:13.665,ADC pin 15 raw = 2628  voltage = 2.118 V  angle = 214.1 deg
2026-05-16 15:42:13.675,ADC pin 15 raw = 2628  voltage = 2.118 V  angle = 214.1 deg
2026-05-16 15:42:13.685,ADC pin 15 raw = 2629  voltage = 2.119 V  angle = 214.2 deg
2026-05-16 15:42:13.695,ADC pin 15 raw = 2610  voltage = 2.103 V  angle = 212.3 deg
2026-05-16 15:42:13.705,ADC pin 15 raw = 2609  voltage = 2.102 V  angle = 212.2 deg
2026-05-16 15:42:13.715,ADC pin 15 raw = 2608  voltage = 2.102 V  angle = 212.1 deg
2026-05-16 15:42:13.725,ADC pin 15 raw = 2601  voltage = 2.096 V  angle = 211.4 deg
2026-05-16 15:42:13.735,ADC pin 15 raw = 2600  voltage = 2.095 V  angle = 211.3 deg
2026-05-16 15:42:13.745,ADC pin 15 raw = 2605  voltage = 2.099 V  angle = 211.8 deg
2026-05-16 15:42:13.773,ADC pin 15 raw = 2600  voltage = 2.095 V  angle = 211.3 deg
2026-05-16 15:42:13.774,ADC pin 15 raw = 2606  voltage = 2.100 V  angle = 211.9 deg
2026-05-16 15:42:13.775,ADC pin 15 raw = 2596  voltage = 2.092 V  angle = 210.9 deg
2026-05-16 15:42:13.785,ADC pin 15 raw = 2601  voltage = 2.096 V  angle = 211.4 deg
2026-05-16 15:42:13.795,ADC pin 15 raw = 2605  voltage = 2.099 V  angle = 211.8 deg
2026-05-16 15:42:13.805,ADC pin 15 raw = 2620  voltage = 2.111 V  angle = 213.3 deg
2026-05-16 15:42:13.815,ADC pin 15 raw = 2609  voltage = 2.102 V  angle = 212.2 deg
2026-05-16 15:42:13.825,ADC pin 15 raw = 2605  voltage = 2.099 V  angle = 211.8 deg
2026-05-16 15:42:13.835,ADC pin 15 raw = 2600  voltage = 2.095 V  angle = 211.3 deg
2026-05-16 15:42:13.845,ADC pin 15 raw = 2610  voltage = 2.103 V  angle = 212.3 deg
2026-05-16 15:42:13.855,ADC pin 15 raw = 2609  voltage = 2.102 V  angle = 212.2 deg
2026-05-16 15:42:13.865,ADC pin 15 raw = 2610  voltage = 2.103 V  angle = 212.3 deg
2026-05-16 15:42:13.875,ADC pin 15 raw = 2608  voltage = 2.102 V  angle = 212.1 deg
2026-05-16 15:42:13.885,ADC pin 15 raw = 2604  voltage = 2.098 V  angle = 211.7 deg
2026-05-16 15:42:13.895,ADC pin 15 raw = 2614  voltage = 2.107 V  angle = 212.7 deg
2026-05-16 15:42:13.905,ADC pin 15 raw = 2610  voltage = 2.103 V  angle = 212.3 deg
2026-05-16 15:42:13.915,ADC pin 15 raw = 2609  voltage = 2.102 V  angle = 212.2 deg
2026-05-16 15:42:13.926,ADC pin 15 raw = 2612  voltage = 2.105 V  angle = 212.5 deg
2026-05-16 15:42:13.935,ADC pin 15 raw = 2608  voltage = 2.102 V  angle = 212.1 deg
2026-05-16 15:42:13.945,ADC pin 15 raw = 2608  voltage = 2.102 V  angle = 212.1 deg
2026-05-16 15:42:13.955,ADC pin 15 raw = 2601  voltage = 2.096 V  angle = 211.4 deg
2026-05-16 15:42:13.965,ADC pin 15 raw = 2601  voltage = 2.096 V  angle = 211.4 deg
2026-05-16 15:42:13.975,ADC pin 15 raw = 2600  voltage = 2.095 V  angle = 211.3 deg
2026-05-16 15:42:13.985,ADC pin 15 raw = 2595  voltage = 2.091 V  angle = 210.8 deg
2026-05-16 15:42:13.995,ADC pin 15 raw = 2599  voltage = 2.094 V  angle = 211.2 deg
2026-05-16 15:42:14.005,ADC pin 15 raw = 2597  voltage = 2.093 V  angle = 211.0 deg
2026-05-16 15:42:14.015,ADC pin 15 raw = 2604  voltage = 2.098 V  angle = 211.7 deg
2026-05-16 15:42:14.025,ADC pin 15 raw = 2601  voltage = 2.096 V  angle = 211.4 deg
2026-05-16 15:42:14.035,ADC pin 15 raw = 2605  voltage = 2.099 V  angle = 211.8 deg
2026-05-16 15:42:14.045,ADC pin 15 raw = 2600  voltage = 2.095 V  angle = 211.3 deg
2026-05-16 15:42:14.055,ADC pin 15 raw = 2601  voltage = 2.096 V  angle = 211.4 deg
2026-05-16 15:42:14.065,ADC pin 15 raw = 2599  voltage = 2.094 V  angle = 211.2 deg
2026-05-16 15:42:14.075,ADC pin 15 raw = 2598  voltage = 2.094 V  angle = 211.1 deg
2026-05-16 15:42:14.086,ADC pin 15 raw = 2597  voltage = 2.093 V  angle = 211.0 deg
2026-05-16 15:42:14.095,ADC pin 15 raw = 2602  voltage = 2.097 V  angle = 211.5 deg
2026-05-16 15:42:14.105,ADC pin 15 raw = 2599  voltage = 2.094 V  angle = 211.2 deg
2026-05-16 15:42:14.115,ADC pin 15 raw = 2598  voltage = 2.094 V  angle = 211.1 deg
2026-05-16 15:42:14.125,ADC pin 15 raw = 2601  voltage = 2.096 V  angle = 211.4 deg
2026-05-16 15:42:14.135,ADC pin 15 raw = 2598  voltage = 2.094 V  angle = 211.1 deg
2026-05-16 15:42:14.145,ADC pin 15 raw = 2601  voltage = 2.096 V  angle = 211.4 deg
2026-05-16 15:42:14.155,ADC pin 15 raw = 2599  voltage = 2.094 V  angle = 211.2 deg
2026-05-16 15:42:14.165,ADC pin 15 raw = 2600  voltage = 2.095 V  angle = 211.3 deg
2026-05-16 15:42:14.175,ADC pin 15 raw = 2603  voltage = 2.098 V  angle = 211.6 deg
2026-05-16 15:42:14.185,ADC pin 15 raw = 2598  voltage = 2.094 V  angle = 211.1 deg
2026-05-16 15:42:14.195,ADC pin 15 raw = 2597  voltage = 2.093 V  angle = 211.0 deg
2026-05-16 15:42:14.205,ADC pin 15 raw = 2597  voltage = 2.093 V  angle = 211.0 deg
2026-05-16 15:42:14.215,ADC pin 15 raw = 2595  voltage = 2.091 V  angle = 210.8 deg
2026-05-16 15:42:14.225,ADC pin 15 raw = 2597  voltage = 2.093 V  angle = 211.0 deg
2026-05-16 15:42:14.235,ADC pin 15 raw = 2586  voltage = 2.084 V  angle = 209.9 deg
2026-05-16 15:42:14.245,ADC pin 15 raw = 2600  voltage = 2.095 V  angle = 211.3 deg
2026-05-16 15:42:14.255,ADC pin 15 raw = 2594  voltage = 2.090 V  angle = 210.7 deg
2026-05-16 15:42:14.265,ADC pin 15 raw = 2590  voltage = 2.087 V  angle = 210.3 deg
2026-05-16 15:42:14.275,ADC pin 15 raw = 2593  voltage = 2.090 V  angle = 210.6 deg
2026-05-16 15:42:14.286,ADC pin 15 raw = 2593  voltage = 2.090 V  angle = 210.6 deg
2026-05-16 15:42:14.296,ADC pin 15 raw = 2595  voltage = 2.091 V  angle = 210.8 deg
2026-05-16 15:42:14.305,ADC pin 15 raw = 2594  voltage = 2.090 V  angle = 210.7 deg
2026-05-16 15:42:14.316,ADC pin 15 raw = 2590  voltage = 2.087 V  angle = 210.3 deg
2026-05-16 15:42:14.325,ADC pin 15 raw = 2595  voltage = 2.091 V  angle = 210.8 deg
2026-05-16 15:42:14.336,ADC pin 15 raw = 2594  voltage = 2.090 V  angle = 210.7 deg
2026-05-16 15:42:14.345,ADC pin 15 raw = 2592  voltage = 2.089 V  angle = 210.5 deg
2026-05-16 15:42:14.355,ADC pin 15 raw = 2597  voltage = 2.093 V  angle = 211.0 deg
2026-05-16 15:42:14.365,ADC pin 15 raw = 2595  voltage = 2.091 V  angle = 210.8 deg
2026-05-16 15:42:14.375,ADC pin 15 raw = 2594  voltage = 2.090 V  angle = 210.7 deg
2026-05-16 15:42:14.385,ADC pin 15 raw = 2591  voltage = 2.088 V  angle = 210.4 deg
2026-05-16 15:42:14.395,ADC pin 15 raw = 2593  voltage = 2.090 V  angle = 210.6 deg
2026-05-16 15:42:14.405,ADC pin 15 raw = 2595  voltage = 2.091 V  angle = 210.8 deg
2026-05-16 15:42:14.415,ADC pin 15 raw = 2594  voltage = 2.090 V  angle = 210.7 deg
2026-05-16 15:42:14.425,ADC pin 15 raw = 2594  voltage = 2.090 V  angle = 210.7 deg
2026-05-16 15:42:14.435,ADC pin 15 raw = 2598  voltage = 2.094 V  angle = 211.1 deg
2026-05-16 15:42:14.445,ADC pin 15 raw = 2596  voltage = 2.092 V  angle = 210.9 deg
2026-05-16 15:42:14.455,ADC pin 15 raw = 2588  voltage = 2.086 V  angle = 210.1 deg
2026-05-16 15:42:14.465,ADC pin 15 raw = 2591  voltage = 2.088 V  angle = 210.4 deg
2026-05-16 15:42:14.475,ADC pin 15 raw = 2598  voltage = 2.094 V  angle = 211.1 deg
2026-05-16 15:42:14.485,ADC pin 15 raw = 2598  voltage = 2.094 V  angle = 211.1 deg
2026-05-16 15:42:14.495,ADC pin 15 raw = 2594  voltage = 2.090 V  angle = 210.7 deg
2026-05-16 15:42:14.505,ADC pin 15 raw = 2593  voltage = 2.090 V  angle = 210.6 deg
2026-05-16 15:42:14.515,ADC pin 15 raw = 2591  voltage = 2.088 V  angle = 210.4 deg
2026-05-16 15:42:14.525,ADC pin 15 raw = 2595  voltage = 2.091 V  angle = 210.8 deg
2026-05-16 15:42:14.535,ADC pin 15 raw = 2593  voltage = 2.090 V  angle = 210.6 deg
2026-05-16 15:42:14.545,ADC pin 15 raw = 2611  voltage = 2.104 V  angle = 212.4 deg
2026-05-16 15:42:14.555,ADC pin 15 raw = 2618  voltage = 2.110 V  angle = 213.1 deg
2026-05-16 15:42:14.565,ADC pin 15 raw = 2653  voltage = 2.138 V  angle = 216.6 deg
2026-05-16 15:42:14.575,ADC pin 15 raw = 2635  voltage = 2.123 V  angle = 214.8 deg
2026-05-16 15:42:14.585,ADC pin 15 raw = 2640  voltage = 2.127 V  angle = 215.3 deg
2026-05-16 15:42:14.595,ADC pin 15 raw = 2428  voltage = 1.957 V  angle = 194.2 deg
2026-05-16 15:42:14.605,ADC pin 15 raw = 2423  voltage = 1.953 V  angle = 193.7 deg
2026-05-16 15:42:14.615,ADC pin 15 raw = 2312  voltage = 1.863 V  angle = 182.7 deg
2026-05-16 15:42:14.625,ADC pin 15 raw = 2252  voltage = 1.815 V  angle = 178.6 deg
2026-05-16 15:42:14.636,ADC pin 15 raw = 2247  voltage = 1.811 V  angle = 178.4 deg
2026-05-16 15:42:14.645,ADC pin 15 raw = 2224  voltage = 1.792 V  angle = 177.5 deg
2026-05-16 15:42:14.655,ADC pin 15 raw = 2220  voltage = 1.789 V  angle = 177.3 deg
2026-05-16 15:42:14.665,ADC pin 15 raw = 2212  voltage = 1.783 V  angle = 177.0 deg
2026-05-16 15:42:14.675,ADC pin 15 raw = 2227  voltage = 1.795 V  angle = 177.6 deg
2026-05-16 15:42:14.685,ADC pin 15 raw = 2222  voltage = 1.791 V  angle = 177.4 deg
2026-05-16 15:42:14.696,ADC pin 15 raw = 2220  voltage = 1.789 V  angle = 177.3 deg
2026-05-16 15:42:14.705,ADC pin 15 raw = 2209  voltage = 1.780 V  angle = 176.9 deg
2026-05-16 15:42:14.715,ADC pin 15 raw = 2214  voltage = 1.784 V  angle = 177.1 deg
2026-05-16 15:42:14.726,ADC pin 15 raw = 2218  voltage = 1.787 V  angle = 177.3 deg
2026-05-16 15:42:14.735,ADC pin 15 raw = 2202  voltage = 1.775 V  angle = 176.6 deg
2026-05-16 15:42:14.746,ADC pin 15 raw = 2211  voltage = 1.782 V  angle = 177.0 deg
2026-05-16 15:42:14.755,ADC pin 15 raw = 2213  voltage = 1.783 V  angle = 177.0 deg
2026-05-16 15:42:14.766,ADC pin 15 raw = 2198  voltage = 1.771 V  angle = 176.4 deg
2026-05-16 15:42:14.776,ADC pin 15 raw = 2203  voltage = 1.775 V  angle = 176.6 deg
2026-05-16 15:42:14.785,ADC pin 15 raw = 2197  voltage = 1.770 V  angle = 176.4 deg
2026-05-16 15:42:14.795,ADC pin 15 raw = 2197  voltage = 1.770 V  angle = 176.4 deg
2026-05-16 15:42:14.805,ADC pin 15 raw = 2220  voltage = 1.789 V  angle = 177.3 deg
2026-05-16 15:42:14.815,ADC pin 15 raw = 2220  voltage = 1.789 V  angle = 177.3 deg
2026-05-16 15:42:14.825,ADC pin 15 raw = 2214  voltage = 1.784 V  angle = 177.1 deg
2026-05-16 15:42:14.835,ADC pin 15 raw = 2210  voltage = 1.781 V  angle = 176.9 deg
2026-05-16 15:42:14.846,ADC pin 15 raw = 2204  voltage = 1.776 V  angle = 176.7 deg
2026-05-16 15:42:14.855,ADC pin 15 raw = 2199  voltage = 1.772 V  angle = 176.5 deg
2026-05-16 15:42:14.865,ADC pin 15 raw = 2207  voltage = 1.779 V  angle = 176.8 deg
2026-05-16 15:42:14.875,ADC pin 15 raw = 2202  voltage = 1.775 V  angle = 176.6 deg
2026-05-16 15:42:14.885,ADC pin 15 raw = 2194  voltage = 1.768 V  angle = 176.3 deg
2026-05-16 15:42:14.896,ADC pin 15 raw = 2197  voltage = 1.770 V  angle = 176.4 deg
2026-05-16 15:42:14.905,ADC pin 15 raw = 2218  voltage = 1.787 V  angle = 177.3 deg
2026-05-16 15:42:14.916,ADC pin 15 raw = 2223  voltage = 1.791 V  angle = 177.5 deg
2026-05-16 15:42:14.926,ADC pin 15 raw = 2214  voltage = 1.784 V  angle = 177.1 deg
2026-05-16 15:42:14.936,ADC pin 15 raw = 2208  voltage = 1.779 V  angle = 176.8 deg
2026-05-16 15:42:14.946,ADC pin 15 raw = 2206  voltage = 1.778 V  angle = 176.8 deg
2026-05-16 15:42:14.955,ADC pin 15 raw = 2198  voltage = 1.771 V  angle = 176.4 deg
2026-05-16 15:42:14.965,ADC pin 15 raw = 2208  voltage = 1.779 V  angle = 176.8 deg
2026-05-16 15:42:14.975,ADC pin 15 raw = 2206  voltage = 1.778 V  angle = 176.8 deg
2026-05-16 15:42:14.985,ADC pin 15 raw = 2203  voltage = 1.775 V  angle = 176.6 deg
2026-05-16 15:42:14.996,ADC pin 15 raw = 2208  voltage = 1.779 V  angle = 176.8 deg
2026-05-16 15:42:15.005,ADC pin 15 raw = 2209  voltage = 1.780 V  angle = 176.9 deg
2026-05-16 15:42:15.016,ADC pin 15 raw = 2206  voltage = 1.778 V  angle = 176.8 deg
2026-05-16 15:42:15.025,ADC pin 15 raw = 2198  voltage = 1.771 V  angle = 176.4 deg
2026-05-16 15:42:15.036,ADC pin 15 raw = 2197  voltage = 1.770 V  angle = 176.4 deg
2026-05-16 15:42:15.046,ADC pin 15 raw = 2189  voltage = 1.764 V  angle = 176.1 deg
2026-05-16 15:42:15.055,ADC pin 15 raw = 2206  voltage = 1.778 V  angle = 176.8 deg
2026-05-16 15:42:15.066,ADC pin 15 raw = 2207  voltage = 1.779 V  angle = 176.8 deg
2026-05-16 15:42:15.075,ADC pin 15 raw = 2205  voltage = 1.777 V  angle = 176.7 deg
2026-05-16 15:42:15.085,ADC pin 15 raw = 2201  voltage = 1.774 V  angle = 176.6 deg
2026-05-16 15:42:15.096,ADC pin 15 raw = 2204  voltage = 1.776 V  angle = 176.7 deg
2026-05-16 15:42:15.105,ADC pin 15 raw = 2191  voltage = 1.766 V  angle = 176.1 deg
2026-05-16 15:42:15.115,ADC pin 15 raw = 2192  voltage = 1.766 V  angle = 176.2 deg
2026-05-16 15:42:15.125,ADC pin 15 raw = 2192  voltage = 1.766 V  angle = 176.2 deg
2026-05-16 15:42:15.136,ADC pin 15 raw = 2185  voltage = 1.761 V  angle = 175.9 deg
2026-05-16 15:42:15.146,ADC pin 15 raw = 2194  voltage = 1.768 V  angle = 176.3 deg
2026-05-16 15:42:15.155,ADC pin 15 raw = 2216  voltage = 1.786 V  angle = 177.2 deg
2026-05-16 15:42:15.165,ADC pin 15 raw = 2209  voltage = 1.780 V  angle = 176.9 deg
2026-05-16 15:42:15.175,ADC pin 15 raw = 2205  voltage = 1.777 V  angle = 176.7 deg
2026-05-16 15:42:15.185,ADC pin 15 raw = 2203  voltage = 1.775 V  angle = 176.6 deg
2026-05-16 15:42:15.195,ADC pin 15 raw = 2206  voltage = 1.778 V  angle = 176.8 deg
2026-05-16 15:42:15.205,ADC pin 15 raw = 2199  voltage = 1.772 V  angle = 176.5 deg
2026-05-16 15:42:15.217,ADC pin 15 raw = 2194  voltage = 1.768 V  angle = 176.3 deg
2026-05-16 15:42:15.227,ADC pin 15 raw = 2190  voltage = 1.765 V  angle = 176.1 deg
2026-05-16 15:42:15.235,ADC pin 15 raw = 2190  voltage = 1.765 V  angle = 176.1 deg
2026-05-16 15:42:15.245,ADC pin 15 raw = 2188  voltage = 1.763 V  angle = 176.0 deg
2026-05-16 15:42:15.255,ADC pin 15 raw = 2197  voltage = 1.770 V  angle = 176.4 deg
2026-05-16 15:42:15.268,ADC pin 15 raw = 2208  voltage = 1.779 V  angle = 176.8 deg
2026-05-16 15:42:15.275,ADC pin 15 raw = 2217  voltage = 1.787 V  angle = 177.2 deg
2026-05-16 15:42:15.286,ADC pin 15 raw = 2216  voltage = 1.786 V  angle = 177.2 deg
2026-05-16 15:42:15.296,ADC pin 15 raw = 2210  voltage = 1.781 V  angle = 176.9 deg
2026-05-16 15:42:15.307,ADC pin 15 raw = 2207  voltage = 1.779 V  angle = 176.8 deg
2026-05-16 15:42:15.315,ADC pin 15 raw = 2205  voltage = 1.777 V  angle = 176.7 deg
2026-05-16 15:42:15.325,ADC pin 15 raw = 2204  voltage = 1.776 V  angle = 176.7 deg
2026-05-16 15:42:15.335,ADC pin 15 raw = 2200  voltage = 1.773 V  angle = 176.5 deg
2026-05-16 15:42:15.345,ADC pin 15 raw = 2201  voltage = 1.774 V  angle = 176.6 deg
2026-05-16 15:42:15.355,ADC pin 15 raw = 2204  voltage = 1.776 V  angle = 176.7 deg
2026-05-16 15:42:15.365,ADC pin 15 raw = 2219  voltage = 1.788 V  angle = 177.3 deg
2026-05-16 15:42:15.375,ADC pin 15 raw = 2213  voltage = 1.783 V  angle = 177.0 deg
2026-05-16 15:42:15.385,ADC pin 15 raw = 2211  voltage = 1.782 V  angle = 177.0 deg
2026-05-16 15:42:15.395,ADC pin 15 raw = 2206  voltage = 1.778 V  angle = 176.8 deg
2026-05-16 15:42:15.405,ADC pin 15 raw = 2208  voltage = 1.779 V  angle = 176.8 deg
2026-05-16 15:42:15.415,ADC pin 15 raw = 2204  voltage = 1.776 V  angle = 176.7 deg
2026-05-16 15:42:15.425,ADC pin 15 raw = 2200  voltage = 1.773 V  angle = 176.5 deg
2026-05-16 15:42:15.435,ADC pin 15 raw = 2202  voltage = 1.775 V  angle = 176.6 deg
2026-05-16 15:42:15.445,ADC pin 15 raw = 2200  voltage = 1.773 V  angle = 176.5 deg
2026-05-16 15:42:15.455,ADC pin 15 raw = 2195  voltage = 1.769 V  angle = 176.3 deg
2026-05-16 15:42:15.466,ADC pin 15 raw = 2195  voltage = 1.769 V  angle = 176.3 deg
2026-05-16 15:42:15.475,ADC pin 15 raw = 2196  voltage = 1.770 V  angle = 176.4 deg
2026-05-16 15:42:15.486,ADC pin 15 raw = 2206  voltage = 1.778 V  angle = 176.8 deg
2026-05-16 15:42:15.496,ADC pin 15 raw = 2206  voltage = 1.778 V  angle = 176.8 deg
2026-05-16 15:42:15.505,ADC pin 15 raw = 2197  voltage = 1.770 V  angle = 176.4 deg
2026-05-16 15:42:15.516,ADC pin 15 raw = 2198  voltage = 1.771 V  angle = 176.4 deg
2026-05-16 15:42:15.526,ADC pin 15 raw = 2202  voltage = 1.775 V  angle = 176.6 deg
2026-05-16 15:42:15.536,ADC pin 15 raw = 2198  voltage = 1.771 V  angle = 176.4 deg
2026-05-16 15:42:15.546,ADC pin 15 raw = 2195  voltage = 1.769 V  angle = 176.3 deg
2026-05-16 15:42:15.555,ADC pin 15 raw = 2197  voltage = 1.770 V  angle = 176.4 deg
2026-05-16 15:42:15.566,ADC pin 15 raw = 2199  voltage = 1.772 V  angle = 176.5 deg
2026-05-16 15:42:15.576,ADC pin 15 raw = 2204  voltage = 1.776 V  angle = 176.7 deg
2026-05-16 15:42:15.586,ADC pin 15 raw = 2201  voltage = 1.774 V  angle = 176.6 deg
2026-05-16 15:42:15.596,ADC pin 15 raw = 2201  voltage = 1.774 V  angle = 176.6 deg
2026-05-16 15:42:15.606,ADC pin 15 raw = 2196  voltage = 1.770 V  angle = 176.4 deg
2026-05-16 15:42:15.617,ADC pin 15 raw = 2199  voltage = 1.772 V  angle = 176.5 deg
2026-05-16 15:42:15.626,ADC pin 15 raw = 2194  voltage = 1.768 V  angle = 176.3 deg
2026-05-16 15:42:15.635,ADC pin 15 raw = 2197  voltage = 1.770 V  angle = 176.4 deg
2026-05-16 15:42:15.646,ADC pin 15 raw = 2197  voltage = 1.770 V  angle = 176.4 deg
2026-05-16 15:42:15.656,ADC pin 15 raw = 2199  voltage = 1.772 V  angle = 176.5 deg
2026-05-16 15:42:15.665,ADC pin 15 raw = 2203  voltage = 1.775 V  angle = 176.6 deg
2026-05-16 15:42:15.676,ADC pin 15 raw = 2197  voltage = 1.770 V  angle = 176.4 deg
2026-05-16 15:42:15.686,ADC pin 15 raw = 2198  voltage = 1.771 V  angle = 176.4 deg
2026-05-16 15:42:15.696,ADC pin 15 raw = 2195  voltage = 1.769 V  angle = 176.3 deg
2026-05-16 15:42:15.706,ADC pin 15 raw = 2200  voltage = 1.773 V  angle = 176.5 deg
2026-05-16 15:42:15.716,ADC pin 15 raw = 2195  voltage = 1.769 V  angle = 176.3 deg
2026-05-16 15:42:15.728,ADC pin 15 raw = 2195  voltage = 1.769 V  angle = 176.3 deg
2026-05-16 15:42:15.735,ADC pin 15 raw = 2197  voltage = 1.770 V  angle = 176.4 deg
2026-05-16 15:42:15.746,ADC pin 15 raw = 2194  voltage = 1.768 V  angle = 176.3 deg
2026-05-16 15:42:15.756,ADC pin 15 raw = 2198  voltage = 1.771 V  angle = 176.4 deg
2026-05-16 15:42:15.766,ADC pin 15 raw = 2198  voltage = 1.771 V  angle = 176.4 deg
2026-05-16 15:42:15.776,ADC pin 15 raw = 2196  voltage = 1.770 V  angle = 176.4 deg
2026-05-16 15:42:15.786,ADC pin 15 raw = 2195  voltage = 1.769 V  angle = 176.3 deg
2026-05-16 15:42:15.796,ADC pin 15 raw = 2201  voltage = 1.774 V  angle = 176.6 deg
2026-05-16 15:42:15.805,ADC pin 15 raw = 2198  voltage = 1.771 V  angle = 176.4 deg
2026-05-16 15:42:15.816,ADC pin 15 raw = 2194  voltage = 1.768 V  angle = 176.3 deg
2026-05-16 15:42:15.825,ADC pin 15 raw = 2200  voltage = 1.773 V  angle = 176.5 deg
2026-05-16 15:42:15.835,ADC pin 15 raw = 2201  voltage = 1.774 V  angle = 176.6 deg
2026-05-16 15:42:15.846,ADC pin 15 raw = 2200  voltage = 1.773 V  angle = 176.5 deg
2026-05-16 15:42:15.855,ADC pin 15 raw = 2195  voltage = 1.769 V  angle = 176.3 deg
2026-05-16 15:42:15.866,ADC pin 15 raw = 2198  voltage = 1.771 V  angle = 176.4 deg
2026-05-16 15:42:15.876,ADC pin 15 raw = 2191  voltage = 1.766 V  angle = 176.1 deg
2026-05-16 15:42:15.886,ADC pin 15 raw = 2193  voltage = 1.767 V  angle = 176.2 deg
2026-05-16 15:42:15.896,ADC pin 15 raw = 2190  voltage = 1.765 V  angle = 176.1 deg
2026-05-16 15:42:15.905,ADC pin 15 raw = 2188  voltage = 1.763 V  angle = 176.0 deg
2026-05-16 15:42:15.916,ADC pin 15 raw = 2190  voltage = 1.765 V  angle = 176.1 deg
2026-05-16 15:42:15.926,ADC pin 15 raw = 2190  voltage = 1.765 V  angle = 176.1 deg
2026-05-16 15:42:15.936,ADC pin 15 raw = 2188  voltage = 1.763 V  angle = 176.0 deg
2026-05-16 15:42:15.946,ADC pin 15 raw = 2193  voltage = 1.767 V  angle = 176.2 deg
2026-05-16 15:42:15.955,ADC pin 15 raw = 2190  voltage = 1.765 V  angle = 176.1 deg
2026-05-16 15:42:15.966,ADC pin 15 raw = 2188  voltage = 1.763 V  angle = 176.0 deg
2026-05-16 15:42:15.975,ADC pin 15 raw = 2192  voltage = 1.766 V  angle = 176.2 deg
2026-05-16 15:42:15.986,ADC pin 15 raw = 2192  voltage = 1.766 V  angle = 176.2 deg
2026-05-16 15:42:15.996,ADC pin 15 raw = 2191  voltage = 1.766 V  angle = 176.1 deg
2026-05-16 15:42:16.005,ADC pin 15 raw = 2191  voltage = 1.766 V  angle = 176.1 deg
2026-05-16 15:42:16.016,ADC pin 15 raw = 2200  voltage = 1.773 V  angle = 176.5 deg
2026-05-16 15:42:16.025,ADC pin 15 raw = 2195  voltage = 1.769 V  angle = 176.3 deg
2026-05-16 15:42:16.036,ADC pin 15 raw = 2193  voltage = 1.767 V  angle = 176.2 deg
2026-05-16 15:42:16.046,ADC pin 15 raw = 2195  voltage = 1.769 V  angle = 176.3 deg
2026-05-16 15:42:16.055,ADC pin 15 raw = 2198  voltage = 1.771 V  angle = 176.4 deg
2026-05-16 15:42:16.066,ADC pin 15 raw = 2195  voltage = 1.769 V  angle = 176.3 deg
2026-05-16 15:42:16.076,ADC pin 15 raw = 2195  voltage = 1.769 V  angle = 176.3 deg
2026-05-16 15:42:16.086,ADC pin 15 raw = 2211  voltage = 1.782 V  angle = 177.0 deg
2026-05-16 15:42:16.096,ADC pin 15 raw = 2246  voltage = 1.810 V  angle = 178.4 deg
2026-05-16 15:42:16.106,ADC pin 15 raw = 2274  voltage = 1.833 V  angle = 179.5 deg
2026-05-16 15:42:16.116,ADC pin 15 raw = 2351  voltage = 1.895 V  angle = 186.6 deg
2026-05-16 15:42:16.125,ADC pin 15 raw = 2453  voltage = 1.977 V  angle = 196.7 deg
2026-05-16 15:42:16.136,ADC pin 15 raw = 2497  voltage = 2.012 V  angle = 201.1 deg
2026-05-16 15:42:16.146,ADC pin 15 raw = 2599  voltage = 2.094 V  angle = 211.2 deg
2026-05-16 15:42:16.155,ADC pin 15 raw = 2623  voltage = 2.114 V  angle = 213.6 deg
2026-05-16 15:42:16.166,ADC pin 15 raw = 2634  voltage = 2.123 V  angle = 214.7 deg
2026-05-16 15:42:16.175,ADC pin 15 raw = 2652  voltage = 2.137 V  angle = 216.5 deg
2026-05-16 15:42:16.186,ADC pin 15 raw = 2642  voltage = 2.129 V  angle = 215.5 deg
2026-05-16 15:42:16.196,ADC pin 15 raw = 2617  voltage = 2.109 V  angle = 213.0 deg
2026-05-16 15:42:16.205,ADC pin 15 raw = 2625  voltage = 2.115 V  angle = 213.8 deg
2026-05-16 15:42:16.216,ADC pin 15 raw = 2624  voltage = 2.115 V  angle = 213.7 deg
2026-05-16 15:42:16.226,ADC pin 15 raw = 2606  voltage = 2.100 V  angle = 211.9 deg
2026-05-16 15:42:16.236,ADC pin 15 raw = 2592  voltage = 2.089 V  angle = 210.5 deg
2026-05-16 15:42:16.246,ADC pin 15 raw = 2596  voltage = 2.092 V  angle = 210.9 deg
2026-05-16 15:42:16.255,ADC pin 15 raw = 2633  voltage = 2.122 V  angle = 214.6 deg
2026-05-16 15:42:16.265,ADC pin 15 raw = 2617  voltage = 2.109 V  angle = 213.0 deg
2026-05-16 15:42:16.275,ADC pin 15 raw = 2630  voltage = 2.119 V  angle = 214.3 deg
2026-05-16 15:42:16.286,ADC pin 15 raw = 2629  voltage = 2.119 V  angle = 214.2 deg
2026-05-16 15:42:16.296,ADC pin 15 raw = 2625  voltage = 2.115 V  angle = 213.8 deg
2026-05-16 15:42:16.305,ADC pin 15 raw = 2635  voltage = 2.123 V  angle = 214.8 deg
2026-05-16 15:42:16.315,ADC pin 15 raw = 2625  voltage = 2.115 V  angle = 213.8 deg
2026-05-16 15:42:16.325,ADC pin 15 raw = 2615  voltage = 2.107 V  angle = 212.8 deg
2026-05-16 15:42:16.335,ADC pin 15 raw = 2608  voltage = 2.102 V  angle = 212.1 deg
2026-05-16 15:42:16.346,ADC pin 15 raw = 2633  voltage = 2.122 V  angle = 214.6 deg
2026-05-16 15:42:16.356,ADC pin 15 raw = 2617  voltage = 2.109 V  angle = 213.0 deg
2026-05-16 15:42:16.366,ADC pin 15 raw = 2614  voltage = 2.107 V  angle = 212.7 deg
2026-05-16 15:42:16.376,ADC pin 15 raw = 2607  voltage = 2.101 V  angle = 212.0 deg
2026-05-16 15:42:16.386,ADC pin 15 raw = 2600  voltage = 2.095 V  angle = 211.3 deg
2026-05-16 15:42:16.396,ADC pin 15 raw = 2610  voltage = 2.103 V  angle = 212.3 deg
2026-05-16 15:42:16.406,ADC pin 15 raw = 2631  voltage = 2.120 V  angle = 214.4 deg
2026-05-16 15:42:16.415,ADC pin 15 raw = 2627  voltage = 2.117 V  angle = 214.0 deg
2026-05-16 15:42:16.426,ADC pin 15 raw = 2623  voltage = 2.114 V  angle = 213.6 deg
2026-05-16 15:42:16.436,ADC pin 15 raw = 2622  voltage = 2.113 V  angle = 213.5 deg
2026-05-16 15:42:16.446,ADC pin 15 raw = 2613  voltage = 2.106 V  angle = 212.6 deg
2026-05-16 15:42:16.456,ADC pin 15 raw = 2612  voltage = 2.105 V  angle = 212.5 deg
2026-05-16 15:42:16.465,ADC pin 15 raw = 2608  voltage = 2.102 V  angle = 212.1 deg
2026-05-16 15:42:16.476,ADC pin 15 raw = 2603  voltage = 2.098 V  angle = 211.6 deg
2026-05-16 15:42:16.486,ADC pin 15 raw = 2605  voltage = 2.099 V  angle = 211.8 deg
2026-05-16 15:42:16.496,ADC pin 15 raw = 2606  voltage = 2.100 V  angle = 211.9 deg
2026-05-16 15:42:16.506,ADC pin 15 raw = 2631  voltage = 2.120 V  angle = 214.4 deg
2026-05-16 15:42:16.515,ADC pin 15 raw = 2624  voltage = 2.115 V  angle = 213.7 deg
2026-05-16 15:42:16.526,ADC pin 15 raw = 2621  voltage = 2.112 V  angle = 213.4 deg
2026-05-16 15:42:16.536,ADC pin 15 raw = 2613  voltage = 2.106 V  angle = 212.6 deg
2026-05-16 15:42:16.546,ADC pin 15 raw = 2611  voltage = 2.104 V  angle = 212.4 deg
2026-05-16 15:42:16.555,ADC pin 15 raw = 2608  voltage = 2.102 V  angle = 212.1 deg
2026-05-16 15:42:16.570,ADC pin 15 raw = 2621  voltage = 2.112 V  angle = 213.4 deg
2026-05-16 15:42:16.575,ADC pin 15 raw = 2621  voltage = 2.112 V  angle = 213.4 deg
2026-05-16 15:42:16.585,ADC pin 15 raw = 2612  voltage = 2.105 V  angle = 212.5 deg
2026-05-16 15:42:16.595,ADC pin 15 raw = 2615  voltage = 2.107 V  angle = 212.8 deg
2026-05-16 15:42:16.605,ADC pin 15 raw = 2608  voltage = 2.102 V  angle = 212.1 deg
2026-05-16 15:42:16.616,ADC pin 15 raw = 2602  voltage = 2.097 V  angle = 211.5 deg
2026-05-16 15:42:16.626,ADC pin 15 raw = 2603  voltage = 2.098 V  angle = 211.6 deg
2026-05-16 15:42:16.636,ADC pin 15 raw = 2607  voltage = 2.101 V  angle = 212.0 deg
2026-05-16 15:42:16.646,ADC pin 15 raw = 2612  voltage = 2.105 V  angle = 212.5 deg
2026-05-16 15:42:16.655,ADC pin 15 raw = 2612  voltage = 2.105 V  angle = 212.5 deg
2026-05-16 15:42:16.665,ADC pin 15 raw = 2615  voltage = 2.107 V  angle = 212.8 deg
2026-05-16 15:42:16.676,ADC pin 15 raw = 2611  voltage = 2.104 V  angle = 212.4 deg
2026-05-16 15:42:16.686,ADC pin 15 raw = 2609  voltage = 2.102 V  angle = 212.2 deg
2026-05-16 15:42:16.696,ADC pin 15 raw = 2600  voltage = 2.095 V  angle = 211.3 deg
2026-05-16 15:42:16.705,ADC pin 15 raw = 2600  voltage = 2.095 V  angle = 211.3 deg
2026-05-16 15:42:16.716,ADC pin 15 raw = 2598  voltage = 2.094 V  angle = 211.1 deg
2026-05-16 15:42:16.726,ADC pin 15 raw = 2599  voltage = 2.094 V  angle = 211.2 deg
2026-05-16 15:42:16.736,ADC pin 15 raw = 2602  voltage = 2.097 V  angle = 211.5 deg
2026-05-16 15:42:16.746,ADC pin 15 raw = 2618  voltage = 2.110 V  angle = 213.1 deg
2026-05-16 15:42:16.756,ADC pin 15 raw = 2619  voltage = 2.111 V  angle = 213.2 deg
2026-05-16 15:42:16.766,ADC pin 15 raw = 2621  voltage = 2.112 V  angle = 213.4 deg
2026-05-16 15:42:16.776,ADC pin 15 raw = 2610  voltage = 2.103 V  angle = 212.3 deg
2026-05-16 15:42:16.786,ADC pin 15 raw = 2615  voltage = 2.107 V  angle = 212.8 deg
2026-05-16 15:42:16.796,ADC pin 15 raw = 2606  voltage = 2.100 V  angle = 211.9 deg
2026-05-16 15:42:16.805,ADC pin 15 raw = 2606  voltage = 2.100 V  angle = 211.9 deg
2026-05-16 15:42:16.816,ADC pin 15 raw = 2600  voltage = 2.095 V  angle = 211.3 deg
2026-05-16 15:42:16.825,ADC pin 15 raw = 2600  voltage = 2.095 V  angle = 211.3 deg
2026-05-16 15:42:16.836,ADC pin 15 raw = 2601  voltage = 2.096 V  angle = 211.4 deg
2026-05-16 15:42:16.846,ADC pin 15 raw = 2599  voltage = 2.094 V  angle = 211.2 deg
2026-05-16 15:42:16.855,ADC pin 15 raw = 2604  voltage = 2.098 V  angle = 211.7 deg
2026-05-16 15:42:16.866,ADC pin 15 raw = 2631  voltage = 2.120 V  angle = 214.4 deg
2026-05-16 15:42:16.876,ADC pin 15 raw = 2627  voltage = 2.117 V  angle = 214.0 deg
2026-05-16 15:42:16.886,ADC pin 15 raw = 2624  voltage = 2.115 V  angle = 213.7 deg
2026-05-16 15:42:16.896,ADC pin 15 raw = 2617  voltage = 2.109 V  angle = 213.0 deg
2026-05-16 15:42:16.906,ADC pin 15 raw = 2611  voltage = 2.104 V  angle = 212.4 deg
2026-05-16 15:42:16.921,ADC pin 15 raw = 2608  voltage = 2.102 V  angle = 212.1 deg
2026-05-16 15:42:16.925,ADC pin 15 raw = 2608  voltage = 2.102 V  angle = 212.1 deg
2026-05-16 15:42:16.935,ADC pin 15 raw = 2610  voltage = 2.103 V  angle = 212.3 deg
2026-05-16 15:42:16.945,ADC pin 15 raw = 2610  voltage = 2.103 V  angle = 212.3 deg
2026-05-16 15:42:16.955,ADC pin 15 raw = 2606  voltage = 2.100 V  angle = 211.9 deg
2026-05-16 15:42:16.966,ADC pin 15 raw = 2609  voltage = 2.102 V  angle = 212.2 deg
2026-05-16 15:42:16.977,ADC pin 15 raw = 2606  voltage = 2.100 V  angle = 211.9 deg
2026-05-16 15:42:16.993,ADC pin 15 raw = 2605  voltage = 2.099 V  angle = 211.8 deg
2026-05-16 15:42:16.998,ADC pin 15 raw = 2604  voltage = 2.098 V  angle = 211.7 deg
2026-05-16 15:42:17.006,ADC pin 15 raw = 2609  voltage = 2.102 V  angle = 212.2 deg
2026-05-16 15:42:17.015,ADC pin 15 raw = 2604  voltage = 2.098 V  angle = 211.7 deg
2026-05-16 15:42:17.025,ADC pin 15 raw = 2600  voltage = 2.095 V  angle = 211.3 deg
2026-05-16 15:42:17.035,ADC pin 15 raw = 2604  voltage = 2.098 V  angle = 211.7 deg
2026-05-16 15:42:17.045,ADC pin 15 raw = 2599  voltage = 2.094 V  angle = 211.2 deg
2026-05-16 15:42:17.055,ADC pin 15 raw = 2601  voltage = 2.096 V  angle = 211.4 deg
2026-05-16 15:42:17.065,ADC pin 15 raw = 2597  voltage = 2.093 V  angle = 211.0 deg
2026-05-16 15:42:17.075,ADC pin 15 raw = 2598  voltage = 2.094 V  angle = 211.1 deg
2026-05-16 15:42:17.085,ADC pin 15 raw = 2600  voltage = 2.095 V  angle = 211.3 deg
2026-05-16 15:42:17.095,ADC pin 15 raw = 2604  voltage = 2.098 V  angle = 211.7 deg
2026-05-16 15:42:17.105,ADC pin 15 raw = 2603  voltage = 2.098 V  angle = 211.6 deg
2026-05-16 15:42:17.115,ADC pin 15 raw = 2601  voltage = 2.096 V  angle = 211.4 deg
2026-05-16 15:42:17.125,ADC pin 15 raw = 2595  voltage = 2.091 V  angle = 210.8 deg
2026-05-16 15:42:17.135,ADC pin 15 raw = 2596  voltage = 2.092 V  angle = 210.9 deg
2026-05-16 15:42:17.145,ADC pin 15 raw = 2598  voltage = 2.094 V  angle = 211.1 deg
2026-05-16 15:42:17.155,ADC pin 15 raw = 2596  voltage = 2.092 V  angle = 210.9 deg
2026-05-16 15:42:17.165,ADC pin 15 raw = 2597  voltage = 2.093 V  angle = 211.0 deg
2026-05-16 15:42:17.175,ADC pin 15 raw = 2599  voltage = 2.094 V  angle = 211.2 deg
2026-05-16 15:42:17.185,ADC pin 15 raw = 2602  voltage = 2.097 V  angle = 211.5 deg
2026-05-16 15:42:17.195,ADC pin 15 raw = 2598  voltage = 2.094 V  angle = 211.1 deg
2026-05-16 15:42:17.205,ADC pin 15 raw = 2602  voltage = 2.097 V  angle = 211.5 deg
2026-05-16 15:42:17.215,ADC pin 15 raw = 2594  voltage = 2.090 V  angle = 210.7 deg
2026-05-16 15:42:17.225,ADC pin 15 raw = 2598  voltage = 2.094 V  angle = 211.1 deg
2026-05-16 15:42:17.235,ADC pin 15 raw = 2595  voltage = 2.091 V  angle = 210.8 deg
2026-05-16 15:42:17.245,ADC pin 15 raw = 2599  voltage = 2.094 V  angle = 211.2 deg
2026-05-16 15:42:17.255,ADC pin 15 raw = 2596  voltage = 2.092 V  angle = 210.9 deg
2026-05-16 15:42:17.265,ADC pin 15 raw = 2595  voltage = 2.091 V  angle = 210.8 deg
2026-05-16 15:42:17.275,ADC pin 15 raw = 2597  voltage = 2.093 V  angle = 211.0 deg
2026-05-16 15:42:17.285,ADC pin 15 raw = 2584  voltage = 2.082 V  angle = 209.7 deg
2026-05-16 15:42:17.295,ADC pin 15 raw = 2593  voltage = 2.090 V  angle = 210.6 deg
2026-05-16 15:42:17.305,ADC pin 15 raw = 2597  voltage = 2.093 V  angle = 211.0 deg
2026-05-16 15:42:17.315,ADC pin 15 raw = 2596  voltage = 2.092 V  angle = 210.9 deg
2026-05-16 15:42:17.325,ADC pin 15 raw = 2598  voltage = 2.094 V  angle = 211.1 deg
2026-05-16 15:42:17.335,ADC pin 15 raw = 2594  voltage = 2.090 V  angle = 210.7 deg
2026-05-16 15:42:17.345,ADC pin 15 raw = 2590  voltage = 2.087 V  angle = 210.3 deg
2026-05-16 15:42:17.355,ADC pin 15 raw = 2596  voltage = 2.092 V  angle = 210.9 deg
2026-05-16 15:42:17.366,ADC pin 15 raw = 2595  voltage = 2.091 V  angle = 210.8 deg
2026-05-16 15:42:17.375,ADC pin 15 raw = 2597  voltage = 2.093 V  angle = 211.0 deg
2026-05-16 15:42:17.386,ADC pin 15 raw = 2596  voltage = 2.092 V  angle = 210.9 deg
2026-05-16 15:42:17.396,ADC pin 15 raw = 2598  voltage = 2.094 V  angle = 211.1 deg
2026-05-16 15:42:17.405,ADC pin 15 raw = 2598  voltage = 2.094 V  angle = 211.1 deg
2026-05-16 15:42:17.415,ADC pin 15 raw = 2593  voltage = 2.090 V  angle = 210.6 deg
2026-05-16 15:42:17.425,ADC pin 15 raw = 2598  voltage = 2.094 V  angle = 211.1 deg
2026-05-16 15:42:17.436,ADC pin 15 raw = 2597  voltage = 2.093 V  angle = 211.0 deg
2026-05-16 15:42:17.446,ADC pin 15 raw = 2594  voltage = 2.090 V  angle = 210.7 deg
2026-05-16 15:42:17.456,ADC pin 15 raw = 2596  voltage = 2.092 V  angle = 210.9 deg
2026-05-16 15:42:17.466,ADC pin 15 raw = 2600  voltage = 2.095 V  angle = 211.3 deg
2026-05-16 15:42:17.476,ADC pin 15 raw = 2593  voltage = 2.090 V  angle = 210.6 deg
2026-05-16 15:42:17.485,ADC pin 15 raw = 2593  voltage = 2.090 V  angle = 210.6 deg
2026-05-16 15:42:17.496,ADC pin 15 raw = 2586  voltage = 2.084 V  angle = 209.9 deg
2026-05-16 15:42:17.506,ADC pin 15 raw = 2596  voltage = 2.092 V  angle = 210.9 deg
2026-05-16 15:42:17.516,ADC pin 15 raw = 2592  voltage = 2.089 V  angle = 210.5 deg
2026-05-16 15:42:17.525,ADC pin 15 raw = 2598  voltage = 2.094 V  angle = 211.1 deg
2026-05-16 15:42:17.535,ADC pin 15 raw = 2595  voltage = 2.091 V  angle = 210.8 deg
2026-05-16 15:42:17.545,ADC pin 15 raw = 2598  voltage = 2.094 V  angle = 211.1 deg
2026-05-16 15:42:17.555,ADC pin 15 raw = 2594  voltage = 2.090 V  angle = 210.7 deg
2026-05-16 15:42:17.565,ADC pin 15 raw = 2597  voltage = 2.093 V  angle = 211.0 deg
2026-05-16 15:42:17.575,ADC pin 15 raw = 2602  voltage = 2.097 V  angle = 211.5 deg
2026-05-16 15:42:17.585,ADC pin 15 raw = 2618  voltage = 2.110 V  angle = 213.1 deg
2026-05-16 15:42:17.595,ADC pin 15 raw = 2647  voltage = 2.133 V  angle = 216.0 deg
2026-05-16 15:42:17.605,ADC pin 15 raw = 2616  voltage = 2.108 V  angle = 212.9 deg
2026-05-16 15:42:17.615,ADC pin 15 raw = 2556  voltage = 2.060 V  angle = 207.0 deg
2026-05-16 15:42:17.625,ADC pin 15 raw = 2417  voltage = 1.948 V  angle = 193.1 deg
2026-05-16 15:42:17.635,ADC pin 15 raw = 2391  voltage = 1.927 V  angle = 190.5 deg
2026-05-16 15:42:17.646,ADC pin 15 raw = 2303  voltage = 1.856 V  angle = 181.8 deg
2026-05-16 15:42:17.655,ADC pin 15 raw = 2250  voltage = 1.813 V  angle = 178.6 deg
2026-05-16 15:42:17.666,ADC pin 15 raw = 2229  voltage = 1.796 V  angle = 177.7 deg
2026-05-16 15:42:17.676,ADC pin 15 raw = 2218  voltage = 1.787 V  angle = 177.3 deg
2026-05-16 15:42:17.686,ADC pin 15 raw = 2194  voltage = 1.768 V  angle = 176.3 deg
2026-05-16 15:42:17.696,ADC pin 15 raw = 2192  voltage = 1.766 V  angle = 176.2 deg
2026-05-16 15:42:17.706,ADC pin 15 raw = 2218  voltage = 1.787 V  angle = 177.3 deg
2026-05-16 15:42:17.716,ADC pin 15 raw = 2220  voltage = 1.789 V  angle = 177.3 deg
2026-05-16 15:42:17.726,ADC pin 15 raw = 2217  voltage = 1.787 V  angle = 177.2 deg
2026-05-16 15:42:17.735,ADC pin 15 raw = 2204  voltage = 1.776 V  angle = 176.7 deg
2026-05-16 15:42:17.746,ADC pin 15 raw = 2204  voltage = 1.776 V  angle = 176.7 deg
2026-05-16 15:42:17.755,ADC pin 15 raw = 2203  voltage = 1.775 V  angle = 176.6 deg
2026-05-16 15:42:17.765,ADC pin 15 raw = 2200  voltage = 1.773 V  angle = 176.5 deg
2026-05-16 15:42:17.776,ADC pin 15 raw = 2203  voltage = 1.775 V  angle = 176.6 deg
2026-05-16 15:42:17.786,ADC pin 15 raw = 2213  voltage = 1.783 V  angle = 177.0 deg
2026-05-16 15:42:17.796,ADC pin 15 raw = 2203  voltage = 1.775 V  angle = 176.6 deg
2026-05-16 15:42:17.805,ADC pin 15 raw = 2193  voltage = 1.767 V  angle = 176.2 deg
2026-05-16 15:42:17.815,ADC pin 15 raw = 2183  voltage = 1.759 V  angle = 175.8 deg
2026-05-16 15:42:17.826,ADC pin 15 raw = 2176  voltage = 1.754 V  angle = 175.5 deg
2026-05-16 15:42:17.836,ADC pin 15 raw = 2174  voltage = 1.752 V  angle = 175.5 deg
2026-05-16 15:42:17.846,ADC pin 15 raw = 2201  voltage = 1.774 V  angle = 176.6 deg
2026-05-16 15:42:17.855,ADC pin 15 raw = 2210  voltage = 1.781 V  angle = 176.9 deg
2026-05-16 15:42:17.865,ADC pin 15 raw = 2210  voltage = 1.781 V  angle = 176.9 deg
2026-05-16 15:42:17.875,ADC pin 15 raw = 2202  voltage = 1.775 V  angle = 176.6 deg
2026-05-16 15:42:17.885,ADC pin 15 raw = 2194  voltage = 1.768 V  angle = 176.3 deg
2026-05-16 15:42:17.895,ADC pin 15 raw = 2193  voltage = 1.767 V  angle = 176.2 deg
2026-05-16 15:42:17.905,ADC pin 15 raw = 2187  voltage = 1.762 V  angle = 176.0 deg
2026-05-16 15:42:17.916,ADC pin 15 raw = 2188  voltage = 1.763 V  angle = 176.0 deg
2026-05-16 15:42:17.925,ADC pin 15 raw = 2185  voltage = 1.761 V  angle = 175.9 deg
2026-05-16 15:42:17.935,ADC pin 15 raw = 2194  voltage = 1.768 V  angle = 176.3 deg
2026-05-16 15:42:17.945,ADC pin 15 raw = 2212  voltage = 1.783 V  angle = 177.0 deg
2026-05-16 15:42:17.955,ADC pin 15 raw = 2204  voltage = 1.776 V  angle = 176.7 deg
2026-05-16 15:42:17.965,ADC pin 15 raw = 2215  voltage = 1.785 V  angle = 177.1 deg
2026-05-16 15:42:17.975,ADC pin 15 raw = 2215  voltage = 1.785 V  angle = 177.1 deg
2026-05-16 15:42:17.985,ADC pin 15 raw = 2203  voltage = 1.775 V  angle = 176.6 deg
2026-05-16 15:42:17.995,ADC pin 15 raw = 2204  voltage = 1.776 V  angle = 176.7 deg
2026-05-16 15:42:18.005,ADC pin 15 raw = 2200  voltage = 1.773 V  angle = 176.5 deg
2026-05-16 15:42:18.015,ADC pin 15 raw = 2209  voltage = 1.780 V  angle = 176.9 deg
2026-05-16 15:42:18.025,ADC pin 15 raw = 2198  voltage = 1.771 V  angle = 176.4 deg
2026-05-16 15:42:18.035,ADC pin 15 raw = 2196  voltage = 1.770 V  angle = 176.4 deg
2026-05-16 15:42:18.045,ADC pin 15 raw = 2195  voltage = 1.769 V  angle = 176.3 deg
2026-05-16 15:42:18.055,ADC pin 15 raw = 2189  voltage = 1.764 V  angle = 176.1 deg
2026-05-16 15:42:18.065,ADC pin 15 raw = 2188  voltage = 1.763 V  angle = 176.0 deg
2026-05-16 15:42:18.075,ADC pin 15 raw = 2192  voltage = 1.766 V  angle = 176.2 deg
2026-05-16 15:42:18.085,ADC pin 15 raw = 2192  voltage = 1.766 V  angle = 176.2 deg
2026-05-16 15:42:18.095,ADC pin 15 raw = 2190  voltage = 1.765 V  angle = 176.1 deg
2026-05-16 15:42:18.105,ADC pin 15 raw = 2180  voltage = 1.757 V  angle = 175.7 deg
2026-05-16 15:42:18.115,ADC pin 15 raw = 2189  voltage = 1.764 V  angle = 176.1 deg
2026-05-16 15:42:18.125,ADC pin 15 raw = 2191  voltage = 1.766 V  angle = 176.1 deg
2026-05-16 15:42:18.135,ADC pin 15 raw = 2185  voltage = 1.761 V  angle = 175.9 deg
2026-05-16 15:42:18.145,ADC pin 15 raw = 2187  voltage = 1.762 V  angle = 176.0 deg
2026-05-16 15:42:18.155,ADC pin 15 raw = 2183  voltage = 1.759 V  angle = 175.8 deg
2026-05-16 15:42:18.165,ADC pin 15 raw = 2185  voltage = 1.761 V  angle = 175.9 deg
2026-05-16 15:42:18.175,ADC pin 15 raw = 2182  voltage = 1.758 V  angle = 175.8 deg
2026-05-16 15:42:18.185,ADC pin 15 raw = 2189  voltage = 1.764 V  angle = 176.1 deg
2026-05-16 15:42:18.195,ADC pin 15 raw = 2193  voltage = 1.767 V  angle = 176.2 deg
2026-05-16 15:42:18.205,ADC pin 15 raw = 2191  voltage = 1.766 V  angle = 176.1 deg
2026-05-16 15:42:18.215,ADC pin 15 raw = 2188  voltage = 1.763 V  angle = 176.0 deg
2026-05-16 15:42:18.225,ADC pin 15 raw = 2190  voltage = 1.765 V  angle = 176.1 deg
2026-05-16 15:42:18.235,ADC pin 15 raw = 2182  voltage = 1.758 V  angle = 175.8 deg
2026-05-16 15:42:18.245,ADC pin 15 raw = 2184  voltage = 1.760 V  angle = 175.9 deg
2026-05-16 15:42:18.255,ADC pin 15 raw = 2184  voltage = 1.760 V  angle = 175.9 deg
2026-05-16 15:42:18.265,ADC pin 15 raw = 2182  voltage = 1.758 V  angle = 175.8 deg
2026-05-16 15:42:18.275,ADC pin 15 raw = 2178  voltage = 1.755 V  angle = 175.6 deg
2026-05-16 15:42:18.285,ADC pin 15 raw = 2183  voltage = 1.759 V  angle = 175.8 deg
2026-05-16 15:42:18.295,ADC pin 15 raw = 2189  voltage = 1.764 V  angle = 176.1 deg
2026-05-16 15:42:18.305,ADC pin 15 raw = 2201  voltage = 1.774 V  angle = 176.6 deg
2026-05-16 15:42:18.315,ADC pin 15 raw = 2205  voltage = 1.777 V  angle = 176.7 deg
2026-05-16 15:42:18.325,ADC pin 15 raw = 2201  voltage = 1.774 V  angle = 176.6 deg
2026-05-16 15:42:18.335,ADC pin 15 raw = 2200  voltage = 1.773 V  angle = 176.5 deg
2026-05-16 15:42:18.346,ADC pin 15 raw = 2195  voltage = 1.769 V  angle = 176.3 deg
2026-05-16 15:42:18.355,ADC pin 15 raw = 2202  voltage = 1.775 V  angle = 176.6 deg
2026-05-16 15:42:18.365,ADC pin 15 raw = 2198  voltage = 1.771 V  angle = 176.4 deg
2026-05-16 15:42:18.375,ADC pin 15 raw = 2199  voltage = 1.772 V  angle = 176.5 deg
2026-05-16 15:42:18.385,ADC pin 15 raw = 2197  voltage = 1.770 V  angle = 176.4 deg
2026-05-16 15:42:18.396,ADC pin 15 raw = 2203  voltage = 1.775 V  angle = 176.6 deg
2026-05-16 15:42:18.405,ADC pin 15 raw = 2209  voltage = 1.780 V  angle = 176.9 deg
2026-05-16 15:42:18.416,ADC pin 15 raw = 2210  voltage = 1.781 V  angle = 176.9 deg
2026-05-16 15:42:18.426,ADC pin 15 raw = 2212  voltage = 1.783 V  angle = 177.0 deg
2026-05-16 15:42:18.436,ADC pin 15 raw = 2216  voltage = 1.786 V  angle = 177.2 deg
2026-05-16 15:42:18.446,ADC pin 15 raw = 2213  voltage = 1.783 V  angle = 177.0 deg
2026-05-16 15:42:18.455,ADC pin 15 raw = 2206  voltage = 1.778 V  angle = 176.8 deg
2026-05-16 15:42:18.466,ADC pin 15 raw = 2208  voltage = 1.779 V  angle = 176.8 deg
2026-05-16 15:42:18.475,ADC pin 15 raw = 2206  voltage = 1.778 V  angle = 176.8 deg
2026-05-16 15:42:18.486,ADC pin 15 raw = 2207  voltage = 1.779 V  angle = 176.8 deg
2026-05-16 15:42:18.496,ADC pin 15 raw = 2206  voltage = 1.778 V  angle = 176.8 deg
2026-05-16 15:42:18.505,ADC pin 15 raw = 2219  voltage = 1.788 V  angle = 177.3 deg
2026-05-16 15:42:18.516,ADC pin 15 raw = 2216  voltage = 1.786 V  angle = 177.2 deg
2026-05-16 15:42:18.526,ADC pin 15 raw = 2214  voltage = 1.784 V  angle = 177.1 deg
2026-05-16 15:42:18.536,ADC pin 15 raw = 2209  voltage = 1.780 V  angle = 176.9 deg
2026-05-16 15:42:18.546,ADC pin 15 raw = 2211  voltage = 1.782 V  angle = 177.0 deg
2026-05-16 15:42:18.556,ADC pin 15 raw = 2202  voltage = 1.775 V  angle = 176.6 deg
2026-05-16 15:42:18.566,ADC pin 15 raw = 2196  voltage = 1.770 V  angle = 176.4 deg
2026-05-16 15:42:18.582,ADC pin 15 raw = 2203  voltage = 1.775 V  angle = 176.6 deg
2026-05-16 15:42:18.585,ADC pin 15 raw = 2203  voltage = 1.775 V  angle = 176.6 deg
2026-05-16 15:42:18.595,ADC pin 15 raw = 2199  voltage = 1.772 V  angle = 176.5 deg
2026-05-16 15:42:18.605,ADC pin 15 raw = 2198  voltage = 1.771 V  angle = 176.4 deg
2026-05-16 15:42:18.615,ADC pin 15 raw = 2199  voltage = 1.772 V  angle = 176.5 deg
2026-05-16 15:42:18.625,ADC pin 15 raw = 2195  voltage = 1.769 V  angle = 176.3 deg
2026-05-16 15:42:18.635,ADC pin 15 raw = 2198  voltage = 1.771 V  angle = 176.4 deg
2026-05-16 15:42:18.645,ADC pin 15 raw = 2198  voltage = 1.771 V  angle = 176.4 deg
2026-05-16 15:42:18.655,ADC pin 15 raw = 2195  voltage = 1.769 V  angle = 176.3 deg
2026-05-16 15:42:18.665,ADC pin 15 raw = 2194  voltage = 1.768 V  angle = 176.3 deg
2026-05-16 15:42:18.675,ADC pin 15 raw = 2197  voltage = 1.770 V  angle = 176.4 deg
2026-05-16 15:42:18.685,ADC pin 15 raw = 2200  voltage = 1.773 V  angle = 176.5 deg
2026-05-16 15:42:18.696,ADC pin 15 raw = 2199  voltage = 1.772 V  angle = 176.5 deg
2026-05-16 15:42:18.705,ADC pin 15 raw = 2205  voltage = 1.777 V  angle = 176.7 deg
2026-05-16 15:42:18.716,ADC pin 15 raw = 2199  voltage = 1.772 V  angle = 176.5 deg
2026-05-16 15:42:18.725,ADC pin 15 raw = 2201  voltage = 1.774 V  angle = 176.6 deg
2026-05-16 15:42:18.736,ADC pin 15 raw = 2198  voltage = 1.771 V  angle = 176.4 deg
2026-05-16 15:42:18.745,ADC pin 15 raw = 2200  voltage = 1.773 V  angle = 176.5 deg
2026-05-16 15:42:18.756,ADC pin 15 raw = 2199  voltage = 1.772 V  angle = 176.5 deg
2026-05-16 15:42:18.766,ADC pin 15 raw = 2205  voltage = 1.777 V  angle = 176.7 deg
2026-05-16 15:42:18.776,ADC pin 15 raw = 2201  voltage = 1.774 V  angle = 176.6 deg
2026-05-16 15:42:18.786,ADC pin 15 raw = 2202  voltage = 1.775 V  angle = 176.6 deg
2026-05-16 15:42:18.795,ADC pin 15 raw = 2195  voltage = 1.769 V  angle = 176.3 deg
2026-05-16 15:42:18.805,ADC pin 15 raw = 2201  voltage = 1.774 V  angle = 176.6 deg
2026-05-16 15:42:18.816,ADC pin 15 raw = 2198  voltage = 1.771 V  angle = 176.4 deg
2026-05-16 15:42:18.826,ADC pin 15 raw = 2202  voltage = 1.775 V  angle = 176.6 deg
2026-05-16 15:42:18.836,ADC pin 15 raw = 2203  voltage = 1.775 V  angle = 176.6 deg
2026-05-16 15:42:18.846,ADC pin 15 raw = 2201  voltage = 1.774 V  angle = 176.6 deg
2026-05-16 15:42:18.855,ADC pin 15 raw = 2202  voltage = 1.775 V  angle = 176.6 deg
2026-05-16 15:42:18.866,ADC pin 15 raw = 2200  voltage = 1.773 V  angle = 176.5 deg
2026-05-16 15:42:18.876,ADC pin 15 raw = 2201  voltage = 1.774 V  angle = 176.6 deg
2026-05-16 15:42:18.886,ADC pin 15 raw = 2200  voltage = 1.773 V  angle = 176.5 deg
2026-05-16 15:42:18.896,ADC pin 15 raw = 2197  voltage = 1.770 V  angle = 176.4 deg
2026-05-16 15:42:18.905,ADC pin 15 raw = 2198  voltage = 1.771 V  angle = 176.4 deg
2026-05-16 15:42:18.916,ADC pin 15 raw = 2200  voltage = 1.773 V  angle = 176.5 deg
2026-05-16 15:42:18.925,ADC pin 15 raw = 2198  voltage = 1.771 V  angle = 176.4 deg
2026-05-16 15:42:18.936,ADC pin 15 raw = 2201  voltage = 1.774 V  angle = 176.6 deg
2026-05-16 15:42:18.946,ADC pin 15 raw = 2199  voltage = 1.772 V  angle = 176.5 deg
2026-05-16 15:42:18.956,ADC pin 15 raw = 2199  voltage = 1.772 V  angle = 176.5 deg
2026-05-16 15:42:18.966,ADC pin 15 raw = 2202  voltage = 1.775 V  angle = 176.6 deg
2026-05-16 15:42:18.976,ADC pin 15 raw = 2201  voltage = 1.774 V  angle = 176.6 deg
2026-05-16 15:42:18.986,ADC pin 15 raw = 2212  voltage = 1.783 V  angle = 177.0 deg
2026-05-16 15:42:18.996,ADC pin 15 raw = 2223  voltage = 1.791 V  angle = 177.5 deg
2026-05-16 15:42:19.006,ADC pin 15 raw = 2259  voltage = 1.820 V  angle = 178.9 deg
2026-05-16 15:42:19.016,ADC pin 15 raw = 2280  voltage = 1.837 V  angle = 179.8 deg
2026-05-16 15:42:19.026,ADC pin 15 raw = 2328  voltage = 1.876 V  angle = 184.3 deg
2026-05-16 15:42:19.036,ADC pin 15 raw = 2396  voltage = 1.931 V  angle = 191.0 deg
2026-05-16 15:42:19.046,ADC pin 15 raw = 2392  voltage = 1.928 V  angle = 190.6 deg
2026-05-16 15:42:19.056,ADC pin 15 raw = 2419  voltage = 1.949 V  angle = 193.3 deg
2026-05-16 15:42:19.065,ADC pin 15 raw = 2415  voltage = 1.946 V  angle = 192.9 deg
2026-05-16 15:42:19.076,ADC pin 15 raw = 2411  voltage = 1.943 V  angle = 192.5 deg
2026-05-16 15:42:19.086,ADC pin 15 raw = 2409  voltage = 1.941 V  angle = 192.3 deg
2026-05-16 15:42:19.096,ADC pin 15 raw = 2412  voltage = 1.944 V  angle = 192.6 deg
2026-05-16 15:42:19.106,ADC pin 15 raw = 2411  voltage = 1.943 V  angle = 192.5 deg
2026-05-16 15:42:19.117,ADC pin 15 raw = 2402  voltage = 1.936 V  angle = 191.6 deg
2026-05-16 15:42:19.126,ADC pin 15 raw = 2402  voltage = 1.936 V  angle = 191.6 deg
2026-05-16 15:42:19.136,ADC pin 15 raw = 2401  voltage = 1.935 V  angle = 191.5 deg
2026-05-16 15:42:19.146,ADC pin 15 raw = 2391  voltage = 1.927 V  angle = 190.5 deg
2026-05-16 15:42:19.156,ADC pin 15 raw = 2387  voltage = 1.924 V  angle = 190.1 deg
2026-05-16 15:42:19.166,ADC pin 15 raw = 2385  voltage = 1.922 V  angle = 189.9 deg
2026-05-16 15:42:19.176,ADC pin 15 raw = 2388  voltage = 1.924 V  angle = 190.2 deg
2026-05-16 15:42:19.185,ADC pin 15 raw = 2411  voltage = 1.943 V  angle = 192.5 deg
2026-05-16 15:42:19.196,ADC pin 15 raw = 2416  voltage = 1.947 V  angle = 193.0 deg
2026-05-16 15:42:19.206,ADC pin 15 raw = 2417  voltage = 1.948 V  angle = 193.1 deg
2026-05-16 15:42:19.215,ADC pin 15 raw = 2425  voltage = 1.954 V  angle = 193.9 deg
2026-05-16 15:42:19.226,ADC pin 15 raw = 2421  voltage = 1.951 V  angle = 193.5 deg
2026-05-16 15:42:19.236,ADC pin 15 raw = 2417  voltage = 1.948 V  angle = 193.1 deg
2026-05-16 15:42:19.246,ADC pin 15 raw = 2412  voltage = 1.944 V  angle = 192.6 deg
2026-05-16 15:42:19.255,ADC pin 15 raw = 2404  voltage = 1.937 V  angle = 191.8 deg
2026-05-16 15:42:19.266,ADC pin 15 raw = 2407  voltage = 1.940 V  angle = 192.1 deg
2026-05-16 15:42:19.276,ADC pin 15 raw = 2407  voltage = 1.940 V  angle = 192.1 deg
2026-05-16 15:42:19.285,ADC pin 15 raw = 2409  voltage = 1.941 V  angle = 192.3 deg
2026-05-16 15:42:19.296,ADC pin 15 raw = 2399  voltage = 1.933 V  angle = 191.3 deg
2026-05-16 15:42:19.305,ADC pin 15 raw = 2392  voltage = 1.928 V  angle = 190.6 deg
2026-05-16 15:42:19.319,ADC pin 15 raw = 2405  voltage = 1.938 V  angle = 191.9 deg
2026-05-16 15:42:19.326,ADC pin 15 raw = 2413  voltage = 1.945 V  angle = 192.7 deg
2026-05-16 15:42:19.335,ADC pin 15 raw = 2403  voltage = 1.936 V  angle = 191.7 deg
2026-05-16 15:42:19.347,ADC pin 15 raw = 2415  voltage = 1.946 V  angle = 192.9 deg
2026-05-16 15:42:19.355,ADC pin 15 raw = 2406  voltage = 1.939 V  angle = 192.0 deg
2026-05-16 15:42:19.366,ADC pin 15 raw = 2401  voltage = 1.935 V  angle = 191.5 deg
2026-05-16 15:42:19.376,ADC pin 15 raw = 2399  voltage = 1.933 V  angle = 191.3 deg
2026-05-16 15:42:19.385,ADC pin 15 raw = 2410  voltage = 1.942 V  angle = 192.4 deg
2026-05-16 15:42:19.395,ADC pin 15 raw = 2410  voltage = 1.942 V  angle = 192.4 deg
2026-05-16 15:42:19.405,ADC pin 15 raw = 2411  voltage = 1.943 V  angle = 192.5 deg
2026-05-16 15:42:19.415,ADC pin 15 raw = 2407  voltage = 1.940 V  angle = 192.1 deg
2026-05-16 15:42:19.425,ADC pin 15 raw = 2404  voltage = 1.937 V  angle = 191.8 deg
2026-05-16 15:42:19.435,ADC pin 15 raw = 2402  voltage = 1.936 V  angle = 191.6 deg
2026-05-16 15:42:19.445,ADC pin 15 raw = 2397  voltage = 1.932 V  angle = 191.1 deg
2026-05-16 15:42:19.455,ADC pin 15 raw = 2394  voltage = 1.929 V  angle = 190.8 deg
2026-05-16 15:42:19.465,ADC pin 15 raw = 2399  voltage = 1.933 V  angle = 191.3 deg
2026-05-16 15:42:19.475,ADC pin 15 raw = 2394  voltage = 1.929 V  angle = 190.8 deg
2026-05-16 15:42:19.487,ADC pin 15 raw = 2413  voltage = 1.945 V  angle = 192.7 deg
2026-05-16 15:42:19.495,ADC pin 15 raw = 2417  voltage = 1.948 V  angle = 193.1 deg
2026-05-16 15:42:19.505,ADC pin 15 raw = 2417  voltage = 1.948 V  angle = 193.1 deg
2026-05-16 15:42:19.517,ADC pin 15 raw = 2413  voltage = 1.945 V  angle = 192.7 deg
2026-05-16 15:42:19.525,ADC pin 15 raw = 2408  voltage = 1.941 V  angle = 192.2 deg
2026-05-16 15:42:19.535,ADC pin 15 raw = 2408  voltage = 1.941 V  angle = 192.2 deg
2026-05-16 15:42:19.545,ADC pin 15 raw = 2402  voltage = 1.936 V  angle = 191.6 deg
2026-05-16 15:42:19.555,ADC pin 15 raw = 2399  voltage = 1.933 V  angle = 191.3 deg
2026-05-16 15:42:19.565,ADC pin 15 raw = 2413  voltage = 1.945 V  angle = 192.7 deg
2026-05-16 15:42:19.575,ADC pin 15 raw = 2407  voltage = 1.940 V  angle = 192.1 deg
2026-05-16 15:42:19.585,ADC pin 15 raw = 2410  voltage = 1.942 V  angle = 192.4 deg
2026-05-16 15:42:19.595,ADC pin 15 raw = 2408  voltage = 1.941 V  angle = 192.2 deg
2026-05-16 15:42:19.605,ADC pin 15 raw = 2402  voltage = 1.936 V  angle = 191.6 deg
2026-05-16 15:42:19.616,ADC pin 15 raw = 2400  voltage = 1.934 V  angle = 191.4 deg
2026-05-16 15:42:19.625,ADC pin 15 raw = 2403  voltage = 1.936 V  angle = 191.7 deg
2026-05-16 15:42:19.635,ADC pin 15 raw = 2413  voltage = 1.945 V  angle = 192.7 deg
2026-05-16 15:42:19.645,ADC pin 15 raw = 2405  voltage = 1.938 V  angle = 191.9 deg
2026-05-16 15:42:19.655,ADC pin 15 raw = 2398  voltage = 1.932 V  angle = 191.2 deg
2026-05-16 15:42:19.665,ADC pin 15 raw = 2395  voltage = 1.930 V  angle = 190.9 deg
2026-05-16 15:42:19.675,ADC pin 15 raw = 2396  voltage = 1.931 V  angle = 191.0 deg
2026-05-16 15:42:19.685,ADC pin 15 raw = 2403  voltage = 1.936 V  angle = 191.7 deg
2026-05-16 15:42:19.695,ADC pin 15 raw = 2409  voltage = 1.941 V  angle = 192.3 deg
2026-05-16 15:42:19.706,ADC pin 15 raw = 2410  voltage = 1.942 V  angle = 192.4 deg
2026-05-16 15:42:19.716,ADC pin 15 raw = 2403  voltage = 1.936 V  angle = 191.7 deg
2026-05-16 15:42:19.725,ADC pin 15 raw = 2399  voltage = 1.933 V  angle = 191.3 deg
2026-05-16 15:42:19.735,ADC pin 15 raw = 2396  voltage = 1.931 V  angle = 191.0 deg
2026-05-16 15:42:19.748,ADC pin 15 raw = 2395  voltage = 1.930 V  angle = 190.9 deg
2026-05-16 15:42:19.755,ADC pin 15 raw = 2396  voltage = 1.931 V  angle = 191.0 deg
2026-05-16 15:42:19.765,ADC pin 15 raw = 2395  voltage = 1.930 V  angle = 190.9 deg
2026-05-16 15:42:19.775,ADC pin 15 raw = 2395  voltage = 1.930 V  angle = 190.9 deg
2026-05-16 15:42:19.786,ADC pin 15 raw = 2392  voltage = 1.928 V  angle = 190.6 deg
2026-05-16 15:42:19.795,ADC pin 15 raw = 2400  voltage = 1.934 V  angle = 191.4 deg
2026-05-16 15:42:19.805,ADC pin 15 raw = 2403  voltage = 1.936 V  angle = 191.7 deg
2026-05-16 15:42:19.819,ADC pin 15 raw = 2398  voltage = 1.932 V  angle = 191.2 deg
2026-05-16 15:42:19.825,ADC pin 15 raw = 2396  voltage = 1.931 V  angle = 191.0 deg
2026-05-16 15:42:19.836,ADC pin 15 raw = 2391  voltage = 1.927 V  angle = 190.5 deg
2026-05-16 15:42:19.846,ADC pin 15 raw = 2391  voltage = 1.927 V  angle = 190.5 deg
2026-05-16 15:42:19.855,ADC pin 15 raw = 2394  voltage = 1.929 V  angle = 190.8 deg
2026-05-16 15:42:19.866,ADC pin 15 raw = 2393  voltage = 1.928 V  angle = 190.7 deg
2026-05-16 15:42:19.875,ADC pin 15 raw = 2392  voltage = 1.928 V  angle = 190.6 deg
2026-05-16 15:42:19.885,ADC pin 15 raw = 2397  voltage = 1.932 V  angle = 191.1 deg
2026-05-16 15:42:19.895,ADC pin 15 raw = 2391  voltage = 1.927 V  angle = 190.5 deg
2026-05-16 15:42:19.914,ADC pin 15 raw = 2392  voltage = 1.928 V  angle = 190.6 deg
2026-05-16 15:42:19.917,ADC pin 15 raw = 2395  voltage = 1.930 V  angle = 190.9 deg
2026-05-16 15:42:19.925,ADC pin 15 raw = 2393  voltage = 1.928 V  angle = 190.7 deg
2026-05-16 15:42:19.935,ADC pin 15 raw = 2391  voltage = 1.927 V  angle = 190.5 deg
2026-05-16 15:42:19.952,ADC pin 15 raw = 2392  voltage = 1.928 V  angle = 190.6 deg
2026-05-16 15:42:19.955,ADC pin 15 raw = 2391  voltage = 1.927 V  angle = 190.5 deg
2026-05-16 15:42:19.965,ADC pin 15 raw = 2391  voltage = 1.927 V  angle = 190.5 deg
2026-05-16 15:42:19.975,ADC pin 15 raw = 2390  voltage = 1.926 V  angle = 190.4 deg
2026-05-16 15:42:19.986,ADC pin 15 raw = 2389  voltage = 1.925 V  angle = 190.3 deg
2026-05-16 15:42:20.005,ADC pin 15 raw = 2391  voltage = 1.927 V  angle = 190.5 deg
2026-05-16 15:42:20.006,ADC pin 15 raw = 2390  voltage = 1.926 V  angle = 190.4 deg
2026-05-16 15:42:20.015,ADC pin 15 raw = 2392  voltage = 1.928 V  angle = 190.6 deg
2026-05-16 15:42:20.025,ADC pin 15 raw = 2389  voltage = 1.925 V  angle = 190.3 deg
2026-05-16 15:42:20.035,ADC pin 15 raw = 2390  voltage = 1.926 V  angle = 190.4 deg
2026-05-16 15:42:20.045,ADC pin 15 raw = 2391  voltage = 1.927 V  angle = 190.5 deg
2026-05-16 15:42:20.055,ADC pin 15 raw = 2389  voltage = 1.925 V  angle = 190.3 deg
2026-05-16 15:42:20.067,ADC pin 15 raw = 2394  voltage = 1.929 V  angle = 190.8 deg
2026-05-16 15:42:20.078,ADC pin 15 raw = 2391  voltage = 1.927 V  angle = 190.5 deg
2026-05-16 15:42:20.085,ADC pin 15 raw = 2395  voltage = 1.930 V  angle = 190.9 deg
2026-05-16 15:42:20.095,ADC pin 15 raw = 2391  voltage = 1.927 V  angle = 190.5 deg
2026-05-16 15:42:20.105,ADC pin 15 raw = 2394  voltage = 1.929 V  angle = 190.8 deg
2026-05-16 15:42:20.115,ADC pin 15 raw = 2394  voltage = 1.929 V  angle = 190.8 deg
2026-05-16 15:42:20.126,ADC pin 15 raw = 2388  voltage = 1.924 V  angle = 190.2 deg
2026-05-16 15:42:20.135,ADC pin 15 raw = 2393  voltage = 1.928 V  angle = 190.7 deg
2026-05-16 15:42:20.145,ADC pin 15 raw = 2387  voltage = 1.924 V  angle = 190.1 deg
2026-05-16 15:42:20.162,ADC pin 15 raw = 2392  voltage = 1.928 V  angle = 190.6 deg
2026-05-16 15:42:20.166,ADC pin 15 raw = 2388  voltage = 1.924 V  angle = 190.2 deg
2026-05-16 15:42:20.179,ADC pin 15 raw = 2390  voltage = 1.926 V  angle = 190.4 deg
2026-05-16 15:42:20.185,ADC pin 15 raw = 2390  voltage = 1.926 V  angle = 190.4 deg
2026-05-16 15:42:20.195,ADC pin 15 raw = 2392  voltage = 1.928 V  angle = 190.6 deg
2026-05-16 15:42:20.205,ADC pin 15 raw = 2391  voltage = 1.927 V  angle = 190.5 deg
2026-05-16 15:42:20.215,ADC pin 15 raw = 2393  voltage = 1.928 V  angle = 190.7 deg
2026-05-16 15:42:20.225,ADC pin 15 raw = 2393  voltage = 1.928 V  angle = 190.7 deg
2026-05-16 15:42:20.235,ADC pin 15 raw = 2394  voltage = 1.929 V  angle = 190.8 deg
2026-05-16 15:42:20.245,ADC pin 15 raw = 2391  voltage = 1.927 V  angle = 190.5 deg
2026-05-16 15:42:20.255,ADC pin 15 raw = 2388  voltage = 1.924 V  angle = 190.2 deg
2026-05-16 15:42:20.265,ADC pin 15 raw = 2388  voltage = 1.924 V  angle = 190.2 deg
2026-05-16 15:42:20.275,ADC pin 15 raw = 2391  voltage = 1.927 V  angle = 190.5 deg
2026-05-16 15:42:20.285,ADC pin 15 raw = 2388  voltage = 1.924 V  angle = 190.2 deg
2026-05-16 15:42:20.295,ADC pin 15 raw = 2395  voltage = 1.930 V  angle = 190.9 deg
2026-05-16 15:42:20.305,ADC pin 15 raw = 2391  voltage = 1.927 V  angle = 190.5 deg
2026-05-16 15:42:20.315,ADC pin 15 raw = 2394  voltage = 1.929 V  angle = 190.8 deg
2026-05-16 15:42:20.326,ADC pin 15 raw = 2390  voltage = 1.926 V  angle = 190.4 deg
2026-05-16 15:42:20.336,ADC pin 15 raw = 2395  voltage = 1.930 V  angle = 190.9 deg
2026-05-16 15:42:20.346,ADC pin 15 raw = 2401  voltage = 1.935 V  angle = 191.5 deg
2026-05-16 15:42:20.355,ADC pin 15 raw = 2412  voltage = 1.944 V  angle = 192.6 deg
2026-05-16 15:42:20.366,ADC pin 15 raw = 2364  voltage = 1.905 V  angle = 187.9 deg
2026-05-16 15:42:20.376,ADC pin 15 raw = 2349  voltage = 1.893 V  angle = 186.4 deg
2026-05-16 15:42:20.385,ADC pin 15 raw = 2324  voltage = 1.873 V  angle = 183.9 deg
2026-05-16 15:42:20.396,ADC pin 15 raw = 2263  voltage = 1.824 V  angle = 179.1 deg
2026-05-16 15:42:20.405,ADC pin 15 raw = 2233  voltage = 1.799 V  angle = 177.9 deg
2026-05-16 15:42:20.416,ADC pin 15 raw = 2231  voltage = 1.798 V  angle = 177.8 deg
2026-05-16 15:42:20.426,ADC pin 15 raw = 2215  voltage = 1.785 V  angle = 177.1 deg
2026-05-16 15:42:20.435,ADC pin 15 raw = 2203  voltage = 1.775 V  angle = 176.6 deg
2026-05-16 15:42:20.446,ADC pin 15 raw = 2204  voltage = 1.776 V  angle = 176.7 deg
2026-05-16 15:42:20.455,ADC pin 15 raw = 2224  voltage = 1.792 V  angle = 177.5 deg
2026-05-16 15:42:20.466,ADC pin 15 raw = 2215  voltage = 1.785 V  angle = 177.1 deg
2026-05-16 15:42:20.475,ADC pin 15 raw = 2212  voltage = 1.783 V  angle = 177.0 deg
2026-05-16 15:42:20.485,ADC pin 15 raw = 2199  voltage = 1.772 V  angle = 176.5 deg
2026-05-16 15:42:20.496,ADC pin 15 raw = 2206  voltage = 1.778 V  angle = 176.8 deg
2026-05-16 15:42:20.505,ADC pin 15 raw = 2197  voltage = 1.770 V  angle = 176.4 deg
2026-05-16 15:42:20.517,ADC pin 15 raw = 2195  voltage = 1.769 V  angle = 176.3 deg
2026-05-16 15:42:20.525,ADC pin 15 raw = 2196  voltage = 1.770 V  angle = 176.4 deg
2026-05-16 15:42:20.535,ADC pin 15 raw = 2201  voltage = 1.774 V  angle = 176.6 deg
2026-05-16 15:42:20.546,ADC pin 15 raw = 2204  voltage = 1.776 V  angle = 176.7 deg
2026-05-16 15:42:20.555,ADC pin 15 raw = 2199  voltage = 1.772 V  angle = 176.5 deg
2026-05-16 15:42:20.566,ADC pin 15 raw = 2189  voltage = 1.764 V  angle = 176.1 deg
2026-05-16 15:42:20.576,ADC pin 15 raw = 2191  voltage = 1.766 V  angle = 176.1 deg
2026-05-16 15:42:20.586,ADC pin 15 raw = 2194  voltage = 1.768 V  angle = 176.3 deg
2026-05-16 15:42:20.595,ADC pin 15 raw = 2212  voltage = 1.783 V  angle = 177.0 deg
2026-05-16 15:42:20.605,ADC pin 15 raw = 2218  voltage = 1.787 V  angle = 177.3 deg
2026-05-16 15:42:20.615,ADC pin 15 raw = 2213  voltage = 1.783 V  angle = 177.0 deg
2026-05-16 15:42:20.626,ADC pin 15 raw = 2204  voltage = 1.776 V  angle = 176.7 deg
2026-05-16 15:42:20.636,ADC pin 15 raw = 2198  voltage = 1.771 V  angle = 176.4 deg
2026-05-16 15:42:20.646,ADC pin 15 raw = 2193  voltage = 1.767 V  angle = 176.2 deg
2026-05-16 15:42:20.656,ADC pin 15 raw = 2199  voltage = 1.772 V  angle = 176.5 deg
2026-05-16 15:42:20.665,ADC pin 15 raw = 2193  voltage = 1.767 V  angle = 176.2 deg
2026-05-16 15:42:20.676,ADC pin 15 raw = 2195  voltage = 1.769 V  angle = 176.3 deg
2026-05-16 15:42:20.686,ADC pin 15 raw = 2192  voltage = 1.766 V  angle = 176.2 deg
2026-05-16 15:42:20.697,ADC pin 15 raw = 2203  voltage = 1.775 V  angle = 176.6 deg
2026-05-16 15:42:20.706,ADC pin 15 raw = 2213  voltage = 1.783 V  angle = 177.0 deg
2026-05-16 15:42:20.715,ADC pin 15 raw = 2209  voltage = 1.780 V  angle = 176.9 deg
2026-05-16 15:42:20.726,ADC pin 15 raw = 2200  voltage = 1.773 V  angle = 176.5 deg
2026-05-16 15:42:20.736,ADC pin 15 raw = 2201  voltage = 1.774 V  angle = 176.6 deg
2026-05-16 15:42:20.746,ADC pin 15 raw = 2201  voltage = 1.774 V  angle = 176.6 deg
2026-05-16 15:42:20.755,ADC pin 15 raw = 2193  voltage = 1.767 V  angle = 176.2 deg
2026-05-16 15:42:20.768,ADC pin 15 raw = 2202  voltage = 1.775 V  angle = 176.6 deg
2026-05-16 15:42:20.775,ADC pin 15 raw = 2200  voltage = 1.773 V  angle = 176.5 deg
2026-05-16 15:42:20.785,ADC pin 15 raw = 2203  voltage = 1.775 V  angle = 176.6 deg
2026-05-16 15:42:20.796,ADC pin 15 raw = 2192  voltage = 1.766 V  angle = 176.2 deg
2026-05-16 15:42:20.805,ADC pin 15 raw = 2193  voltage = 1.767 V  angle = 176.2 deg
2026-05-16 15:42:20.818,ADC pin 15 raw = 2190  voltage = 1.765 V  angle = 176.1 deg
2026-05-16 15:42:20.826,ADC pin 15 raw = 2193  voltage = 1.767 V  angle = 176.2 deg
2026-05-16 15:42:20.835,ADC pin 15 raw = 2190  voltage = 1.765 V  angle = 176.1 deg
2026-05-16 15:42:20.845,ADC pin 15 raw = 2194  voltage = 1.768 V  angle = 176.3 deg
2026-05-16 15:42:20.855,ADC pin 15 raw = 2187  voltage = 1.762 V  angle = 176.0 deg
2026-05-16 15:42:20.866,ADC pin 15 raw = 2190  voltage = 1.765 V  angle = 176.1 deg
2026-05-16 15:42:20.875,ADC pin 15 raw = 2194  voltage = 1.768 V  angle = 176.3 deg
2026-05-16 15:42:20.885,ADC pin 15 raw = 2182  voltage = 1.758 V  angle = 175.8 deg
2026-05-16 15:42:20.896,ADC pin 15 raw = 2185  voltage = 1.761 V  angle = 175.9 deg
2026-05-16 15:42:20.905,ADC pin 15 raw = 2180  voltage = 1.757 V  angle = 175.7 deg
2026-05-16 15:42:20.916,ADC pin 15 raw = 2183  voltage = 1.759 V  angle = 175.8 deg
2026-05-16 15:42:20.926,ADC pin 15 raw = 2181  voltage = 1.758 V  angle = 175.7 deg
2026-05-16 15:42:20.935,ADC pin 15 raw = 2180  voltage = 1.757 V  angle = 175.7 deg
2026-05-16 15:42:20.945,ADC pin 15 raw = 2193  voltage = 1.767 V  angle = 176.2 deg
2026-05-16 15:42:20.955,ADC pin 15 raw = 2189  voltage = 1.764 V  angle = 176.1 deg
2026-05-16 15:42:20.965,ADC pin 15 raw = 2193  voltage = 1.767 V  angle = 176.2 deg
2026-05-16 15:42:20.975,ADC pin 15 raw = 2189  voltage = 1.764 V  angle = 176.1 deg
2026-05-16 15:42:20.986,ADC pin 15 raw = 2188  voltage = 1.763 V  angle = 176.0 deg
2026-05-16 15:42:20.996,ADC pin 15 raw = 2188  voltage = 1.763 V  angle = 176.0 deg
2026-05-16 15:42:21.005,ADC pin 15 raw = 2186  voltage = 1.762 V  angle = 175.9 deg
2026-05-16 15:42:21.017,ADC pin 15 raw = 2187  voltage = 1.762 V  angle = 176.0 deg
2026-05-16 15:42:21.026,ADC pin 15 raw = 2186  voltage = 1.762 V  angle = 175.9 deg
2026-05-16 15:42:21.036,ADC pin 15 raw = 2189  voltage = 1.764 V  angle = 176.1 deg
2026-05-16 15:42:21.045,ADC pin 15 raw = 2200  voltage = 1.773 V  angle = 176.5 deg
2026-05-16 15:42:21.057,ADC pin 15 raw = 2207  voltage = 1.779 V  angle = 176.8 deg
2026-05-16 15:42:21.068,ADC pin 15 raw = 2213  voltage = 1.783 V  angle = 177.0 deg
2026-05-16 15:42:21.075,ADC pin 15 raw = 2203  voltage = 1.775 V  angle = 176.6 deg
2026-05-16 15:42:21.085,ADC pin 15 raw = 2205  voltage = 1.777 V  angle = 176.7 deg
2026-05-16 15:42:21.115,ADC pin 15 raw = 2204  voltage = 1.776 V  angle = 176.7 deg
2026-05-16 15:42:21.116,ADC pin 15 raw = 2201  voltage = 1.774 V  angle = 176.6 deg
2026-05-16 15:42:21.116,ADC pin 15 raw = 2207  voltage = 1.779 V  angle = 176.8 deg
2026-05-16 15:42:21.125,ADC pin 15 raw = 2202  voltage = 1.775 V  angle = 176.6 deg
2026-05-16 15:42:21.135,ADC pin 15 raw = 2200  voltage = 1.773 V  angle = 176.5 deg
2026-05-16 15:42:21.145,ADC pin 15 raw = 2215  voltage = 1.785 V  angle = 177.1 deg
2026-05-16 15:42:21.155,ADC pin 15 raw = 2213  voltage = 1.783 V  angle = 177.0 deg
2026-05-16 15:42:21.165,ADC pin 15 raw = 2213  voltage = 1.783 V  angle = 177.0 deg
2026-05-16 15:42:21.177,ADC pin 15 raw = 2212  voltage = 1.783 V  angle = 177.0 deg
2026-05-16 15:42:21.186,ADC pin 15 raw = 2212  voltage = 1.783 V  angle = 177.0 deg
2026-05-16 15:42:21.195,ADC pin 15 raw = 2208  voltage = 1.779 V  angle = 176.8 deg
2026-05-16 15:42:21.205,ADC pin 15 raw = 2206  voltage = 1.778 V  angle = 176.8 deg
2026-05-16 15:42:21.216,ADC pin 15 raw = 2205  voltage = 1.777 V  angle = 176.7 deg
2026-05-16 15:42:21.226,ADC pin 15 raw = 2201  voltage = 1.774 V  angle = 176.6 deg
2026-05-16 15:42:21.236,ADC pin 15 raw = 2200  voltage = 1.773 V  angle = 176.5 deg
2026-05-16 15:42:21.246,ADC pin 15 raw = 2200  voltage = 1.773 V  angle = 176.5 deg
2026-05-16 15:42:21.256,ADC pin 15 raw = 2199  voltage = 1.772 V  angle = 176.5 deg
2026-05-16 15:42:21.265,ADC pin 15 raw = 2201  voltage = 1.774 V  angle = 176.6 deg
2026-05-16 15:42:21.275,ADC pin 15 raw = 2210  voltage = 1.781 V  angle = 176.9 deg
2026-05-16 15:42:21.285,ADC pin 15 raw = 2214  voltage = 1.784 V  angle = 177.1 deg
2026-05-16 15:42:21.295,ADC pin 15 raw = 2217  voltage = 1.787 V  angle = 177.2 deg
2026-05-16 15:42:21.306,ADC pin 15 raw = 2204  voltage = 1.776 V  angle = 176.7 deg
2026-05-16 15:42:21.316,ADC pin 15 raw = 2201  voltage = 1.774 V  angle = 176.6 deg
2026-05-16 15:42:21.326,ADC pin 15 raw = 2196  voltage = 1.770 V  angle = 176.4 deg
2026-05-16 15:42:21.336,ADC pin 15 raw = 2197  voltage = 1.770 V  angle = 176.4 deg
2026-05-16 15:42:21.346,ADC pin 15 raw = 2199  voltage = 1.772 V  angle = 176.5 deg
2026-05-16 15:42:21.356,ADC pin 15 raw = 2199  voltage = 1.772 V  angle = 176.5 deg
2026-05-16 15:42:21.366,ADC pin 15 raw = 2197  voltage = 1.770 V  angle = 176.4 deg
2026-05-16 15:42:21.376,ADC pin 15 raw = 2197  voltage = 1.770 V  angle = 176.4 deg
2026-05-16 15:42:21.386,ADC pin 15 raw = 2195  voltage = 1.769 V  angle = 176.3 deg
2026-05-16 15:42:21.396,ADC pin 15 raw = 2195  voltage = 1.769 V  angle = 176.3 deg
2026-05-16 15:42:21.406,ADC pin 15 raw = 2194  voltage = 1.768 V  angle = 176.3 deg
2026-05-16 15:42:21.416,ADC pin 15 raw = 2195  voltage = 1.769 V  angle = 176.3 deg
2026-05-16 15:42:21.426,ADC pin 15 raw = 2191  voltage = 1.766 V  angle = 176.1 deg
2026-05-16 15:42:21.436,ADC pin 15 raw = 2200  voltage = 1.773 V  angle = 176.5 deg
2026-05-16 15:42:21.446,ADC pin 15 raw = 2196  voltage = 1.770 V  angle = 176.4 deg
2026-05-16 15:42:21.456,ADC pin 15 raw = 2196  voltage = 1.770 V  angle = 176.4 deg
2026-05-16 15:42:21.466,ADC pin 15 raw = 2195  voltage = 1.769 V  angle = 176.3 deg
2026-05-16 15:42:21.476,ADC pin 15 raw = 2197  voltage = 1.770 V  angle = 176.4 deg
2026-05-16 15:42:21.485,ADC pin 15 raw = 2192  voltage = 1.766 V  angle = 176.2 deg
2026-05-16 15:42:21.496,ADC pin 15 raw = 2192  voltage = 1.766 V  angle = 176.2 deg
2026-05-16 15:42:21.506,ADC pin 15 raw = 2192  voltage = 1.766 V  angle = 176.2 deg
2026-05-16 15:42:21.516,ADC pin 15 raw = 2191  voltage = 1.766 V  angle = 176.1 deg
2026-05-16 15:42:21.526,ADC pin 15 raw = 2190  voltage = 1.765 V  angle = 176.1 deg
2026-05-16 15:42:21.536,ADC pin 15 raw = 2192  voltage = 1.766 V  angle = 176.2 deg
2026-05-16 15:42:21.546,ADC pin 15 raw = 2194  voltage = 1.768 V  angle = 176.3 deg
2026-05-16 15:42:21.556,ADC pin 15 raw = 2194  voltage = 1.768 V  angle = 176.3 deg
2026-05-16 15:42:21.566,ADC pin 15 raw = 2189  voltage = 1.764 V  angle = 176.1 deg
2026-05-16 15:42:21.576,ADC pin 15 raw = 2191  voltage = 1.766 V  angle = 176.1 deg
2026-05-16 15:42:21.586,ADC pin 15 raw = 2191  voltage = 1.766 V  angle = 176.1 deg
2026-05-16 15:42:21.596,ADC pin 15 raw = 2191  voltage = 1.766 V  angle = 176.1 deg
2026-05-16 15:42:21.605,ADC pin 15 raw = 2190  voltage = 1.765 V  angle = 176.1 deg
2026-05-16 15:42:21.616,ADC pin 15 raw = 2200  voltage = 1.773 V  angle = 176.5 deg
2026-05-16 15:42:21.626,ADC pin 15 raw = 2222  voltage = 1.791 V  angle = 177.4 deg
2026-05-16 15:42:21.636,ADC pin 15 raw = 2244  voltage = 1.808 V  angle = 178.3 deg
2026-05-16 15:42:21.646,ADC pin 15 raw = 2241  voltage = 1.806 V  angle = 178.2 deg
2026-05-16 15:42:21.655,ADC pin 15 raw = 2310  voltage = 1.862 V  angle = 182.5 deg
2026-05-16 15:42:21.666,ADC pin 15 raw = 2347  voltage = 1.891 V  angle = 186.2 deg
2026-05-16 15:42:21.676,ADC pin 15 raw = 2370  voltage = 1.910 V  angle = 188.5 deg
2026-05-16 15:42:21.686,ADC pin 15 raw = 2404  voltage = 1.937 V  angle = 191.8 deg
2026-05-16 15:42:21.696,ADC pin 15 raw = 2409  voltage = 1.941 V  angle = 192.3 deg
2026-05-16 15:42:21.705,ADC pin 15 raw = 2404  voltage = 1.937 V  angle = 191.8 deg
2026-05-16 15:42:21.715,ADC pin 15 raw = 2399  voltage = 1.933 V  angle = 191.3 deg
2026-05-16 15:42:21.726,ADC pin 15 raw = 2401  voltage = 1.935 V  angle = 191.5 deg
2026-05-16 15:42:21.736,ADC pin 15 raw = 2399  voltage = 1.933 V  angle = 191.3 deg
2026-05-16 15:42:21.746,ADC pin 15 raw = 2400  voltage = 1.934 V  angle = 191.4 deg
2026-05-16 15:42:21.756,ADC pin 15 raw = 2402  voltage = 1.936 V  angle = 191.6 deg
2026-05-16 15:42:21.766,ADC pin 15 raw = 2388  voltage = 1.924 V  angle = 190.2 deg
2026-05-16 15:42:21.776,ADC pin 15 raw = 2384  voltage = 1.921 V  angle = 189.8 deg
2026-05-16 15:42:21.786,ADC pin 15 raw = 2385  voltage = 1.922 V  angle = 189.9 deg
2026-05-16 15:42:21.796,ADC pin 15 raw = 2384  voltage = 1.921 V  angle = 189.8 deg
2026-05-16 15:42:21.806,ADC pin 15 raw = 2381  voltage = 1.919 V  angle = 189.5 deg
2026-05-16 15:42:21.815,ADC pin 15 raw = 2411  voltage = 1.943 V  angle = 192.5 deg
2026-05-16 15:42:21.826,ADC pin 15 raw = 2412  voltage = 1.944 V  angle = 192.6 deg
2026-05-16 15:42:21.836,ADC pin 15 raw = 2411  voltage = 1.943 V  angle = 192.5 deg
2026-05-16 15:42:21.859,ADC pin 15 raw = 2403  voltage = 1.936 V  angle = 191.7 deg
2026-05-16 15:42:21.860,ADC pin 15 raw = 2400  voltage = 1.934 V  angle = 191.4 deg
2026-05-16 15:42:21.866,ADC pin 15 raw = 2392  voltage = 1.928 V  angle = 190.6 deg
2026-05-16 15:42:21.876,ADC pin 15 raw = 2401  voltage = 1.935 V  angle = 191.5 deg
2026-05-16 15:42:21.885,ADC pin 15 raw = 2414  voltage = 1.945 V  angle = 192.8 deg
2026-05-16 15:42:21.895,ADC pin 15 raw = 2402  voltage = 1.936 V  angle = 191.6 deg
2026-05-16 15:42:21.905,ADC pin 15 raw = 2408  voltage = 1.941 V  angle = 192.2 deg
2026-05-16 15:42:21.915,ADC pin 15 raw = 2384  voltage = 1.921 V  angle = 189.8 deg
2026-05-16 15:42:21.925,ADC pin 15 raw = 2386  voltage = 1.923 V  angle = 190.0 deg
2026-05-16 15:42:21.935,ADC pin 15 raw = 2399  voltage = 1.933 V  angle = 191.3 deg
2026-05-16 15:42:21.945,ADC pin 15 raw = 2415  voltage = 1.946 V  angle = 192.9 deg
2026-05-16 15:42:21.955,ADC pin 15 raw = 2408  voltage = 1.941 V  angle = 192.2 deg
2026-05-16 15:42:21.965,ADC pin 15 raw = 2420  voltage = 1.950 V  angle = 193.4 deg
2026-05-16 15:42:21.975,ADC pin 15 raw = 2416  voltage = 1.947 V  angle = 193.0 deg
2026-05-16 15:42:21.985,ADC pin 15 raw = 2411  voltage = 1.943 V  angle = 192.5 deg
2026-05-16 15:42:21.995,ADC pin 15 raw = 2408  voltage = 1.941 V  angle = 192.2 deg
2026-05-16 15:42:22.005,ADC pin 15 raw = 2407  voltage = 1.940 V  angle = 192.1 deg
2026-05-16 15:42:22.016,ADC pin 15 raw = 2408  voltage = 1.941 V  angle = 192.2 deg
2026-05-16 15:42:22.025,ADC pin 15 raw = 2406  voltage = 1.939 V  angle = 192.0 deg
2026-05-16 15:42:22.036,ADC pin 15 raw = 2410  voltage = 1.942 V  angle = 192.4 deg
2026-05-16 15:42:22.046,ADC pin 15 raw = 2395  voltage = 1.930 V  angle = 190.9 deg
2026-05-16 15:42:22.056,ADC pin 15 raw = 2392  voltage = 1.928 V  angle = 190.6 deg
2026-05-16 15:42:22.066,ADC pin 15 raw = 2384  voltage = 1.921 V  angle = 189.8 deg
2026-05-16 15:42:22.075,ADC pin 15 raw = 2405  voltage = 1.938 V  angle = 191.9 deg
2026-05-16 15:42:22.085,ADC pin 15 raw = 2416  voltage = 1.947 V  angle = 193.0 deg
2026-05-16 15:42:22.095,ADC pin 15 raw = 2408  voltage = 1.941 V  angle = 192.2 deg
2026-05-16 15:42:22.105,ADC pin 15 raw = 2407  voltage = 1.940 V  angle = 192.1 deg
2026-05-16 15:42:22.115,ADC pin 15 raw = 2397  voltage = 1.932 V  angle = 191.1 deg
2026-05-16 15:42:22.125,ADC pin 15 raw = 2404  voltage = 1.937 V  angle = 191.8 deg
2026-05-16 15:42:22.135,ADC pin 15 raw = 2395  voltage = 1.930 V  angle = 190.9 deg
2026-05-16 15:42:22.145,ADC pin 15 raw = 2399  voltage = 1.933 V  angle = 191.3 deg
2026-05-16 15:42:22.155,ADC pin 15 raw = 2398  voltage = 1.932 V  angle = 191.2 deg
2026-05-16 15:42:22.165,ADC pin 15 raw = 2398  voltage = 1.932 V  angle = 191.2 deg
2026-05-16 15:42:22.175,ADC pin 15 raw = 2395  voltage = 1.930 V  angle = 190.9 deg
2026-05-16 15:42:22.185,ADC pin 15 raw = 2398  voltage = 1.932 V  angle = 191.2 deg
2026-05-16 15:42:22.195,ADC pin 15 raw = 2395  voltage = 1.930 V  angle = 190.9 deg
2026-05-16 15:42:22.205,ADC pin 15 raw = 2395  voltage = 1.930 V  angle = 190.9 deg
2026-05-16 15:42:22.215,ADC pin 15 raw = 2397  voltage = 1.932 V  angle = 191.1 deg
2026-05-16 15:42:22.225,ADC pin 15 raw = 2397  voltage = 1.932 V  angle = 191.1 deg
2026-05-16 15:42:22.235,ADC pin 15 raw = 2391  voltage = 1.927 V  angle = 190.5 deg
2026-05-16 15:42:22.245,ADC pin 15 raw = 2406  voltage = 1.939 V  angle = 192.0 deg
2026-05-16 15:42:22.255,ADC pin 15 raw = 2398  voltage = 1.932 V  angle = 191.2 deg
2026-05-16 15:42:22.265,ADC pin 15 raw = 2400  voltage = 1.934 V  angle = 191.4 deg
2026-05-16 15:42:22.275,ADC pin 15 raw = 2399  voltage = 1.933 V  angle = 191.3 deg
2026-05-16 15:42:22.285,ADC pin 15 raw = 2399  voltage = 1.933 V  angle = 191.3 deg
2026-05-16 15:42:22.295,ADC pin 15 raw = 2401  voltage = 1.935 V  angle = 191.5 deg
2026-05-16 15:42:22.305,ADC pin 15 raw = 2402  voltage = 1.936 V  angle = 191.6 deg
2026-05-16 15:42:22.315,ADC pin 15 raw = 2395  voltage = 1.930 V  angle = 190.9 deg
2026-05-16 15:42:22.325,ADC pin 15 raw = 2397  voltage = 1.932 V  angle = 191.1 deg
2026-05-16 15:42:22.335,ADC pin 15 raw = 2391  voltage = 1.927 V  angle = 190.5 deg
2026-05-16 15:42:22.345,ADC pin 15 raw = 2391  voltage = 1.927 V  angle = 190.5 deg
2026-05-16 15:42:22.356,ADC pin 15 raw = 2389  voltage = 1.925 V  angle = 190.3 deg
2026-05-16 15:42:22.365,ADC pin 15 raw = 2387  voltage = 1.924 V  angle = 190.1 deg
2026-05-16 15:42:22.375,ADC pin 15 raw = 2389  voltage = 1.925 V  angle = 190.3 deg
2026-05-16 15:42:22.386,ADC pin 15 raw = 2389  voltage = 1.925 V  angle = 190.3 deg
2026-05-16 15:42:22.396,ADC pin 15 raw = 2391  voltage = 1.927 V  angle = 190.5 deg
2026-05-16 15:42:22.406,ADC pin 15 raw = 2389  voltage = 1.925 V  angle = 190.3 deg
2026-05-16 15:42:22.415,ADC pin 15 raw = 2391  voltage = 1.927 V  angle = 190.5 deg
2026-05-16 15:42:22.426,ADC pin 15 raw = 2392  voltage = 1.928 V  angle = 190.6 deg
2026-05-16 15:42:22.436,ADC pin 15 raw = 2391  voltage = 1.927 V  angle = 190.5 deg
2026-05-16 15:42:22.446,ADC pin 15 raw = 2393  voltage = 1.928 V  angle = 190.7 deg
2026-05-16 15:42:22.456,ADC pin 15 raw = 2391  voltage = 1.927 V  angle = 190.5 deg
2026-05-16 15:42:22.466,ADC pin 15 raw = 2390  voltage = 1.926 V  angle = 190.4 deg
2026-05-16 15:42:22.476,ADC pin 15 raw = 2388  voltage = 1.924 V  angle = 190.2 deg
2026-05-16 15:42:22.486,ADC pin 15 raw = 2385  voltage = 1.922 V  angle = 189.9 deg
2026-05-16 15:42:22.496,ADC pin 15 raw = 2388  voltage = 1.924 V  angle = 190.2 deg
2026-05-16 15:42:22.506,ADC pin 15 raw = 2390  voltage = 1.926 V  angle = 190.4 deg
2026-05-16 15:42:22.518,ADC pin 15 raw = 2392  voltage = 1.928 V  angle = 190.6 deg
2026-05-16 15:42:22.526,ADC pin 15 raw = 2392  voltage = 1.928 V  angle = 190.6 deg
2026-05-16 15:42:22.536,ADC pin 15 raw = 2392  voltage = 1.928 V  angle = 190.6 deg
2026-05-16 15:42:22.546,ADC pin 15 raw = 2393  voltage = 1.928 V  angle = 190.7 deg
2026-05-16 15:42:22.556,ADC pin 15 raw = 2395  voltage = 1.930 V  angle = 190.9 deg
2026-05-16 15:42:22.565,ADC pin 15 raw = 2390  voltage = 1.926 V  angle = 190.4 deg
2026-05-16 15:42:22.576,ADC pin 15 raw = 2392  voltage = 1.928 V  angle = 190.6 deg
2026-05-16 15:42:22.586,ADC pin 15 raw = 2392  voltage = 1.928 V  angle = 190.6 deg
2026-05-16 15:42:22.596,ADC pin 15 raw = 2389  voltage = 1.925 V  angle = 190.3 deg
2026-05-16 15:42:22.606,ADC pin 15 raw = 2387  voltage = 1.924 V  angle = 190.1 deg
2026-05-16 15:42:22.615,ADC pin 15 raw = 2387  voltage = 1.924 V  angle = 190.1 deg
2026-05-16 15:42:22.626,ADC pin 15 raw = 2387  voltage = 1.924 V  angle = 190.1 deg
2026-05-16 15:42:22.636,ADC pin 15 raw = 2388  voltage = 1.924 V  angle = 190.2 deg
2026-05-16 15:42:22.646,ADC pin 15 raw = 2384  voltage = 1.921 V  angle = 189.8 deg
2026-05-16 15:42:22.656,ADC pin 15 raw = 2386  voltage = 1.923 V  angle = 190.0 deg
2026-05-16 15:42:22.666,ADC pin 15 raw = 2387  voltage = 1.924 V  angle = 190.1 deg
2026-05-16 15:42:22.676,ADC pin 15 raw = 2387  voltage = 1.924 V  angle = 190.1 deg
2026-05-16 15:42:22.686,ADC pin 15 raw = 2388  voltage = 1.924 V  angle = 190.2 deg
2026-05-16 15:42:22.696,ADC pin 15 raw = 2384  voltage = 1.921 V  angle = 189.8 deg
2026-05-16 15:42:22.706,ADC pin 15 raw = 2387  voltage = 1.924 V  angle = 190.1 deg
2026-05-16 15:42:22.716,ADC pin 15 raw = 2385  voltage = 1.922 V  angle = 189.9 deg
2026-05-16 15:42:22.726,ADC pin 15 raw = 2387  voltage = 1.924 V  angle = 190.1 deg
2026-05-16 15:42:22.736,ADC pin 15 raw = 2384  voltage = 1.921 V  angle = 189.8 deg
2026-05-16 15:42:22.746,ADC pin 15 raw = 2387  voltage = 1.924 V  angle = 190.1 deg
2026-05-16 15:42:22.756,ADC pin 15 raw = 2389  voltage = 1.925 V  angle = 190.3 deg
2026-05-16 15:42:22.766,ADC pin 15 raw = 2386  voltage = 1.923 V  angle = 190.0 deg
2026-05-16 15:42:22.776,ADC pin 15 raw = 2391  voltage = 1.927 V  angle = 190.5 deg
2026-05-16 15:42:22.786,ADC pin 15 raw = 2384  voltage = 1.921 V  angle = 189.8 deg
2026-05-16 15:42:22.796,ADC pin 15 raw = 2388  voltage = 1.924 V  angle = 190.2 deg
2026-05-16 15:42:22.806,ADC pin 15 raw = 2382  voltage = 1.920 V  angle = 189.6 deg
2026-05-16 15:42:22.816,ADC pin 15 raw = 2388  voltage = 1.924 V  angle = 190.2 deg
2026-05-16 15:42:22.826,ADC pin 15 raw = 2387  voltage = 1.924 V  angle = 190.1 deg
2026-05-16 15:42:22.836,ADC pin 15 raw = 2382  voltage = 1.920 V  angle = 189.6 deg
2026-05-16 15:42:22.846,ADC pin 15 raw = 2388  voltage = 1.924 V  angle = 190.2 deg
2026-05-16 15:42:22.855,ADC pin 15 raw = 2390  voltage = 1.926 V  angle = 190.4 deg
2026-05-16 15:42:22.869,ADC pin 15 raw = 2383  voltage = 1.920 V  angle = 189.7 deg
2026-05-16 15:42:22.877,ADC pin 15 raw = 2389  voltage = 1.925 V  angle = 190.3 deg
2026-05-16 15:42:22.887,ADC pin 15 raw = 2384  voltage = 1.921 V  angle = 189.8 deg
2026-05-16 15:42:22.895,ADC pin 15 raw = 2385  voltage = 1.922 V  angle = 189.9 deg
2026-05-16 15:42:22.905,ADC pin 15 raw = 2385  voltage = 1.922 V  angle = 189.9 deg
2026-05-16 15:42:22.915,ADC pin 15 raw = 2383  voltage = 1.920 V  angle = 189.7 deg
2026-05-16 15:42:22.926,ADC pin 15 raw = 2385  voltage = 1.922 V  angle = 189.9 deg
2026-05-16 15:42:22.936,ADC pin 15 raw = 2387  voltage = 1.924 V  angle = 190.1 deg
2026-05-16 15:42:22.946,ADC pin 15 raw = 2393  voltage = 1.928 V  angle = 190.7 deg
2026-05-16 15:42:22.956,ADC pin 15 raw = 2387  voltage = 1.924 V  angle = 190.1 deg
2026-05-16 15:42:22.966,ADC pin 15 raw = 2386  voltage = 1.923 V  angle = 190.0 deg
2026-05-16 15:42:22.976,ADC pin 15 raw = 2419  voltage = 1.949 V  angle = 193.3 deg
2026-05-16 15:42:22.986,ADC pin 15 raw = 2476  voltage = 1.995 V  angle = 199.0 deg
2026-05-16 15:42:22.996,ADC pin 15 raw = 2482  voltage = 2.000 V  angle = 199.6 deg
2026-05-16 15:42:23.005,ADC pin 15 raw = 2542  voltage = 2.048 V  angle = 205.6 deg
2026-05-16 15:42:23.015,ADC pin 15 raw = 2600  voltage = 2.095 V  angle = 211.3 deg
2026-05-16 15:42:23.030,ADC pin 15 raw = 2616  voltage = 2.108 V  angle = 212.9 deg
2026-05-16 15:42:23.035,ADC pin 15 raw = 2624  voltage = 2.115 V  angle = 213.7 deg
2026-05-16 15:42:23.046,ADC pin 15 raw = 2629  voltage = 2.119 V  angle = 214.2 deg
2026-05-16 15:42:23.055,ADC pin 15 raw = 2633  voltage = 2.122 V  angle = 214.6 deg
2026-05-16 15:42:23.065,ADC pin 15 raw = 2616  voltage = 2.108 V  angle = 212.9 deg
2026-05-16 15:42:23.076,ADC pin 15 raw = 2608  voltage = 2.102 V  angle = 212.1 deg
2026-05-16 15:42:23.086,ADC pin 15 raw = 2609  voltage = 2.102 V  angle = 212.2 deg
2026-05-16 15:42:23.096,ADC pin 15 raw = 2606  voltage = 2.100 V  angle = 211.9 deg
2026-05-16 15:42:23.105,ADC pin 15 raw = 2600  voltage = 2.095 V  angle = 211.3 deg
2026-05-16 15:42:23.115,ADC pin 15 raw = 2599  voltage = 2.094 V  angle = 211.2 deg
2026-05-16 15:42:23.126,ADC pin 15 raw = 2596  voltage = 2.092 V  angle = 210.9 deg
2026-05-16 15:42:23.135,ADC pin 15 raw = 2601  voltage = 2.096 V  angle = 211.4 deg
2026-05-16 15:42:23.145,ADC pin 15 raw = 2598  voltage = 2.094 V  angle = 211.1 deg
2026-05-16 15:42:23.155,ADC pin 15 raw = 2606  voltage = 2.100 V  angle = 211.9 deg
2026-05-16 15:42:23.166,ADC pin 15 raw = 2602  voltage = 2.097 V  angle = 211.5 deg
2026-05-16 15:42:23.176,ADC pin 15 raw = 2603  voltage = 2.098 V  angle = 211.6 deg
2026-05-16 15:42:23.186,ADC pin 15 raw = 2623  voltage = 2.114 V  angle = 213.6 deg
2026-05-16 15:42:23.196,ADC pin 15 raw = 2621  voltage = 2.112 V  angle = 213.4 deg
2026-05-16 15:42:23.205,ADC pin 15 raw = 2611  voltage = 2.104 V  angle = 212.4 deg
2026-05-16 15:42:23.216,ADC pin 15 raw = 2606  voltage = 2.100 V  angle = 211.9 deg
2026-05-16 15:42:23.226,ADC pin 15 raw = 2595  voltage = 2.091 V  angle = 210.8 deg
2026-05-16 15:42:23.236,ADC pin 15 raw = 2604  voltage = 2.098 V  angle = 211.7 deg
2026-05-16 15:42:23.246,ADC pin 15 raw = 2601  voltage = 2.096 V  angle = 211.4 deg
2026-05-16 15:42:23.255,ADC pin 15 raw = 2596  voltage = 2.092 V  angle = 210.9 deg
2026-05-16 15:42:23.266,ADC pin 15 raw = 2595  voltage = 2.091 V  angle = 210.8 deg
2026-05-16 15:42:23.276,ADC pin 15 raw = 2597  voltage = 2.093 V  angle = 211.0 deg
2026-05-16 15:42:23.285,ADC pin 15 raw = 2597  voltage = 2.093 V  angle = 211.0 deg
2026-05-16 15:42:23.296,ADC pin 15 raw = 2595  voltage = 2.091 V  angle = 210.8 deg
2026-05-16 15:42:23.305,ADC pin 15 raw = 2594  voltage = 2.090 V  angle = 210.7 deg
2026-05-16 15:42:23.316,ADC pin 15 raw = 2608  voltage = 2.102 V  angle = 212.1 deg
2026-05-16 15:42:23.326,ADC pin 15 raw = 2608  voltage = 2.102 V  angle = 212.1 deg
2026-05-16 15:42:23.335,ADC pin 15 raw = 2605  voltage = 2.099 V  angle = 211.8 deg
2026-05-16 15:42:23.346,ADC pin 15 raw = 2606  voltage = 2.100 V  angle = 211.9 deg
2026-05-16 15:42:23.355,ADC pin 15 raw = 2602  voltage = 2.097 V  angle = 211.5 deg
2026-05-16 15:42:23.365,ADC pin 15 raw = 2599  voltage = 2.094 V  angle = 211.2 deg
2026-05-16 15:42:23.376,ADC pin 15 raw = 2597  voltage = 2.093 V  angle = 211.0 deg
2026-05-16 15:42:23.386,ADC pin 15 raw = 2590  voltage = 2.087 V  angle = 210.3 deg
2026-05-16 15:42:23.396,ADC pin 15 raw = 2608  voltage = 2.102 V  angle = 212.1 deg
2026-05-16 15:42:23.405,ADC pin 15 raw = 2608  voltage = 2.102 V  angle = 212.1 deg
2026-05-16 15:42:23.416,ADC pin 15 raw = 2604  voltage = 2.098 V  angle = 211.7 deg
2026-05-16 15:42:23.426,ADC pin 15 raw = 2605  voltage = 2.099 V  angle = 211.8 deg
2026-05-16 15:42:23.436,ADC pin 15 raw = 2596  voltage = 2.092 V  angle = 210.9 deg
2026-05-16 15:42:23.446,ADC pin 15 raw = 2586  voltage = 2.084 V  angle = 209.9 deg
2026-05-16 15:42:23.455,ADC pin 15 raw = 2593  voltage = 2.090 V  angle = 210.6 deg
2026-05-16 15:42:23.466,ADC pin 15 raw = 2586  voltage = 2.084 V  angle = 209.9 deg
2026-05-16 15:42:23.476,ADC pin 15 raw = 2592  voltage = 2.089 V  angle = 210.5 deg
2026-05-16 15:42:23.485,ADC pin 15 raw = 2580  voltage = 2.079 V  angle = 209.3 deg
2026-05-16 15:42:23.496,ADC pin 15 raw = 2592  voltage = 2.089 V  angle = 210.5 deg
2026-05-16 15:42:23.505,ADC pin 15 raw = 2613  voltage = 2.106 V  angle = 212.6 deg
2026-05-16 15:42:23.516,ADC pin 15 raw = 2614  voltage = 2.107 V  angle = 212.7 deg
2026-05-16 15:42:23.526,ADC pin 15 raw = 2614  voltage = 2.107 V  angle = 212.7 deg
2026-05-16 15:42:23.536,ADC pin 15 raw = 2610  voltage = 2.103 V  angle = 212.3 deg
2026-05-16 15:42:23.546,ADC pin 15 raw = 2606  voltage = 2.100 V  angle = 211.9 deg
2026-05-16 15:42:23.561,ADC pin 15 raw = 2593  voltage = 2.090 V  angle = 210.6 deg
2026-05-16 15:42:23.568,ADC pin 15 raw = 2595  voltage = 2.091 V  angle = 210.8 deg
2026-05-16 15:42:23.577,ADC pin 15 raw = 2593  voltage = 2.090 V  angle = 210.6 deg
2026-05-16 15:42:23.585,ADC pin 15 raw = 2591  voltage = 2.088 V  angle = 210.4 deg
2026-05-16 15:42:23.595,ADC pin 15 raw = 2586  voltage = 2.084 V  angle = 209.9 deg
2026-05-16 15:42:23.605,ADC pin 15 raw = 2592  voltage = 2.089 V  angle = 210.5 deg
2026-05-16 15:42:23.615,ADC pin 15 raw = 2596  voltage = 2.092 V  angle = 210.9 deg
2026-05-16 15:42:23.625,ADC pin 15 raw = 2605  voltage = 2.099 V  angle = 211.8 deg
2026-05-16 15:42:23.635,ADC pin 15 raw = 2609  voltage = 2.102 V  angle = 212.2 deg
2026-05-16 15:42:23.645,ADC pin 15 raw = 2605  voltage = 2.099 V  angle = 211.8 deg
2026-05-16 15:42:23.655,ADC pin 15 raw = 2606  voltage = 2.100 V  angle = 211.9 deg
2026-05-16 15:42:23.666,ADC pin 15 raw = 2599  voltage = 2.094 V  angle = 211.2 deg
2026-05-16 15:42:23.675,ADC pin 15 raw = 2593  voltage = 2.090 V  angle = 210.6 deg
2026-05-16 15:42:23.685,ADC pin 15 raw = 2593  voltage = 2.090 V  angle = 210.6 deg
2026-05-16 15:42:23.696,ADC pin 15 raw = 2596  voltage = 2.092 V  angle = 210.9 deg
2026-05-16 15:42:23.705,ADC pin 15 raw = 2582  voltage = 2.081 V  angle = 209.5 deg
2026-05-16 15:42:23.716,ADC pin 15 raw = 2589  voltage = 2.086 V  angle = 210.2 deg
2026-05-16 15:42:23.726,ADC pin 15 raw = 2592  voltage = 2.089 V  angle = 210.5 deg
2026-05-16 15:42:23.736,ADC pin 15 raw = 2595  voltage = 2.091 V  angle = 210.8 deg
2026-05-16 15:42:23.746,ADC pin 15 raw = 2598  voltage = 2.094 V  angle = 211.1 deg
2026-05-16 15:42:23.755,ADC pin 15 raw = 2597  voltage = 2.093 V  angle = 211.0 deg
2026-05-16 15:42:23.766,ADC pin 15 raw = 2598  voltage = 2.094 V  angle = 211.1 deg
2026-05-16 15:42:23.776,ADC pin 15 raw = 2595  voltage = 2.091 V  angle = 210.8 deg
2026-05-16 15:42:23.786,ADC pin 15 raw = 2591  voltage = 2.088 V  angle = 210.4 deg
2026-05-16 15:42:23.796,ADC pin 15 raw = 2587  voltage = 2.085 V  angle = 210.0 deg
2026-05-16 15:42:23.806,ADC pin 15 raw = 2579  voltage = 2.078 V  angle = 209.2 deg
2026-05-16 15:42:23.816,ADC pin 15 raw = 2582  voltage = 2.081 V  angle = 209.5 deg
2026-05-16 15:42:23.825,ADC pin 15 raw = 2585  voltage = 2.083 V  angle = 209.8 deg
2026-05-16 15:42:23.836,ADC pin 15 raw = 2573  voltage = 2.073 V  angle = 208.6 deg
2026-05-16 15:42:23.846,ADC pin 15 raw = 2579  voltage = 2.078 V  angle = 209.2 deg
2026-05-16 15:42:23.856,ADC pin 15 raw = 2587  voltage = 2.085 V  angle = 210.0 deg
2026-05-16 15:42:23.866,ADC pin 15 raw = 2582  voltage = 2.081 V  angle = 209.5 deg
2026-05-16 15:42:23.876,ADC pin 15 raw = 2580  voltage = 2.079 V  angle = 209.3 deg
2026-05-16 15:42:23.886,ADC pin 15 raw = 2590  voltage = 2.087 V  angle = 210.3 deg
2026-05-16 15:42:23.896,ADC pin 15 raw = 2582  voltage = 2.081 V  angle = 209.5 deg
2026-05-16 15:42:23.906,ADC pin 15 raw = 2573  voltage = 2.073 V  angle = 208.6 deg
2026-05-16 15:42:23.916,ADC pin 15 raw = 2587  voltage = 2.085 V  angle = 210.0 deg
2026-05-16 15:42:23.926,ADC pin 15 raw = 2580  voltage = 2.079 V  angle = 209.3 deg
2026-05-16 15:42:23.936,ADC pin 15 raw = 2581  voltage = 2.080 V  angle = 209.4 deg
2026-05-16 15:42:23.946,ADC pin 15 raw = 2580  voltage = 2.079 V  angle = 209.3 deg
2026-05-16 15:42:23.955,ADC pin 15 raw = 2578  voltage = 2.078 V  angle = 209.1 deg
2026-05-16 15:42:23.965,ADC pin 15 raw = 2580  voltage = 2.079 V  angle = 209.3 deg
2026-05-16 15:42:23.975,ADC pin 15 raw = 2586  voltage = 2.084 V  angle = 209.9 deg
2026-05-16 15:42:23.985,ADC pin 15 raw = 2580  voltage = 2.079 V  angle = 209.3 deg
2026-05-16 15:42:23.995,ADC pin 15 raw = 2580  voltage = 2.079 V  angle = 209.3 deg
2026-05-16 15:42:24.005,ADC pin 15 raw = 2572  voltage = 2.073 V  angle = 208.5 deg
2026-05-16 15:42:24.015,ADC pin 15 raw = 2578  voltage = 2.078 V  angle = 209.1 deg
2026-05-16 15:42:24.025,ADC pin 15 raw = 2571  voltage = 2.072 V  angle = 208.4 deg
2026-05-16 15:42:24.035,ADC pin 15 raw = 2578  voltage = 2.078 V  angle = 209.1 deg
2026-05-16 15:42:24.045,ADC pin 15 raw = 2584  voltage = 2.082 V  angle = 209.7 deg
2026-05-16 15:42:24.056,ADC pin 15 raw = 2565  voltage = 2.067 V  angle = 207.8 deg
2026-05-16 15:42:24.066,ADC pin 15 raw = 2579  voltage = 2.078 V  angle = 209.2 deg
2026-05-16 15:42:24.075,ADC pin 15 raw = 2580  voltage = 2.079 V  angle = 209.3 deg
2026-05-16 15:42:24.086,ADC pin 15 raw = 2586  voltage = 2.084 V  angle = 209.9 deg
2026-05-16 15:42:24.095,ADC pin 15 raw = 2579  voltage = 2.078 V  angle = 209.2 deg
2026-05-16 15:42:24.105,ADC pin 15 raw = 2574  voltage = 2.074 V  angle = 208.7 deg
2026-05-16 15:42:24.115,ADC pin 15 raw = 2599  voltage = 2.094 V  angle = 211.2 deg
2026-05-16 15:42:24.126,ADC pin 15 raw = 2606  voltage = 2.100 V  angle = 211.9 deg
2026-05-16 15:42:24.135,ADC pin 15 raw = 2611  voltage = 2.104 V  angle = 212.4 deg
2026-05-16 15:42:24.146,ADC pin 15 raw = 2631  voltage = 2.120 V  angle = 214.4 deg
2026-05-16 15:42:24.156,ADC pin 15 raw = 2611  voltage = 2.104 V  angle = 212.4 deg
2026-05-16 15:42:24.166,ADC pin 15 raw = 2532  voltage = 2.040 V  angle = 204.6 deg
2026-05-16 15:42:24.176,ADC pin 15 raw = 2447  voltage = 1.972 V  angle = 196.1 deg
2026-05-16 15:42:24.186,ADC pin 15 raw = 2476  voltage = 1.995 V  angle = 199.0 deg
2026-05-16 15:42:24.196,ADC pin 15 raw = 2445  voltage = 1.970 V  angle = 195.9 deg
2026-05-16 15:42:24.206,ADC pin 15 raw = 2417  voltage = 1.948 V  angle = 193.1 deg
2026-05-16 15:42:24.216,ADC pin 15 raw = 2415  voltage = 1.946 V  angle = 192.9 deg
2026-05-16 15:42:24.226,ADC pin 15 raw = 2410  voltage = 1.942 V  angle = 192.4 deg
2026-05-16 15:42:24.236,ADC pin 15 raw = 2406  voltage = 1.939 V  angle = 192.0 deg
2026-05-16 15:42:24.246,ADC pin 15 raw = 2409  voltage = 1.941 V  angle = 192.3 deg
2026-05-16 15:42:24.256,ADC pin 15 raw = 2410  voltage = 1.942 V  angle = 192.4 deg
2026-05-16 15:42:24.266,ADC pin 15 raw = 2414  voltage = 1.945 V  angle = 192.8 deg
2026-05-16 15:42:24.276,ADC pin 15 raw = 2417  voltage = 1.948 V  angle = 193.1 deg
2026-05-16 15:42:24.286,ADC pin 15 raw = 2417  voltage = 1.948 V  angle = 193.1 deg
2026-05-16 15:42:24.296,ADC pin 15 raw = 2415  voltage = 1.946 V  angle = 192.9 deg
2026-05-16 15:42:24.305,ADC pin 15 raw = 2415  voltage = 1.946 V  angle = 192.9 deg
2026-05-16 15:42:24.315,ADC pin 15 raw = 2415  voltage = 1.946 V  angle = 192.9 deg
2026-05-16 15:42:24.325,ADC pin 15 raw = 2405  voltage = 1.938 V  angle = 191.9 deg
2026-05-16 15:42:24.335,ADC pin 15 raw = 2414  voltage = 1.945 V  angle = 192.8 deg
2026-05-16 15:42:24.346,ADC pin 15 raw = 2409  voltage = 1.941 V  angle = 192.3 deg
2026-05-16 15:42:24.355,ADC pin 15 raw = 2393  voltage = 1.928 V  angle = 190.7 deg
2026-05-16 15:42:24.365,ADC pin 15 raw = 2392  voltage = 1.928 V  angle = 190.6 deg
2026-05-16 15:42:24.375,ADC pin 15 raw = 2406  voltage = 1.939 V  angle = 192.0 deg
2026-05-16 15:42:24.385,ADC pin 15 raw = 2409  voltage = 1.941 V  angle = 192.3 deg
2026-05-16 15:42:24.395,ADC pin 15 raw = 2411  voltage = 1.943 V  angle = 192.5 deg
2026-05-16 15:42:24.405,ADC pin 15 raw = 2415  voltage = 1.946 V  angle = 192.9 deg
2026-05-16 15:42:24.415,ADC pin 15 raw = 2406  voltage = 1.939 V  angle = 192.0 deg
2026-05-16 15:42:24.425,ADC pin 15 raw = 2400  voltage = 1.934 V  angle = 191.4 deg
2026-05-16 15:42:24.435,ADC pin 15 raw = 2407  voltage = 1.940 V  angle = 192.1 deg
2026-05-16 15:42:24.446,ADC pin 15 raw = 2400  voltage = 1.934 V  angle = 191.4 deg
2026-05-16 15:42:24.456,ADC pin 15 raw = 2412  voltage = 1.944 V  angle = 192.6 deg
2026-05-16 15:42:24.466,ADC pin 15 raw = 2402  voltage = 1.936 V  angle = 191.6 deg
2026-05-16 15:42:24.475,ADC pin 15 raw = 2397  voltage = 1.932 V  angle = 191.1 deg
2026-05-16 15:42:24.485,ADC pin 15 raw = 2394  voltage = 1.929 V  angle = 190.8 deg
2026-05-16 15:42:24.496,ADC pin 15 raw = 2402  voltage = 1.936 V  angle = 191.6 deg
2026-05-16 15:42:24.505,ADC pin 15 raw = 2412  voltage = 1.944 V  angle = 192.6 deg
2026-05-16 15:42:24.515,ADC pin 15 raw = 2413  voltage = 1.945 V  angle = 192.7 deg
2026-05-16 15:42:24.525,ADC pin 15 raw = 2395  voltage = 1.930 V  angle = 190.9 deg
2026-05-16 15:42:24.535,ADC pin 15 raw = 2393  voltage = 1.928 V  angle = 190.7 deg
2026-05-16 15:42:24.545,ADC pin 15 raw = 2397  voltage = 1.932 V  angle = 191.1 deg
2026-05-16 15:42:24.555,ADC pin 15 raw = 2397  voltage = 1.932 V  angle = 191.1 deg
2026-05-16 15:42:24.565,ADC pin 15 raw = 2401  voltage = 1.935 V  angle = 191.5 deg
2026-05-16 15:42:24.575,ADC pin 15 raw = 2407  voltage = 1.940 V  angle = 192.1 deg
2026-05-16 15:42:24.586,ADC pin 15 raw = 2406  voltage = 1.939 V  angle = 192.0 deg
2026-05-16 15:42:24.595,ADC pin 15 raw = 2409  voltage = 1.941 V  angle = 192.3 deg
2026-05-16 15:42:24.605,ADC pin 15 raw = 2402  voltage = 1.936 V  angle = 191.6 deg
2026-05-16 15:42:24.615,ADC pin 15 raw = 2396  voltage = 1.931 V  angle = 191.0 deg
2026-05-16 15:42:24.625,ADC pin 15 raw = 2400  voltage = 1.934 V  angle = 191.4 deg
2026-05-16 15:42:24.635,ADC pin 15 raw = 2396  voltage = 1.931 V  angle = 191.0 deg
2026-05-16 15:42:24.645,ADC pin 15 raw = 2395  voltage = 1.930 V  angle = 190.9 deg
2026-05-16 15:42:24.655,ADC pin 15 raw = 2393  voltage = 1.928 V  angle = 190.7 deg
2026-05-16 15:42:24.666,ADC pin 15 raw = 2397  voltage = 1.932 V  angle = 191.1 deg
2026-05-16 15:42:24.675,ADC pin 15 raw = 2397  voltage = 1.932 V  angle = 191.1 deg
2026-05-16 15:42:24.685,ADC pin 15 raw = 2388  voltage = 1.924 V  angle = 190.2 deg
2026-05-16 15:42:24.695,ADC pin 15 raw = 2387  voltage = 1.924 V  angle = 190.1 deg
2026-05-16 15:42:24.705,ADC pin 15 raw = 2388  voltage = 1.924 V  angle = 190.2 deg
2026-05-16 15:42:24.715,ADC pin 15 raw = 2387  voltage = 1.924 V  angle = 190.1 deg
2026-05-16 15:42:24.725,ADC pin 15 raw = 2395  voltage = 1.930 V  angle = 190.9 deg
2026-05-16 15:42:24.735,ADC pin 15 raw = 2398  voltage = 1.932 V  angle = 191.2 deg
2026-05-16 15:42:24.745,ADC pin 15 raw = 2396  voltage = 1.931 V  angle = 191.0 deg
2026-05-16 15:42:24.755,ADC pin 15 raw = 2393  voltage = 1.928 V  angle = 190.7 deg
2026-05-16 15:42:24.766,ADC pin 15 raw = 2393  voltage = 1.928 V  angle = 190.7 deg
2026-05-16 15:42:24.775,ADC pin 15 raw = 2391  voltage = 1.927 V  angle = 190.5 deg
2026-05-16 15:42:24.785,ADC pin 15 raw = 2389  voltage = 1.925 V  angle = 190.3 deg
2026-05-16 15:42:24.796,ADC pin 15 raw = 2391  voltage = 1.927 V  angle = 190.5 deg
2026-05-16 15:42:24.805,ADC pin 15 raw = 2388  voltage = 1.924 V  angle = 190.2 deg
2026-05-16 15:42:24.816,ADC pin 15 raw = 2388  voltage = 1.924 V  angle = 190.2 deg
2026-05-16 15:42:24.826,ADC pin 15 raw = 2390  voltage = 1.926 V  angle = 190.4 deg
2026-05-16 15:42:24.836,ADC pin 15 raw = 2389  voltage = 1.925 V  angle = 190.3 deg
2026-05-16 15:42:24.845,ADC pin 15 raw = 2389  voltage = 1.925 V  angle = 190.3 deg
2026-05-16 15:42:24.856,ADC pin 15 raw = 2387  voltage = 1.924 V  angle = 190.1 deg
2026-05-16 15:42:24.866,ADC pin 15 raw = 2388  voltage = 1.924 V  angle = 190.2 deg
2026-05-16 15:42:24.876,ADC pin 15 raw = 2383  voltage = 1.920 V  angle = 189.7 deg
2026-05-16 15:42:24.886,ADC pin 15 raw = 2387  voltage = 1.924 V  angle = 190.1 deg
2026-05-16 15:42:24.896,ADC pin 15 raw = 2388  voltage = 1.924 V  angle = 190.2 deg
2026-05-16 15:42:24.906,ADC pin 15 raw = 2385  voltage = 1.922 V  angle = 189.9 deg
2026-05-16 15:42:24.916,ADC pin 15 raw = 2389  voltage = 1.925 V  angle = 190.3 deg
2026-05-16 15:42:24.926,ADC pin 15 raw = 2390  voltage = 1.926 V  angle = 190.4 deg
2026-05-16 15:42:24.936,ADC pin 15 raw = 2387  voltage = 1.924 V  angle = 190.1 deg
2026-05-16 15:42:24.946,ADC pin 15 raw = 2389  voltage = 1.925 V  angle = 190.3 deg
2026-05-16 15:42:24.956,ADC pin 15 raw = 2387  voltage = 1.924 V  angle = 190.1 deg
2026-05-16 15:42:24.969,ADC pin 15 raw = 2386  voltage = 1.923 V  angle = 190.0 deg
2026-05-16 15:42:24.976,ADC pin 15 raw = 2390  voltage = 1.926 V  angle = 190.4 deg
2026-05-16 15:42:24.986,ADC pin 15 raw = 2385  voltage = 1.922 V  angle = 189.9 deg
2026-05-16 15:42:24.997,ADC pin 15 raw = 2384  voltage = 1.921 V  angle = 189.8 deg
2026-05-16 15:42:25.005,ADC pin 15 raw = 2384  voltage = 1.921 V  angle = 189.8 deg
2026-05-16 15:42:25.015,ADC pin 15 raw = 2389  voltage = 1.925 V  angle = 190.3 deg
2026-05-16 15:42:25.025,ADC pin 15 raw = 2390  voltage = 1.926 V  angle = 190.4 deg
2026-05-16 15:42:25.035,ADC pin 15 raw = 2389  voltage = 1.925 V  angle = 190.3 deg
2026-05-16 15:42:25.045,ADC pin 15 raw = 2386  voltage = 1.923 V  angle = 190.0 deg
2026-05-16 15:42:25.055,ADC pin 15 raw = 2388  voltage = 1.924 V  angle = 190.2 deg
2026-05-16 15:42:25.065,ADC pin 15 raw = 2384  voltage = 1.921 V  angle = 189.8 deg
2026-05-16 15:42:25.075,ADC pin 15 raw = 2389  voltage = 1.925 V  angle = 190.3 deg
2026-05-16 15:42:25.086,ADC pin 15 raw = 2388  voltage = 1.924 V  angle = 190.2 deg
2026-05-16 15:42:25.099,ADC pin 15 raw = 2390  voltage = 1.926 V  angle = 190.4 deg
2026-05-16 15:42:25.106,ADC pin 15 raw = 2388  voltage = 1.924 V  angle = 190.2 deg
2026-05-16 15:42:25.115,ADC pin 15 raw = 2388  voltage = 1.924 V  angle = 190.2 deg
2026-05-16 15:42:25.125,ADC pin 15 raw = 2387  voltage = 1.924 V  angle = 190.1 deg
2026-05-16 15:42:25.135,ADC pin 15 raw = 2387  voltage = 1.924 V  angle = 190.1 deg
2026-05-16 15:42:25.145,ADC pin 15 raw = 2388  voltage = 1.924 V  angle = 190.2 deg
2026-05-16 15:42:25.155,ADC pin 15 raw = 2387  voltage = 1.924 V  angle = 190.1 deg
2026-05-16 15:42:25.165,ADC pin 15 raw = 2384  voltage = 1.921 V  angle = 189.8 deg
2026-05-16 15:42:25.175,ADC pin 15 raw = 2389  voltage = 1.925 V  angle = 190.3 deg
2026-05-16 15:42:25.185,ADC pin 15 raw = 2386  voltage = 1.923 V  angle = 190.0 deg
2026-05-16 15:42:25.195,ADC pin 15 raw = 2389  voltage = 1.925 V  angle = 190.3 deg
2026-05-16 15:42:25.205,ADC pin 15 raw = 2386  voltage = 1.923 V  angle = 190.0 deg
2026-05-16 15:42:25.215,ADC pin 15 raw = 2386  voltage = 1.923 V  angle = 190.0 deg
2026-05-16 15:42:25.225,ADC pin 15 raw = 2390  voltage = 1.926 V  angle = 190.4 deg
2026-05-16 15:42:25.235,ADC pin 15 raw = 2389  voltage = 1.925 V  angle = 190.3 deg
2026-05-16 15:42:25.245,ADC pin 15 raw = 2387  voltage = 1.924 V  angle = 190.1 deg
2026-05-16 15:42:25.255,ADC pin 15 raw = 2389  voltage = 1.925 V  angle = 190.3 deg
2026-05-16 15:42:25.265,ADC pin 15 raw = 2389  voltage = 1.925 V  angle = 190.3 deg
2026-05-16 15:42:25.275,ADC pin 15 raw = 2391  voltage = 1.927 V  angle = 190.5 deg
2026-05-16 15:42:25.285,ADC pin 15 raw = 2387  voltage = 1.924 V  angle = 190.1 deg
2026-05-16 15:42:25.295,ADC pin 15 raw = 2390  voltage = 1.926 V  angle = 190.4 deg
2026-05-16 15:42:25.305,ADC pin 15 raw = 2386  voltage = 1.923 V  angle = 190.0 deg
2026-05-16 15:42:25.316,ADC pin 15 raw = 2388  voltage = 1.924 V  angle = 190.2 deg
2026-05-16 15:42:25.326,ADC pin 15 raw = 2392  voltage = 1.928 V  angle = 190.6 deg
2026-05-16 15:42:25.335,ADC pin 15 raw = 2391  voltage = 1.927 V  angle = 190.5 deg
2026-05-16 15:42:25.346,ADC pin 15 raw = 2387  voltage = 1.924 V  angle = 190.1 deg
2026-05-16 15:42:25.355,ADC pin 15 raw = 2389  voltage = 1.925 V  angle = 190.3 deg
2026-05-16 15:42:25.366,ADC pin 15 raw = 2387  voltage = 1.924 V  angle = 190.1 deg
2026-05-16 15:42:25.375,ADC pin 15 raw = 2391  voltage = 1.927 V  angle = 190.5 deg
2026-05-16 15:42:25.385,ADC pin 15 raw = 2405  voltage = 1.938 V  angle = 191.9 deg
2026-05-16 15:42:25.396,ADC pin 15 raw = 2378  voltage = 1.916 V  angle = 189.2 deg
2026-05-16 15:42:25.405,ADC pin 15 raw = 2383  voltage = 1.920 V  angle = 189.7 deg
2026-05-16 15:42:25.419,ADC pin 15 raw = 2327  voltage = 1.875 V  angle = 184.2 deg
2026-05-16 15:42:25.425,ADC pin 15 raw = 2269  voltage = 1.828 V  angle = 179.3 deg
2026-05-16 15:42:25.436,ADC pin 15 raw = 2231  voltage = 1.798 V  angle = 177.8 deg
2026-05-16 15:42:25.446,ADC pin 15 raw = 2226  voltage = 1.794 V  angle = 177.6 deg
2026-05-16 15:42:25.455,ADC pin 15 raw = 2220  voltage = 1.789 V  angle = 177.3 deg
2026-05-16 15:42:25.466,ADC pin 15 raw = 2207  voltage = 1.779 V  angle = 176.8 deg
2026-05-16 15:42:25.476,ADC pin 15 raw = 2206  voltage = 1.778 V  angle = 176.8 deg
2026-05-16 15:42:25.486,ADC pin 15 raw = 2216  voltage = 1.786 V  angle = 177.2 deg
2026-05-16 15:42:25.496,ADC pin 15 raw = 2226  voltage = 1.794 V  angle = 177.6 deg
2026-05-16 15:42:25.506,ADC pin 15 raw = 2214  voltage = 1.784 V  angle = 177.1 deg
2026-05-16 15:42:25.516,ADC pin 15 raw = 2205  voltage = 1.777 V  angle = 176.7 deg
2026-05-16 15:42:25.526,ADC pin 15 raw = 2201  voltage = 1.774 V  angle = 176.6 deg
2026-05-16 15:42:25.536,ADC pin 15 raw = 2210  voltage = 1.781 V  angle = 176.9 deg
2026-05-16 15:42:25.545,ADC pin 15 raw = 2206  voltage = 1.778 V  angle = 176.8 deg
2026-05-16 15:42:25.556,ADC pin 15 raw = 2204  voltage = 1.776 V  angle = 176.7 deg
2026-05-16 15:42:25.566,ADC pin 15 raw = 2211  voltage = 1.782 V  angle = 177.0 deg
2026-05-16 15:42:25.576,ADC pin 15 raw = 2214  voltage = 1.784 V  angle = 177.1 deg
2026-05-16 15:42:25.586,ADC pin 15 raw = 2203  voltage = 1.775 V  angle = 176.6 deg
2026-05-16 15:42:25.596,ADC pin 15 raw = 2198  voltage = 1.771 V  angle = 176.4 deg
2026-05-16 15:42:25.606,ADC pin 15 raw = 2194  voltage = 1.768 V  angle = 176.3 deg
2026-05-16 15:42:25.616,ADC pin 15 raw = 2196  voltage = 1.770 V  angle = 176.4 deg
2026-05-16 15:42:25.626,ADC pin 15 raw = 2217  voltage = 1.787 V  angle = 177.2 deg
2026-05-16 15:42:25.636,ADC pin 15 raw = 2214  voltage = 1.784 V  angle = 177.1 deg
2026-05-16 15:42:25.646,ADC pin 15 raw = 2222  voltage = 1.791 V  angle = 177.4 deg
2026-05-16 15:42:25.655,ADC pin 15 raw = 2214  voltage = 1.784 V  angle = 177.1 deg
2026-05-16 15:42:25.666,ADC pin 15 raw = 2192  voltage = 1.766 V  angle = 176.2 deg
2026-05-16 15:42:25.676,ADC pin 15 raw = 2206  voltage = 1.778 V  angle = 176.8 deg
2026-05-16 15:42:25.686,ADC pin 15 raw = 2205  voltage = 1.777 V  angle = 176.7 deg
2026-05-16 15:42:25.696,ADC pin 15 raw = 2196  voltage = 1.770 V  angle = 176.4 deg
2026-05-16 15:42:25.706,ADC pin 15 raw = 2206  voltage = 1.778 V  angle = 176.8 deg
2026-05-16 15:42:25.716,ADC pin 15 raw = 2200  voltage = 1.773 V  angle = 176.5 deg
2026-05-16 15:42:25.726,ADC pin 15 raw = 2196  voltage = 1.770 V  angle = 176.4 deg
2026-05-16 15:42:25.749,ADC pin 15 raw = 2198  voltage = 1.771 V  angle = 176.4 deg
2026-05-16 15:42:25.750,ADC pin 15 raw = 2193  voltage = 1.767 V  angle = 176.2 deg
2026-05-16 15:42:25.755,ADC pin 15 raw = 2192  voltage = 1.766 V  angle = 176.2 deg
2026-05-16 15:42:25.765,ADC pin 15 raw = 2193  voltage = 1.767 V  angle = 176.2 deg
2026-05-16 15:42:25.775,ADC pin 15 raw = 2193  voltage = 1.767 V  angle = 176.2 deg
2026-05-16 15:42:25.785,ADC pin 15 raw = 2192  voltage = 1.766 V  angle = 176.2 deg
2026-05-16 15:42:25.795,ADC pin 15 raw = 2198  voltage = 1.771 V  angle = 176.4 deg
2026-05-16 15:42:25.806,ADC pin 15 raw = 2191  voltage = 1.766 V  angle = 176.1 deg
2026-05-16 15:42:25.816,ADC pin 15 raw = 2187  voltage = 1.762 V  angle = 176.0 deg
2026-05-16 15:42:25.826,ADC pin 15 raw = 2185  voltage = 1.761 V  angle = 175.9 deg
2026-05-16 15:42:25.837,ADC pin 15 raw = 2182  voltage = 1.758 V  angle = 175.8 deg
2026-05-16 15:42:25.846,ADC pin 15 raw = 2176  voltage = 1.754 V  angle = 175.5 deg
2026-05-16 15:42:25.856,ADC pin 15 raw = 2194  voltage = 1.768 V  angle = 176.3 deg
2026-05-16 15:42:25.866,ADC pin 15 raw = 2198  voltage = 1.771 V  angle = 176.4 deg
2026-05-16 15:42:25.875,ADC pin 15 raw = 2197  voltage = 1.770 V  angle = 176.4 deg
2026-05-16 15:42:25.886,ADC pin 15 raw = 2194  voltage = 1.768 V  angle = 176.3 deg
2026-05-16 15:42:25.896,ADC pin 15 raw = 2193  voltage = 1.767 V  angle = 176.2 deg
2026-05-16 15:42:25.906,ADC pin 15 raw = 2193  voltage = 1.767 V  angle = 176.2 deg
2026-05-16 15:42:25.916,ADC pin 15 raw = 2189  voltage = 1.764 V  angle = 176.1 deg
2026-05-16 15:42:25.926,ADC pin 15 raw = 2186  voltage = 1.762 V  angle = 175.9 deg
2026-05-16 15:42:25.936,ADC pin 15 raw = 2189  voltage = 1.764 V  angle = 176.1 deg
2026-05-16 15:42:25.946,ADC pin 15 raw = 2187  voltage = 1.762 V  angle = 176.0 deg
2026-05-16 15:42:25.956,ADC pin 15 raw = 2201  voltage = 1.774 V  angle = 176.6 deg
2026-05-16 15:42:25.966,ADC pin 15 raw = 2206  voltage = 1.778 V  angle = 176.8 deg
2026-05-16 15:42:25.976,ADC pin 15 raw = 2214  voltage = 1.784 V  angle = 177.1 deg
2026-05-16 15:42:25.986,ADC pin 15 raw = 2218  voltage = 1.787 V  angle = 177.3 deg
2026-05-16 15:42:25.996,ADC pin 15 raw = 2216  voltage = 1.786 V  angle = 177.2 deg
2026-05-16 15:42:26.006,ADC pin 15 raw = 2215  voltage = 1.785 V  angle = 177.1 deg
2026-05-16 15:42:26.016,ADC pin 15 raw = 2209  voltage = 1.780 V  angle = 176.9 deg
2026-05-16 15:42:26.026,ADC pin 15 raw = 2208  voltage = 1.779 V  angle = 176.8 deg
2026-05-16 15:42:26.036,ADC pin 15 raw = 2208  voltage = 1.779 V  angle = 176.8 deg
2026-05-16 15:42:26.046,ADC pin 15 raw = 2204  voltage = 1.776 V  angle = 176.7 deg
2026-05-16 15:42:26.055,ADC pin 15 raw = 2208  voltage = 1.779 V  angle = 176.8 deg
2026-05-16 15:42:26.065,ADC pin 15 raw = 2213  voltage = 1.783 V  angle = 177.0 deg
2026-05-16 15:42:26.076,ADC pin 15 raw = 2216  voltage = 1.786 V  angle = 177.2 deg
2026-05-16 15:42:26.086,ADC pin 15 raw = 2216  voltage = 1.786 V  angle = 177.2 deg
2026-05-16 15:42:26.096,ADC pin 15 raw = 2215  voltage = 1.785 V  angle = 177.1 deg
2026-05-16 15:42:26.106,ADC pin 15 raw = 2210  voltage = 1.781 V  angle = 176.9 deg
2026-05-16 15:42:26.116,ADC pin 15 raw = 2205  voltage = 1.777 V  angle = 176.7 deg
2026-05-16 15:42:26.126,ADC pin 15 raw = 2207  voltage = 1.779 V  angle = 176.8 deg
2026-05-16 15:42:26.136,ADC pin 15 raw = 2204  voltage = 1.776 V  angle = 176.7 deg
2026-05-16 15:42:26.146,ADC pin 15 raw = 2202  voltage = 1.775 V  angle = 176.6 deg
2026-05-16 15:42:26.156,ADC pin 15 raw = 2196  voltage = 1.770 V  angle = 176.4 deg
2026-05-16 15:42:26.166,ADC pin 15 raw = 2202  voltage = 1.775 V  angle = 176.6 deg
2026-05-16 15:42:26.176,ADC pin 15 raw = 2199  voltage = 1.772 V  angle = 176.5 deg
2026-05-16 15:42:26.186,ADC pin 15 raw = 2202  voltage = 1.775 V  angle = 176.6 deg
2026-05-16 15:42:26.196,ADC pin 15 raw = 2211  voltage = 1.782 V  angle = 177.0 deg
2026-05-16 15:42:26.206,ADC pin 15 raw = 2211  voltage = 1.782 V  angle = 177.0 deg
2026-05-16 15:42:26.216,ADC pin 15 raw = 2213  voltage = 1.783 V  angle = 177.0 deg
2026-05-16 15:42:26.226,ADC pin 15 raw = 2203  voltage = 1.775 V  angle = 176.6 deg
2026-05-16 15:42:26.236,ADC pin 15 raw = 2205  voltage = 1.777 V  angle = 176.7 deg
2026-05-16 15:42:26.246,ADC pin 15 raw = 2201  voltage = 1.774 V  angle = 176.6 deg
2026-05-16 15:42:26.256,ADC pin 15 raw = 2209  voltage = 1.780 V  angle = 176.9 deg
2026-05-16 15:42:26.266,ADC pin 15 raw = 2207  voltage = 1.779 V  angle = 176.8 deg
2026-05-16 15:42:26.276,ADC pin 15 raw = 2212  voltage = 1.783 V  angle = 177.0 deg
2026-05-16 15:42:26.286,ADC pin 15 raw = 2201  voltage = 1.774 V  angle = 176.6 deg
2026-05-16 15:42:26.296,ADC pin 15 raw = 2200  voltage = 1.773 V  angle = 176.5 deg
2026-05-16 15:42:26.306,ADC pin 15 raw = 2198  voltage = 1.771 V  angle = 176.4 deg
2026-05-16 15:42:26.316,ADC pin 15 raw = 2199  voltage = 1.772 V  angle = 176.5 deg
2026-05-16 15:42:26.326,ADC pin 15 raw = 2194  voltage = 1.768 V  angle = 176.3 deg
2026-05-16 15:42:26.336,ADC pin 15 raw = 2196  voltage = 1.770 V  angle = 176.4 deg
2026-05-16 15:42:26.346,ADC pin 15 raw = 2199  voltage = 1.772 V  angle = 176.5 deg
2026-05-16 15:42:26.355,ADC pin 15 raw = 2199  voltage = 1.772 V  angle = 176.5 deg
2026-05-16 15:42:26.366,ADC pin 15 raw = 2197  voltage = 1.770 V  angle = 176.4 deg
2026-05-16 15:42:26.376,ADC pin 15 raw = 2195  voltage = 1.769 V  angle = 176.3 deg
2026-05-16 15:42:26.386,ADC pin 15 raw = 2194  voltage = 1.768 V  angle = 176.3 deg
2026-05-16 15:42:26.396,ADC pin 15 raw = 2194  voltage = 1.768 V  angle = 176.3 deg
2026-05-16 15:42:26.405,ADC pin 15 raw = 2193  voltage = 1.767 V  angle = 176.2 deg
2026-05-16 15:42:26.416,ADC pin 15 raw = 2194  voltage = 1.768 V  angle = 176.3 deg
2026-05-16 15:42:26.426,ADC pin 15 raw = 2190  voltage = 1.765 V  angle = 176.1 deg
2026-05-16 15:42:26.436,ADC pin 15 raw = 2194  voltage = 1.768 V  angle = 176.3 deg
2026-05-16 15:42:26.446,ADC pin 15 raw = 2193  voltage = 1.767 V  angle = 176.2 deg
2026-05-16 15:42:26.456,ADC pin 15 raw = 2193  voltage = 1.767 V  angle = 176.2 deg
2026-05-16 15:42:26.466,ADC pin 15 raw = 2192  voltage = 1.766 V  angle = 176.2 deg
2026-05-16 15:42:26.476,ADC pin 15 raw = 2191  voltage = 1.766 V  angle = 176.1 deg
2026-05-16 15:42:26.486,ADC pin 15 raw = 2199  voltage = 1.772 V  angle = 176.5 deg
2026-05-16 15:42:26.496,ADC pin 15 raw = 2192  voltage = 1.766 V  angle = 176.2 deg
2026-05-16 15:42:26.506,ADC pin 15 raw = 2194  voltage = 1.768 V  angle = 176.3 deg
2026-05-16 15:42:26.519,ADC pin 15 raw = 2192  voltage = 1.766 V  angle = 176.2 deg
2026-05-16 15:42:26.525,ADC pin 15 raw = 2193  voltage = 1.767 V  angle = 176.2 deg
2026-05-16 15:42:26.536,ADC pin 15 raw = 2190  voltage = 1.765 V  angle = 176.1 deg
2026-05-16 15:42:26.546,ADC pin 15 raw = 2189  voltage = 1.764 V  angle = 176.1 deg
2026-05-16 15:42:26.555,ADC pin 15 raw = 2189  voltage = 1.764 V  angle = 176.1 deg
2026-05-16 15:42:26.566,ADC pin 15 raw = 2192  voltage = 1.766 V  angle = 176.2 deg
2026-05-16 15:42:26.575,ADC pin 15 raw = 2192  voltage = 1.766 V  angle = 176.2 deg
2026-05-16 15:42:26.586,ADC pin 15 raw = 2191  voltage = 1.766 V  angle = 176.1 deg
2026-05-16 15:42:26.596,ADC pin 15 raw = 2193  voltage = 1.767 V  angle = 176.2 deg
2026-05-16 15:42:26.606,ADC pin 15 raw = 2193  voltage = 1.767 V  angle = 176.2 deg
2026-05-16 15:42:26.616,ADC pin 15 raw = 2189  voltage = 1.764 V  angle = 176.1 deg
2026-05-16 15:42:26.626,ADC pin 15 raw = 2190  voltage = 1.765 V  angle = 176.1 deg
2026-05-16 15:42:26.636,ADC pin 15 raw = 2188  voltage = 1.763 V  angle = 176.0 deg
2026-05-16 15:42:26.646,ADC pin 15 raw = 2193  voltage = 1.767 V  angle = 176.2 deg
2026-05-16 15:42:26.656,ADC pin 15 raw = 2189  voltage = 1.764 V  angle = 176.1 deg
2026-05-16 15:42:26.666,ADC pin 15 raw = 2194  voltage = 1.768 V  angle = 176.3 deg
2026-05-16 15:42:26.676,ADC pin 15 raw = 2195  voltage = 1.769 V  angle = 176.3 deg
2026-05-16 15:42:26.686,ADC pin 15 raw = 2193  voltage = 1.767 V  angle = 176.2 deg
2026-05-16 15:42:26.696,ADC pin 15 raw = 2194  voltage = 1.768 V  angle = 176.3 deg
2026-05-16 15:42:26.706,ADC pin 15 raw = 2191  voltage = 1.766 V  angle = 176.1 deg
2026-05-16 15:42:26.716,ADC pin 15 raw = 2199  voltage = 1.772 V  angle = 176.5 deg
2026-05-16 15:42:26.726,ADC pin 15 raw = 2194  voltage = 1.768 V  angle = 176.3 deg
2026-05-16 15:42:26.736,ADC pin 15 raw = 2197  voltage = 1.770 V  angle = 176.4 deg
2026-05-16 15:42:26.746,ADC pin 15 raw = 2193  voltage = 1.767 V  angle = 176.2 deg
2026-05-16 15:42:26.756,ADC pin 15 raw = 2191  voltage = 1.766 V  angle = 176.1 deg
2026-05-16 15:42:26.766,ADC pin 15 raw = 2191  voltage = 1.766 V  angle = 176.1 deg
2026-05-16 15:42:26.776,ADC pin 15 raw = 2195  voltage = 1.769 V  angle = 176.3 deg
2026-05-16 15:42:26.786,ADC pin 15 raw = 2190  voltage = 1.765 V  angle = 176.1 deg
2026-05-16 15:42:26.796,ADC pin 15 raw = 2190  voltage = 1.765 V  angle = 176.1 deg
2026-05-16 15:42:26.823,ADC pin 15 raw = 2195  voltage = 1.769 V  angle = 176.3 deg
2026-05-16 15:42:26.823,ADC pin 15 raw = 2191  voltage = 1.766 V  angle = 176.1 deg
2026-05-16 15:42:26.830,ADC pin 15 raw = 2192  voltage = 1.766 V  angle = 176.2 deg
2026-05-16 15:42:26.839,ADC pin 15 raw = 2189  voltage = 1.764 V  angle = 176.1 deg
2026-05-16 15:42:26.845,ADC pin 15 raw = 2191  voltage = 1.766 V  angle = 176.1 deg
2026-05-16 15:42:26.855,ADC pin 15 raw = 2193  voltage = 1.767 V  angle = 176.2 deg
2026-05-16 15:42:26.865,ADC pin 15 raw = 2192  voltage = 1.766 V  angle = 176.2 deg
2026-05-16 15:42:26.875,ADC pin 15 raw = 2191  voltage = 1.766 V  angle = 176.1 deg
2026-05-16 15:42:26.885,ADC pin 15 raw = 2190  voltage = 1.765 V  angle = 176.1 deg
2026-05-16 15:42:26.895,ADC pin 15 raw = 2193  voltage = 1.767 V  angle = 176.2 deg
2026-05-16 15:42:26.905,ADC pin 15 raw = 2191  voltage = 1.766 V  angle = 176.1 deg
2026-05-16 15:42:26.916,ADC pin 15 raw = 2191  voltage = 1.766 V  angle = 176.1 deg
2026-05-16 15:42:26.926,ADC pin 15 raw = 2194  voltage = 1.768 V  angle = 176.3 deg
2026-05-16 15:42:26.935,ADC pin 15 raw = 2192  voltage = 1.766 V  angle = 176.2 deg
2026-05-16 15:42:26.946,ADC pin 15 raw = 2191  voltage = 1.766 V  angle = 176.1 deg
2026-05-16 15:42:26.956,ADC pin 15 raw = 2194  voltage = 1.768 V  angle = 176.3 deg
2026-05-16 15:42:26.966,ADC pin 15 raw = 2189  voltage = 1.764 V  angle = 176.1 deg
2026-05-16 15:42:26.976,ADC pin 15 raw = 2188  voltage = 1.763 V  angle = 176.0 deg
2026-05-16 15:42:26.986,ADC pin 15 raw = 2189  voltage = 1.764 V  angle = 176.1 deg
2026-05-16 15:42:26.996,ADC pin 15 raw = 2191  voltage = 1.766 V  angle = 176.1 deg
2026-05-16 15:42:27.006,ADC pin 15 raw = 2190  voltage = 1.765 V  angle = 176.1 deg
2026-05-16 15:42:27.016,ADC pin 15 raw = 2190  voltage = 1.765 V  angle = 176.1 deg
2026-05-16 15:42:27.026,ADC pin 15 raw = 2191  voltage = 1.766 V  angle = 176.1 deg
2026-05-16 15:42:27.036,ADC pin 15 raw = 2193  voltage = 1.767 V  angle = 176.2 deg
2026-05-16 15:42:27.046,ADC pin 15 raw = 2192  voltage = 1.766 V  angle = 176.2 deg
2026-05-16 15:42:27.056,ADC pin 15 raw = 2194  voltage = 1.768 V  angle = 176.3 deg
2026-05-16 15:42:27.065,ADC pin 15 raw = 2189  voltage = 1.764 V  angle = 176.1 deg
2026-05-16 15:42:27.075,ADC pin 15 raw = 2192  voltage = 1.766 V  angle = 176.2 deg
2026-05-16 15:42:27.085,ADC pin 15 raw = 2189  voltage = 1.764 V  angle = 176.1 deg
2026-05-16 15:42:27.095,ADC pin 15 raw = 2188  voltage = 1.763 V  angle = 176.0 deg
2026-05-16 15:42:27.105,ADC pin 15 raw = 2192  voltage = 1.766 V  angle = 176.2 deg
2026-05-16 15:42:27.115,ADC pin 15 raw = 2190  voltage = 1.765 V  angle = 176.1 deg
2026-05-16 15:42:27.125,ADC pin 15 raw = 2192  voltage = 1.766 V  angle = 176.2 deg
2026-05-16 15:42:27.135,ADC pin 15 raw = 2193  voltage = 1.767 V  angle = 176.2 deg
2026-05-16 15:42:27.145,ADC pin 15 raw = 2190  voltage = 1.765 V  angle = 176.1 deg
2026-05-16 15:42:27.155,ADC pin 15 raw = 2190  voltage = 1.765 V  angle = 176.1 deg
2026-05-16 15:42:27.165,ADC pin 15 raw = 2188  voltage = 1.763 V  angle = 176.0 deg
2026-05-16 15:42:27.175,ADC pin 15 raw = 2191  voltage = 1.766 V  angle = 176.1 deg
2026-05-16 15:42:27.185,ADC pin 15 raw = 2189  voltage = 1.764 V  angle = 176.1 deg
2026-05-16 15:42:27.196,ADC pin 15 raw = 2191  voltage = 1.766 V  angle = 176.1 deg
2026-05-16 15:42:27.205,ADC pin 15 raw = 2189  voltage = 1.764 V  angle = 176.1 deg
2026-05-16 15:42:27.215,ADC pin 15 raw = 2189  voltage = 1.764 V  angle = 176.1 deg
2026-05-16 15:42:27.225,ADC pin 15 raw = 2189  voltage = 1.764 V  angle = 176.1 deg
2026-05-16 15:42:27.235,ADC pin 15 raw = 2192  voltage = 1.766 V  angle = 176.2 deg
2026-05-16 15:42:27.246,ADC pin 15 raw = 2190  voltage = 1.765 V  angle = 176.1 deg
2026-05-16 15:42:27.255,ADC pin 15 raw = 2192  voltage = 1.766 V  angle = 176.2 deg
2026-05-16 15:42:27.266,ADC pin 15 raw = 2190  voltage = 1.765 V  angle = 176.1 deg
2026-05-16 15:42:27.275,ADC pin 15 raw = 2188  voltage = 1.763 V  angle = 176.0 deg
2026-05-16 15:42:27.286,ADC pin 15 raw = 2191  voltage = 1.766 V  angle = 176.1 deg
2026-05-16 15:42:27.295,ADC pin 15 raw = 2190  voltage = 1.765 V  angle = 176.1 deg
2026-05-16 15:42:27.305,ADC pin 15 raw = 2195  voltage = 1.769 V  angle = 176.3 deg
2026-05-16 15:42:27.316,ADC pin 15 raw = 2193  voltage = 1.767 V  angle = 176.2 deg
2026-05-16 15:42:27.325,ADC pin 15 raw = 2193  voltage = 1.767 V  angle = 176.2 deg
2026-05-16 15:42:27.335,ADC pin 15 raw = 2188  voltage = 1.763 V  angle = 176.0 deg
2026-05-16 15:42:27.346,ADC pin 15 raw = 2192  voltage = 1.766 V  angle = 176.2 deg
2026-05-16 15:42:27.356,ADC pin 15 raw = 2191  voltage = 1.766 V  angle = 176.1 deg
2026-05-16 15:42:27.366,ADC pin 15 raw = 2190  voltage = 1.765 V  angle = 176.1 deg
2026-05-16 15:42:27.376,ADC pin 15 raw = 2188  voltage = 1.763 V  angle = 176.0 deg
2026-05-16 15:42:27.386,ADC pin 15 raw = 2190  voltage = 1.765 V  angle = 176.1 deg
2026-05-16 15:42:27.396,ADC pin 15 raw = 2192  voltage = 1.766 V  angle = 176.2 deg
2026-05-16 15:42:27.406,ADC pin 15 raw = 2193  voltage = 1.767 V  angle = 176.2 deg
2026-05-16 15:42:27.416,ADC pin 15 raw = 2188  voltage = 1.763 V  angle = 176.0 deg
2026-05-16 15:42:27.426,ADC pin 15 raw = 2188  voltage = 1.763 V  angle = 176.0 deg
2026-05-16 15:42:27.436,ADC pin 15 raw = 2192  voltage = 1.766 V  angle = 176.2 deg
2026-05-16 15:42:27.446,ADC pin 15 raw = 2191  voltage = 1.766 V  angle = 176.1 deg
2026-05-16 15:42:27.456,ADC pin 15 raw = 2192  voltage = 1.766 V  angle = 176.2 deg
2026-05-16 15:42:27.466,ADC pin 15 raw = 2189  voltage = 1.764 V  angle = 176.1 deg
2026-05-16 15:42:27.476,ADC pin 15 raw = 2186  voltage = 1.762 V  angle = 175.9 deg
2026-05-16 15:42:27.486,ADC pin 15 raw = 2186  voltage = 1.762 V  angle = 175.9 deg
2026-05-16 15:42:27.496,ADC pin 15 raw = 2191  voltage = 1.766 V  angle = 176.1 deg
2026-05-16 15:42:27.506,ADC pin 15 raw = 2191  voltage = 1.766 V  angle = 176.1 deg
2026-05-16 15:42:27.516,ADC pin 15 raw = 2187  voltage = 1.762 V  angle = 176.0 deg
2026-05-16 15:42:27.526,ADC pin 15 raw = 2189  voltage = 1.764 V  angle = 176.1 deg
2026-05-16 15:42:27.536,ADC pin 15 raw = 2187  voltage = 1.762 V  angle = 176.0 deg
2026-05-16 15:42:27.546,ADC pin 15 raw = 2188  voltage = 1.763 V  angle = 176.0 deg
2026-05-16 15:42:27.556,ADC pin 15 raw = 2189  voltage = 1.764 V  angle = 176.1 deg
2026-05-16 15:42:27.566,ADC pin 15 raw = 2191  voltage = 1.766 V  angle = 176.1 deg
2026-05-16 15:42:27.576,ADC pin 15 raw = 2191  voltage = 1.766 V  angle = 176.1 deg
2026-05-16 15:42:27.586,ADC pin 15 raw = 2194  voltage = 1.768 V  angle = 176.3 deg
2026-05-16 15:42:27.596,ADC pin 15 raw = 2192  voltage = 1.766 V  angle = 176.2 deg
2026-05-16 15:42:27.606,ADC pin 15 raw = 2190  voltage = 1.765 V  angle = 176.1 deg
2026-05-16 15:42:27.616,ADC pin 15 raw = 2189  voltage = 1.764 V  angle = 176.1 deg
2026-05-16 15:42:27.626,ADC pin 15 raw = 2191  voltage = 1.766 V  angle = 176.1 deg
2026-05-16 15:42:27.636,ADC pin 15 raw = 2186  voltage = 1.762 V  angle = 175.9 deg
2026-05-16 15:42:27.646,ADC pin 15 raw = 2188  voltage = 1.763 V  angle = 176.0 deg
2026-05-16 15:42:27.655,ADC pin 15 raw = 2189  voltage = 1.764 V  angle = 176.1 deg
2026-05-16 15:42:27.666,ADC pin 15 raw = 2192  voltage = 1.766 V  angle = 176.2 deg
2026-05-16 15:42:27.676,ADC pin 15 raw = 2189  voltage = 1.764 V  angle = 176.1 deg
2026-05-16 15:42:27.686,ADC pin 15 raw = 2193  voltage = 1.767 V  angle = 176.2 deg
2026-05-16 15:42:27.696,ADC pin 15 raw = 2188  voltage = 1.763 V  angle = 176.0 deg
2026-05-16 15:42:27.706,ADC pin 15 raw = 2204  voltage = 1.776 V  angle = 176.7 deg
2026-05-16 15:42:27.716,ADC pin 15 raw = 2228  voltage = 1.795 V  angle = 177.7 deg
2026-05-16 15:42:27.726,ADC pin 15 raw = 2256  voltage = 1.818 V  angle = 178.8 deg
2026-05-16 15:42:27.736,ADC pin 15 raw = 2284  voltage = 1.841 V  angle = 180.0 deg
2026-05-16 15:42:27.746,ADC pin 15 raw = 2359  voltage = 1.901 V  angle = 187.4 deg
2026-05-16 15:42:27.756,ADC pin 15 raw = 2372  voltage = 1.912 V  angle = 188.7 deg
2026-05-16 15:42:27.766,ADC pin 15 raw = 2408  voltage = 1.941 V  angle = 192.2 deg
2026-05-16 15:42:27.776,ADC pin 15 raw = 2406  voltage = 1.939 V  angle = 192.0 deg
2026-05-16 15:42:27.786,ADC pin 15 raw = 2413  voltage = 1.945 V  angle = 192.7 deg
2026-05-16 15:42:27.796,ADC pin 15 raw = 2397  voltage = 1.932 V  angle = 191.1 deg
2026-05-16 15:42:27.806,ADC pin 15 raw = 2395  voltage = 1.930 V  angle = 190.9 deg
2026-05-16 15:42:27.816,ADC pin 15 raw = 2411  voltage = 1.943 V  angle = 192.5 deg
2026-05-16 15:42:27.826,ADC pin 15 raw = 2402  voltage = 1.936 V  angle = 191.6 deg
2026-05-16 15:42:27.836,ADC pin 15 raw = 2396  voltage = 1.931 V  angle = 191.0 deg
2026-05-16 15:42:27.846,ADC pin 15 raw = 2397  voltage = 1.932 V  angle = 191.1 deg
2026-05-16 15:42:27.856,ADC pin 15 raw = 2396  voltage = 1.931 V  angle = 191.0 deg
2026-05-16 15:42:27.866,ADC pin 15 raw = 2397  voltage = 1.932 V  angle = 191.1 deg
2026-05-16 15:42:27.876,ADC pin 15 raw = 2392  voltage = 1.928 V  angle = 190.6 deg
2026-05-16 15:42:27.886,ADC pin 15 raw = 2386  voltage = 1.923 V  angle = 190.0 deg
2026-05-16 15:42:27.896,ADC pin 15 raw = 2400  voltage = 1.934 V  angle = 191.4 deg
2026-05-16 15:42:27.906,ADC pin 15 raw = 2415  voltage = 1.946 V  angle = 192.9 deg
2026-05-16 15:42:27.916,ADC pin 15 raw = 2412  voltage = 1.944 V  angle = 192.6 deg
2026-05-16 15:42:27.926,ADC pin 15 raw = 2406  voltage = 1.939 V  angle = 192.0 deg
2026-05-16 15:42:27.936,ADC pin 15 raw = 2411  voltage = 1.943 V  angle = 192.5 deg
2026-05-16 15:42:27.946,ADC pin 15 raw = 2405  voltage = 1.938 V  angle = 191.9 deg
2026-05-16 15:42:27.956,ADC pin 15 raw = 2400  voltage = 1.934 V  angle = 191.4 deg
2026-05-16 15:42:27.966,ADC pin 15 raw = 2410  voltage = 1.942 V  angle = 192.4 deg
2026-05-16 15:42:27.976,ADC pin 15 raw = 2411  voltage = 1.943 V  angle = 192.5 deg
2026-05-16 15:42:27.986,ADC pin 15 raw = 2402  voltage = 1.936 V  angle = 191.6 deg
2026-05-16 15:42:27.996,ADC pin 15 raw = 2400  voltage = 1.934 V  angle = 191.4 deg
2026-05-16 15:42:28.006,ADC pin 15 raw = 2390  voltage = 1.926 V  angle = 190.4 deg
2026-05-16 15:42:28.016,ADC pin 15 raw = 2392  voltage = 1.928 V  angle = 190.6 deg
2026-05-16 15:42:28.026,ADC pin 15 raw = 2417  voltage = 1.948 V  angle = 193.1 deg
2026-05-16 15:42:28.036,ADC pin 15 raw = 2412  voltage = 1.944 V  angle = 192.6 deg
2026-05-16 15:42:28.046,ADC pin 15 raw = 2412  voltage = 1.944 V  angle = 192.6 deg
2026-05-16 15:42:28.056,ADC pin 15 raw = 2404  voltage = 1.937 V  angle = 191.8 deg
2026-05-16 15:42:28.066,ADC pin 15 raw = 2405  voltage = 1.938 V  angle = 191.9 deg
2026-05-16 15:42:28.076,ADC pin 15 raw = 2406  voltage = 1.939 V  angle = 192.0 deg
2026-05-16 15:42:28.086,ADC pin 15 raw = 2413  voltage = 1.945 V  angle = 192.7 deg
2026-05-16 15:42:28.096,ADC pin 15 raw = 2405  voltage = 1.938 V  angle = 191.9 deg
2026-05-16 15:42:28.106,ADC pin 15 raw = 2398  voltage = 1.932 V  angle = 191.2 deg
2026-05-16 15:42:28.116,ADC pin 15 raw = 2391  voltage = 1.927 V  angle = 190.5 deg
2026-05-16 15:42:28.126,ADC pin 15 raw = 2389  voltage = 1.925 V  angle = 190.3 deg
2026-05-16 15:42:28.136,ADC pin 15 raw = 2397  voltage = 1.932 V  angle = 191.1 deg
2026-05-16 15:42:28.146,ADC pin 15 raw = 2416  voltage = 1.947 V  angle = 193.0 deg
2026-05-16 15:42:28.156,ADC pin 15 raw = 2408  voltage = 1.941 V  angle = 192.2 deg
2026-05-16 15:42:28.166,ADC pin 15 raw = 2403  voltage = 1.936 V  angle = 191.7 deg
2026-05-16 15:42:28.176,ADC pin 15 raw = 2397  voltage = 1.932 V  angle = 191.1 deg
2026-05-16 15:42:28.186,ADC pin 15 raw = 2399  voltage = 1.933 V  angle = 191.3 deg
2026-05-16 15:42:28.196,ADC pin 15 raw = 2404  voltage = 1.937 V  angle = 191.8 deg
2026-05-16 15:42:28.206,ADC pin 15 raw = 2399  voltage = 1.933 V  angle = 191.3 deg
2026-05-16 15:42:28.216,ADC pin 15 raw = 2386  voltage = 1.923 V  angle = 190.0 deg
2026-05-16 15:42:28.226,ADC pin 15 raw = 2388  voltage = 1.924 V  angle = 190.2 deg
2026-05-16 15:42:28.236,ADC pin 15 raw = 2399  voltage = 1.933 V  angle = 191.3 deg
2026-05-16 15:42:28.246,ADC pin 15 raw = 2388  voltage = 1.924 V  angle = 190.2 deg
2026-05-16 15:42:28.255,ADC pin 15 raw = 2386  voltage = 1.923 V  angle = 190.0 deg
2026-05-16 15:42:28.266,ADC pin 15 raw = 2390  voltage = 1.926 V  angle = 190.4 deg
2026-05-16 15:42:28.276,ADC pin 15 raw = 2386  voltage = 1.923 V  angle = 190.0 deg
2026-05-16 15:42:28.286,ADC pin 15 raw = 2387  voltage = 1.924 V  angle = 190.1 deg
2026-05-16 15:42:28.296,ADC pin 15 raw = 2391  voltage = 1.927 V  angle = 190.5 deg
2026-05-16 15:42:28.306,ADC pin 15 raw = 2389  voltage = 1.925 V  angle = 190.3 deg
2026-05-16 15:42:28.316,ADC pin 15 raw = 2388  voltage = 1.924 V  angle = 190.2 deg
2026-05-16 15:42:28.325,ADC pin 15 raw = 2394  voltage = 1.929 V  angle = 190.8 deg
2026-05-16 15:42:28.336,ADC pin 15 raw = 2387  voltage = 1.924 V  angle = 190.1 deg
2026-05-16 15:42:28.346,ADC pin 15 raw = 2394  voltage = 1.929 V  angle = 190.8 deg
2026-05-16 15:42:28.355,ADC pin 15 raw = 2390  voltage = 1.926 V  angle = 190.4 deg
2026-05-16 15:42:28.366,ADC pin 15 raw = 2395  voltage = 1.930 V  angle = 190.9 deg
2026-05-16 15:42:28.375,ADC pin 15 raw = 2395  voltage = 1.930 V  angle = 190.9 deg
2026-05-16 15:42:28.386,ADC pin 15 raw = 2397  voltage = 1.932 V  angle = 191.1 deg
2026-05-16 15:42:28.396,ADC pin 15 raw = 2391  voltage = 1.927 V  angle = 190.5 deg
2026-05-16 15:42:28.406,ADC pin 15 raw = 2390  voltage = 1.926 V  angle = 190.4 deg
2026-05-16 15:42:28.416,ADC pin 15 raw = 2393  voltage = 1.928 V  angle = 190.7 deg
2026-05-16 15:42:28.426,ADC pin 15 raw = 2389  voltage = 1.925 V  angle = 190.3 deg
2026-05-16 15:42:28.436,ADC pin 15 raw = 2389  voltage = 1.925 V  angle = 190.3 deg
2026-05-16 15:42:28.446,ADC pin 15 raw = 2388  voltage = 1.924 V  angle = 190.2 deg
2026-05-16 15:42:28.456,ADC pin 15 raw = 2386  voltage = 1.923 V  angle = 190.0 deg
2026-05-16 15:42:28.466,ADC pin 15 raw = 2391  voltage = 1.927 V  angle = 190.5 deg
2026-05-16 15:42:28.476,ADC pin 15 raw = 2392  voltage = 1.928 V  angle = 190.6 deg
2026-05-16 15:42:28.486,ADC pin 15 raw = 2390  voltage = 1.926 V  angle = 190.4 deg
2026-05-16 15:42:28.496,ADC pin 15 raw = 2390  voltage = 1.926 V  angle = 190.4 deg
2026-05-16 15:42:28.506,ADC pin 15 raw = 2386  voltage = 1.923 V  angle = 190.0 deg
2026-05-16 15:42:28.516,ADC pin 15 raw = 2387  voltage = 1.924 V  angle = 190.1 deg
2026-05-16 15:42:28.526,ADC pin 15 raw = 2388  voltage = 1.924 V  angle = 190.2 deg
2026-05-16 15:42:28.536,ADC pin 15 raw = 2387  voltage = 1.924 V  angle = 190.1 deg
2026-05-16 15:42:28.549,ADC pin 15 raw = 2390  voltage = 1.926 V  angle = 190.4 deg
2026-05-16 15:42:28.559,ADC pin 15 raw = 2390  voltage = 1.926 V  angle = 190.4 deg
2026-05-16 15:42:28.566,ADC pin 15 raw = 2384  voltage = 1.921 V  angle = 189.8 deg
2026-05-16 15:42:28.576,ADC pin 15 raw = 2389  voltage = 1.925 V  angle = 190.3 deg
2026-05-16 15:42:28.585,ADC pin 15 raw = 2396  voltage = 1.931 V  angle = 191.0 deg
2026-05-16 15:42:28.595,ADC pin 15 raw = 2393  voltage = 1.928 V  angle = 190.7 deg
2026-05-16 15:42:28.605,ADC pin 15 raw = 2394  voltage = 1.929 V  angle = 190.8 deg
2026-05-16 15:42:28.615,ADC pin 15 raw = 2390  voltage = 1.926 V  angle = 190.4 deg
2026-05-16 15:42:28.625,ADC pin 15 raw = 2391  voltage = 1.927 V  angle = 190.5 deg
2026-05-16 15:42:28.635,ADC pin 15 raw = 2391  voltage = 1.927 V  angle = 190.5 deg
2026-05-16 15:42:28.645,ADC pin 15 raw = 2388  voltage = 1.924 V  angle = 190.2 deg
2026-05-16 15:42:28.655,ADC pin 15 raw = 2396  voltage = 1.931 V  angle = 191.0 deg
2026-05-16 15:42:28.665,ADC pin 15 raw = 2390  voltage = 1.926 V  angle = 190.4 deg
2026-05-16 15:42:28.676,ADC pin 15 raw = 2390  voltage = 1.926 V  angle = 190.4 deg
2026-05-16 15:42:28.686,ADC pin 15 raw = 2391  voltage = 1.927 V  angle = 190.5 deg
2026-05-16 15:42:28.696,ADC pin 15 raw = 2387  voltage = 1.924 V  angle = 190.1 deg
2026-05-16 15:42:28.705,ADC pin 15 raw = 2393  voltage = 1.928 V  angle = 190.7 deg
2026-05-16 15:42:28.716,ADC pin 15 raw = 2389  voltage = 1.925 V  angle = 190.3 deg
2026-05-16 15:42:28.726,ADC pin 15 raw = 2387  voltage = 1.924 V  angle = 190.1 deg
2026-05-16 15:42:28.736,ADC pin 15 raw = 2392  voltage = 1.928 V  angle = 190.6 deg
2026-05-16 15:42:28.746,ADC pin 15 raw = 2387  voltage = 1.924 V  angle = 190.1 deg
2026-05-16 15:42:28.756,ADC pin 15 raw = 2393  voltage = 1.928 V  angle = 190.7 deg
2026-05-16 15:42:28.766,ADC pin 15 raw = 2386  voltage = 1.923 V  angle = 190.0 deg
2026-05-16 15:42:28.776,ADC pin 15 raw = 2386  voltage = 1.923 V  angle = 190.0 deg
2026-05-16 15:42:28.786,ADC pin 15 raw = 2388  voltage = 1.924 V  angle = 190.2 deg
2026-05-16 15:42:28.796,ADC pin 15 raw = 2387  voltage = 1.924 V  angle = 190.1 deg
2026-05-16 15:42:28.806,ADC pin 15 raw = 2387  voltage = 1.924 V  angle = 190.1 deg
2026-05-16 15:42:28.816,ADC pin 15 raw = 2389  voltage = 1.925 V  angle = 190.3 deg
2026-05-16 15:42:28.826,ADC pin 15 raw = 2387  voltage = 1.924 V  angle = 190.1 deg
2026-05-16 15:42:28.836,ADC pin 15 raw = 2388  voltage = 1.924 V  angle = 190.2 deg
2026-05-16 15:42:28.846,ADC pin 15 raw = 2388  voltage = 1.924 V  angle = 190.2 deg
2026-05-16 15:42:28.855,ADC pin 15 raw = 2391  voltage = 1.927 V  angle = 190.5 deg
2026-05-16 15:42:28.866,ADC pin 15 raw = 2395  voltage = 1.930 V  angle = 190.9 deg
2026-05-16 15:42:28.876,ADC pin 15 raw = 2386  voltage = 1.923 V  angle = 190.0 deg
2026-05-16 15:42:28.886,ADC pin 15 raw = 2390  voltage = 1.926 V  angle = 190.4 deg
2026-05-16 15:42:28.896,ADC pin 15 raw = 2390  voltage = 1.926 V  angle = 190.4 deg
2026-05-16 15:42:28.906,ADC pin 15 raw = 2388  voltage = 1.924 V  angle = 190.2 deg
2026-05-16 15:42:28.916,ADC pin 15 raw = 2393  voltage = 1.928 V  angle = 190.7 deg
2026-05-16 15:42:28.926,ADC pin 15 raw = 2388  voltage = 1.924 V  angle = 190.2 deg
2026-05-16 15:42:28.936,ADC pin 15 raw = 2387  voltage = 1.924 V  angle = 190.1 deg
2026-05-16 15:42:28.946,ADC pin 15 raw = 2388  voltage = 1.924 V  angle = 190.2 deg
2026-05-16 15:42:28.956,ADC pin 15 raw = 2388  voltage = 1.924 V  angle = 190.2 deg
2026-05-16 15:42:28.966,ADC pin 15 raw = 2392  voltage = 1.928 V  angle = 190.6 deg
2026-05-16 15:42:28.976,ADC pin 15 raw = 2386  voltage = 1.923 V  angle = 190.0 deg
2026-05-16 15:42:28.986,ADC pin 15 raw = 2391  voltage = 1.927 V  angle = 190.5 deg
2026-05-16 15:42:28.996,ADC pin 15 raw = 2388  voltage = 1.924 V  angle = 190.2 deg
2026-05-16 15:42:29.006,ADC pin 15 raw = 2393  voltage = 1.928 V  angle = 190.7 deg
2026-05-16 15:42:29.016,ADC pin 15 raw = 2391  voltage = 1.927 V  angle = 190.5 deg
2026-05-16 15:42:29.026,ADC pin 15 raw = 2389  voltage = 1.925 V  angle = 190.3 deg
2026-05-16 15:42:29.036,ADC pin 15 raw = 2393  voltage = 1.928 V  angle = 190.7 deg
2026-05-16 15:42:29.046,ADC pin 15 raw = 2393  voltage = 1.928 V  angle = 190.7 deg
2026-05-16 15:42:29.056,ADC pin 15 raw = 2390  voltage = 1.926 V  angle = 190.4 deg
2026-05-16 15:42:29.066,ADC pin 15 raw = 2395  voltage = 1.930 V  angle = 190.9 deg
2026-05-16 15:42:29.076,ADC pin 15 raw = 2392  voltage = 1.928 V  angle = 190.6 deg
2026-05-16 15:42:29.086,ADC pin 15 raw = 2393  voltage = 1.928 V  angle = 190.7 deg
2026-05-16 15:42:29.096,ADC pin 15 raw = 2388  voltage = 1.924 V  angle = 190.2 deg
2026-05-16 15:42:29.106,ADC pin 15 raw = 2388  voltage = 1.924 V  angle = 190.2 deg
2026-05-16 15:42:29.116,ADC pin 15 raw = 2389  voltage = 1.925 V  angle = 190.3 deg
2026-05-16 15:42:29.129,ADC pin 15 raw = 2391  voltage = 1.927 V  angle = 190.5 deg
2026-05-16 15:42:29.136,ADC pin 15 raw = 2388  voltage = 1.924 V  angle = 190.2 deg
2026-05-16 15:42:29.148,ADC pin 15 raw = 2390  voltage = 1.926 V  angle = 190.4 deg
2026-05-16 15:42:29.156,ADC pin 15 raw = 2390  voltage = 1.926 V  angle = 190.4 deg
2026-05-16 15:42:29.167,ADC pin 15 raw = 2390  voltage = 1.926 V  angle = 190.4 deg
2026-05-16 15:42:29.176,ADC pin 15 raw = 2388  voltage = 1.924 V  angle = 190.2 deg
2026-05-16 15:42:29.186,ADC pin 15 raw = 2392  voltage = 1.928 V  angle = 190.6 deg
2026-05-16 15:42:29.196,ADC pin 15 raw = 2387  voltage = 1.924 V  angle = 190.1 deg
2026-05-16 15:42:29.210,ADC pin 15 raw = 2389  voltage = 1.925 V  angle = 190.3 deg
2026-05-16 15:42:29.234,ADC pin 15 raw = 2387  voltage = 1.924 V  angle = 190.1 deg
2026-05-16 15:42:29.235,ADC pin 15 raw = 2388  voltage = 1.924 V  angle = 190.2 deg
2026-05-16 15:42:29.235,ADC pin 15 raw = 2387  voltage = 1.924 V  angle = 190.1 deg
2026-05-16 15:42:29.245,ADC pin 15 raw = 2386  voltage = 1.923 V  angle = 190.0 deg
2026-05-16 15:42:29.255,ADC pin 15 raw = 2390  voltage = 1.926 V  angle = 190.4 deg
2026-05-16 15:42:29.275,ADC pin 15 raw = 2392  voltage = 1.928 V  angle = 190.6 deg
2026-05-16 15:42:29.275,ADC pin 15 raw = 2390  voltage = 1.926 V  angle = 190.4 deg
2026-05-16 15:42:29.285,ADC pin 15 raw = 2388  voltage = 1.924 V  angle = 190.2 deg
2026-05-16 15:42:29.295,ADC pin 15 raw = 2386  voltage = 1.923 V  angle = 190.0 deg
2026-05-16 15:42:29.305,ADC pin 15 raw = 2386  voltage = 1.923 V  angle = 190.0 deg
2026-05-16 15:42:29.316,ADC pin 15 raw = 2385  voltage = 1.922 V  angle = 189.9 deg
2026-05-16 15:42:29.326,ADC pin 15 raw = 2391  voltage = 1.927 V  angle = 190.5 deg
2026-05-16 15:42:29.337,ADC pin 15 raw = 2393  voltage = 1.928 V  angle = 190.7 deg
2026-05-16 15:42:29.346,ADC pin 15 raw = 2389  voltage = 1.925 V  angle = 190.3 deg
2026-05-16 15:42:29.362,ADC pin 15 raw = 2391  voltage = 1.927 V  angle = 190.5 deg
2026-05-16 15:42:29.367,ADC pin 15 raw = 2395  voltage = 1.930 V  angle = 190.9 deg
2026-05-16 15:42:29.378,ADC pin 15 raw = 2388  voltage = 1.924 V  angle = 190.2 deg
2026-05-16 15:42:29.385,ADC pin 15 raw = 2389  voltage = 1.925 V  angle = 190.3 deg
2026-05-16 15:42:29.395,ADC pin 15 raw = 2388  voltage = 1.924 V  angle = 190.2 deg
2026-05-16 15:42:29.405,ADC pin 15 raw = 2388  voltage = 1.924 V  angle = 190.2 deg
2026-05-16 15:42:29.415,ADC pin 15 raw = 2388  voltage = 1.924 V  angle = 190.2 deg
2026-05-16 15:42:29.426,ADC pin 15 raw = 2387  voltage = 1.924 V  angle = 190.1 deg
2026-05-16 15:42:29.435,ADC pin 15 raw = 2392  voltage = 1.928 V  angle = 190.6 deg
2026-05-16 15:42:29.446,ADC pin 15 raw = 2391  voltage = 1.927 V  angle = 190.5 deg
2026-05-16 15:42:29.456,ADC pin 15 raw = 2393  voltage = 1.928 V  angle = 190.7 deg
2026-05-16 15:42:29.466,ADC pin 15 raw = 2388  voltage = 1.924 V  angle = 190.2 deg
2026-05-16 15:42:29.476,ADC pin 15 raw = 2388  voltage = 1.924 V  angle = 190.2 deg
2026-05-16 15:42:29.485,ADC pin 15 raw = 2395  voltage = 1.930 V  angle = 190.9 deg
2026-05-16 15:42:29.496,ADC pin 15 raw = 2394  voltage = 1.929 V  angle = 190.8 deg
2026-05-16 15:42:29.506,ADC pin 15 raw = 2385  voltage = 1.922 V  angle = 189.9 deg
2026-05-16 15:42:29.516,ADC pin 15 raw = 2388  voltage = 1.924 V  angle = 190.2 deg
2026-05-16 15:42:29.526,ADC pin 15 raw = 2387  voltage = 1.924 V  angle = 190.1 deg
2026-05-16 15:42:29.536,ADC pin 15 raw = 2389  voltage = 1.925 V  angle = 190.3 deg
2026-05-16 15:42:29.546,ADC pin 15 raw = 2398  voltage = 1.932 V  angle = 191.2 deg
2026-05-16 15:42:29.556,ADC pin 15 raw = 2391  voltage = 1.927 V  angle = 190.5 deg
2026-05-16 15:42:29.566,ADC pin 15 raw = 2388  voltage = 1.924 V  angle = 190.2 deg
2026-05-16 15:42:29.576,ADC pin 15 raw = 2391  voltage = 1.927 V  angle = 190.5 deg
2026-05-16 15:42:29.586,ADC pin 15 raw = 2390  voltage = 1.926 V  angle = 190.4 deg
2026-05-16 15:42:29.596,ADC pin 15 raw = 2391  voltage = 1.927 V  angle = 190.5 deg
2026-05-16 15:42:29.606,ADC pin 15 raw = 2388  voltage = 1.924 V  angle = 190.2 deg
2026-05-16 15:42:29.616,ADC pin 15 raw = 2385  voltage = 1.922 V  angle = 189.9 deg
2026-05-16 15:42:29.626,ADC pin 15 raw = 2389  voltage = 1.925 V  angle = 190.3 deg
2026-05-16 15:42:29.636,ADC pin 15 raw = 2388  voltage = 1.924 V  angle = 190.2 deg
2026-05-16 15:42:29.646,ADC pin 15 raw = 2381  voltage = 1.919 V  angle = 189.5 deg
2026-05-16 15:42:29.656,ADC pin 15 raw = 2377  voltage = 1.916 V  angle = 189.1 deg
2026-05-16 15:42:29.666,ADC pin 15 raw = 2381  voltage = 1.919 V  angle = 189.5 deg
2026-05-16 15:42:29.676,ADC pin 15 raw = 2384  voltage = 1.921 V  angle = 189.8 deg
2026-05-16 15:42:29.686,ADC pin 15 raw = 2384  voltage = 1.921 V  angle = 189.8 deg
2026-05-16 15:42:29.696,ADC pin 15 raw = 2385  voltage = 1.922 V  angle = 189.9 deg
2026-05-16 15:42:29.706,ADC pin 15 raw = 2382  voltage = 1.920 V  angle = 189.6 deg
2026-05-16 15:42:29.716,ADC pin 15 raw = 2384  voltage = 1.921 V  angle = 189.8 deg
2026-05-16 15:42:29.726,ADC pin 15 raw = 2380  voltage = 1.918 V  angle = 189.4 deg
2026-05-16 15:42:29.736,ADC pin 15 raw = 2379  voltage = 1.917 V  angle = 189.3 deg
2026-05-16 15:42:29.746,ADC pin 15 raw = 2381  voltage = 1.919 V  angle = 189.5 deg
2026-05-16 15:42:29.756,ADC pin 15 raw = 2382  voltage = 1.920 V  angle = 189.6 deg
2026-05-16 15:42:29.766,ADC pin 15 raw = 2385  voltage = 1.922 V  angle = 189.9 deg
2026-05-16 15:42:29.776,ADC pin 15 raw = 2383  voltage = 1.920 V  angle = 189.7 deg
2026-05-16 15:42:29.786,ADC pin 15 raw = 2375  voltage = 1.914 V  angle = 189.0 deg
2026-05-16 15:42:29.796,ADC pin 15 raw = 2380  voltage = 1.918 V  angle = 189.4 deg
2026-05-16 15:42:29.806,ADC pin 15 raw = 2384  voltage = 1.921 V  angle = 189.8 deg
2026-05-16 15:42:29.816,ADC pin 15 raw = 2382  voltage = 1.920 V  angle = 189.6 deg
2026-05-16 15:42:29.826,ADC pin 15 raw = 2381  voltage = 1.919 V  angle = 189.5 deg
2026-05-16 15:42:29.836,ADC pin 15 raw = 2384  voltage = 1.921 V  angle = 189.8 deg
2026-05-16 15:42:29.846,ADC pin 15 raw = 2382  voltage = 1.920 V  angle = 189.6 deg
2026-05-16 15:42:29.856,ADC pin 15 raw = 2383  voltage = 1.920 V  angle = 189.7 deg
2026-05-16 15:42:29.867,ADC pin 15 raw = 2383  voltage = 1.920 V  angle = 189.7 deg
2026-05-16 15:42:29.876,ADC pin 15 raw = 2382  voltage = 1.920 V  angle = 189.6 deg
2026-05-16 15:42:29.886,ADC pin 15 raw = 2387  voltage = 1.924 V  angle = 190.1 deg
2026-05-16 15:42:29.896,ADC pin 15 raw = 2384  voltage = 1.921 V  angle = 189.8 deg
2026-05-16 15:42:29.906,ADC pin 15 raw = 2385  voltage = 1.922 V  angle = 189.9 deg
2026-05-16 15:42:29.916,ADC pin 15 raw = 2383  voltage = 1.920 V  angle = 189.7 deg
2026-05-16 15:42:29.926,ADC pin 15 raw = 2383  voltage = 1.920 V  angle = 189.7 deg
2026-05-16 15:42:29.936,ADC pin 15 raw = 2385  voltage = 1.922 V  angle = 189.9 deg
2026-05-16 15:42:29.946,ADC pin 15 raw = 2378  voltage = 1.916 V  angle = 189.2 deg
2026-05-16 15:42:29.956,ADC pin 15 raw = 2383  voltage = 1.920 V  angle = 189.7 deg
2026-05-16 15:42:29.966,ADC pin 15 raw = 2382  voltage = 1.920 V  angle = 189.6 deg
2026-05-16 15:42:29.976,ADC pin 15 raw = 2380  voltage = 1.918 V  angle = 189.4 deg
2026-05-16 15:42:29.986,ADC pin 15 raw = 2383  voltage = 1.920 V  angle = 189.7 deg
2026-05-16 15:42:29.996,ADC pin 15 raw = 2376  voltage = 1.915 V  angle = 189.0 deg
2026-05-16 15:42:30.006,ADC pin 15 raw = 2386  voltage = 1.923 V  angle = 190.0 deg
2026-05-16 15:42:30.016,ADC pin 15 raw = 2379  voltage = 1.917 V  angle = 189.3 deg
2026-05-16 15:42:30.026,ADC pin 15 raw = 2386  voltage = 1.923 V  angle = 190.0 deg
2026-05-16 15:42:30.036,ADC pin 15 raw = 2383  voltage = 1.920 V  angle = 189.7 deg
2026-05-16 15:42:30.046,ADC pin 15 raw = 2387  voltage = 1.924 V  angle = 190.1 deg
2026-05-16 15:42:30.056,ADC pin 15 raw = 2383  voltage = 1.920 V  angle = 189.7 deg
2026-05-16 15:42:30.066,ADC pin 15 raw = 2382  voltage = 1.920 V  angle = 189.6 deg
2026-05-16 15:42:30.076,ADC pin 15 raw = 2379  voltage = 1.917 V  angle = 189.3 deg
2026-05-16 15:42:30.086,ADC pin 15 raw = 2381  voltage = 1.919 V  angle = 189.5 deg
2026-05-16 15:42:30.096,ADC pin 15 raw = 2381  voltage = 1.919 V  angle = 189.5 deg
2026-05-16 15:42:30.106,ADC pin 15 raw = 2380  voltage = 1.918 V  angle = 189.4 deg
2026-05-16 15:42:30.115,ADC pin 15 raw = 2378  voltage = 1.916 V  angle = 189.2 deg
2026-05-16 15:42:30.126,ADC pin 15 raw = 2377  voltage = 1.916 V  angle = 189.1 deg
2026-05-16 15:42:30.136,ADC pin 15 raw = 2378  voltage = 1.916 V  angle = 189.2 deg
2026-05-16 15:42:30.146,ADC pin 15 raw = 2382  voltage = 1.920 V  angle = 189.6 deg
2026-05-16 15:42:30.156,ADC pin 15 raw = 2381  voltage = 1.919 V  angle = 189.5 deg
2026-05-16 15:42:30.166,ADC pin 15 raw = 2379  voltage = 1.917 V  angle = 189.3 deg
2026-05-16 15:42:30.176,ADC pin 15 raw = 2383  voltage = 1.920 V  angle = 189.7 deg
2026-05-16 15:42:30.186,ADC pin 15 raw = 2381  voltage = 1.919 V  angle = 189.5 deg
2026-05-16 15:42:30.196,ADC pin 15 raw = 2381  voltage = 1.919 V  angle = 189.5 deg
2026-05-16 15:42:30.206,ADC pin 15 raw = 2385  voltage = 1.922 V  angle = 189.9 deg
2026-05-16 15:42:30.216,ADC pin 15 raw = 2382  voltage = 1.920 V  angle = 189.6 deg
2026-05-16 15:42:30.226,ADC pin 15 raw = 2383  voltage = 1.920 V  angle = 189.7 deg
2026-05-16 15:42:30.236,ADC pin 15 raw = 2382  voltage = 1.920 V  angle = 189.6 deg
2026-05-16 15:42:30.246,ADC pin 15 raw = 2375  voltage = 1.914 V  angle = 189.0 deg
2026-05-16 15:42:30.256,ADC pin 15 raw = 2383  voltage = 1.920 V  angle = 189.7 deg
2026-05-16 15:42:30.266,ADC pin 15 raw = 2380  voltage = 1.918 V  angle = 189.4 deg
2026-05-16 15:42:30.276,ADC pin 15 raw = 2381  voltage = 1.919 V  angle = 189.5 deg
2026-05-16 15:42:30.286,ADC pin 15 raw = 2380  voltage = 1.918 V  angle = 189.4 deg
2026-05-16 15:42:30.296,ADC pin 15 raw = 2379  voltage = 1.917 V  angle = 189.3 deg
2026-05-16 15:42:30.306,ADC pin 15 raw = 2382  voltage = 1.920 V  angle = 189.6 deg
2026-05-16 15:42:30.316,ADC pin 15 raw = 2384  voltage = 1.921 V  angle = 189.8 deg
2026-05-16 15:42:30.329,ADC pin 15 raw = 2384  voltage = 1.921 V  angle = 189.8 deg
2026-05-16 15:42:30.336,ADC pin 15 raw = 2381  voltage = 1.919 V  angle = 189.5 deg
2026-05-16 15:42:30.345,ADC pin 15 raw = 2384  voltage = 1.921 V  angle = 189.8 deg
2026-05-16 15:42:30.355,ADC pin 15 raw = 2380  voltage = 1.918 V  angle = 189.4 deg
2026-05-16 15:42:30.365,ADC pin 15 raw = 2377  voltage = 1.916 V  angle = 189.1 deg
2026-05-16 15:42:30.375,ADC pin 15 raw = 2379  voltage = 1.917 V  angle = 189.3 deg
2026-05-16 15:42:30.385,ADC pin 15 raw = 2382  voltage = 1.920 V  angle = 189.6 deg
2026-05-16 15:42:30.396,ADC pin 15 raw = 2382  voltage = 1.920 V  angle = 189.6 deg
2026-05-16 15:42:30.405,ADC pin 15 raw = 2384  voltage = 1.921 V  angle = 189.8 deg
2026-05-16 15:42:30.416,ADC pin 15 raw = 2381  voltage = 1.919 V  angle = 189.5 deg
2026-05-16 15:42:30.426,ADC pin 15 raw = 2385  voltage = 1.922 V  angle = 189.9 deg
2026-05-16 15:42:30.436,ADC pin 15 raw = 2381  voltage = 1.919 V  angle = 189.5 deg
2026-05-16 15:42:30.446,ADC pin 15 raw = 2380  voltage = 1.918 V  angle = 189.4 deg
2026-05-16 15:42:30.455,ADC pin 15 raw = 2378  voltage = 1.916 V  angle = 189.2 deg
2026-05-16 15:42:30.466,ADC pin 15 raw = 2381  voltage = 1.919 V  angle = 189.5 deg
2026-05-16 15:42:30.476,ADC pin 15 raw = 2383  voltage = 1.920 V  angle = 189.7 deg
2026-05-16 15:42:30.486,ADC pin 15 raw = 2383  voltage = 1.920 V  angle = 189.7 deg
2026-05-16 15:42:30.496,ADC pin 15 raw = 2379  voltage = 1.917 V  angle = 189.3 deg
2026-05-16 15:42:30.506,ADC pin 15 raw = 2383  voltage = 1.920 V  angle = 189.7 deg
2026-05-16 15:42:30.516,ADC pin 15 raw = 2379  voltage = 1.917 V  angle = 189.3 deg
2026-05-16 15:42:30.526,ADC pin 15 raw = 2380  voltage = 1.918 V  angle = 189.4 deg
2026-05-16 15:42:30.536,ADC pin 15 raw = 2377  voltage = 1.916 V  angle = 189.1 deg
2026-05-16 15:42:30.546,ADC pin 15 raw = 2379  voltage = 1.917 V  angle = 189.3 deg
2026-05-16 15:42:30.556,ADC pin 15 raw = 2384  voltage = 1.921 V  angle = 189.8 deg
2026-05-16 15:42:30.566,ADC pin 15 raw = 2383  voltage = 1.920 V  angle = 189.7 deg
2026-05-16 15:42:30.576,ADC pin 15 raw = 2379  voltage = 1.917 V  angle = 189.3 deg
2026-05-16 15:42:30.586,ADC pin 15 raw = 2384  voltage = 1.921 V  angle = 189.8 deg
2026-05-16 15:42:30.596,ADC pin 15 raw = 2379  voltage = 1.917 V  angle = 189.3 deg
2026-05-16 15:42:30.606,ADC pin 15 raw = 2381  voltage = 1.919 V  angle = 189.5 deg
2026-05-16 15:42:30.616,ADC pin 15 raw = 2381  voltage = 1.919 V  angle = 189.5 deg
2026-05-16 15:42:30.626,ADC pin 15 raw = 2380  voltage = 1.918 V  angle = 189.4 deg
2026-05-16 15:42:30.636,ADC pin 15 raw = 2378  voltage = 1.916 V  angle = 189.2 deg
2026-05-16 15:42:30.646,ADC pin 15 raw = 2378  voltage = 1.916 V  angle = 189.2 deg
2026-05-16 15:42:30.656,ADC pin 15 raw = 2382  voltage = 1.920 V  angle = 189.6 deg
2026-05-16 15:42:30.666,ADC pin 15 raw = 2384  voltage = 1.921 V  angle = 189.8 deg
2026-05-16 15:42:30.676,ADC pin 15 raw = 2381  voltage = 1.919 V  angle = 189.5 deg
2026-05-16 15:42:30.686,ADC pin 15 raw = 2382  voltage = 1.920 V  angle = 189.6 deg
2026-05-16 15:42:30.696,ADC pin 15 raw = 2382  voltage = 1.920 V  angle = 189.6 deg
2026-05-16 15:42:30.706,ADC pin 15 raw = 2381  voltage = 1.919 V  angle = 189.5 deg
2026-05-16 15:42:30.716,ADC pin 15 raw = 2382  voltage = 1.920 V  angle = 189.6 deg
2026-05-16 15:42:30.726,ADC pin 15 raw = 2379  voltage = 1.917 V  angle = 189.3 deg
2026-05-16 15:42:30.736,ADC pin 15 raw = 2380  voltage = 1.918 V  angle = 189.4 deg
2026-05-16 15:42:30.746,ADC pin 15 raw = 2376  voltage = 1.915 V  angle = 189.0 deg
2026-05-16 15:42:30.756,ADC pin 15 raw = 2383  voltage = 1.920 V  angle = 189.7 deg
2026-05-16 15:42:30.766,ADC pin 15 raw = 2382  voltage = 1.920 V  angle = 189.6 deg
2026-05-16 15:42:30.776,ADC pin 15 raw = 2382  voltage = 1.920 V  angle = 189.6 deg
2026-05-16 15:42:30.786,ADC pin 15 raw = 2382  voltage = 1.920 V  angle = 189.6 deg
2026-05-16 15:42:30.796,ADC pin 15 raw = 2383  voltage = 1.920 V  angle = 189.7 deg
2026-05-16 15:42:30.806,ADC pin 15 raw = 2380  voltage = 1.918 V  angle = 189.4 deg
2026-05-16 15:42:30.816,ADC pin 15 raw = 2380  voltage = 1.918 V  angle = 189.4 deg
2026-05-16 15:42:30.826,ADC pin 15 raw = 2383  voltage = 1.920 V  angle = 189.7 deg
2026-05-16 15:42:30.836,ADC pin 15 raw = 2380  voltage = 1.918 V  angle = 189.4 deg
2026-05-16 15:42:30.846,ADC pin 15 raw = 2381  voltage = 1.919 V  angle = 189.5 deg
2026-05-16 15:42:30.855,ADC pin 15 raw = 2383  voltage = 1.920 V  angle = 189.7 deg
2026-05-16 15:42:30.869,ADC pin 15 raw = 2379  voltage = 1.917 V  angle = 189.3 deg
2026-05-16 15:42:30.876,ADC pin 15 raw = 2381  voltage = 1.919 V  angle = 189.5 deg
2026-05-16 15:42:30.886,ADC pin 15 raw = 2378  voltage = 1.916 V  angle = 189.2 deg
2026-05-16 15:42:30.896,ADC pin 15 raw = 2383  voltage = 1.920 V  angle = 189.7 deg
2026-05-16 15:42:30.905,ADC pin 15 raw = 2381  voltage = 1.919 V  angle = 189.5 deg
2026-05-16 15:42:30.916,ADC pin 15 raw = 2379  voltage = 1.917 V  angle = 189.3 deg
2026-05-16 15:42:30.925,ADC pin 15 raw = 2380  voltage = 1.918 V  angle = 189.4 deg
