timestamp,serial_line
2026-05-16 11:48:17.789,ADC pin 15 raw = 2432  voltage = 2.732 V  angle = 194.6 deg
2026-05-16 11:48:17.798,ADC pin 15 raw = 2450  voltage = 2.752 V  angle = 196.4 deg
2026-05-16 11:48:17.809,ADC pin 15 raw = 2443  voltage = 2.744 V  angle = 195.7 deg
2026-05-16 11:48:17.819,ADC pin 15 raw = 2447  voltage = 2.749 V  angle = 196.1 deg
2026-05-16 11:48:17.829,ADC pin 15 raw = 2448  voltage = 2.750 V  angle = 196.2 deg
2026-05-16 11:48:17.839,ADC pin 15 raw = 2444  voltage = 2.745 V  angle = 195.8 deg
2026-05-16 11:48:17.849,ADC pin 15 raw = 2452  voltage = 2.754 V  angle = 196.6 deg
2026-05-16 11:48:17.859,ADC pin 15 raw = 2450  voltage = 2.752 V  angle = 196.4 deg
2026-05-16 11:48:17.869,ADC pin 15 raw = 2468  voltage = 2.772 V  angle = 198.2 deg
2026-05-16 11:48:17.879,ADC pin 15 raw = 2444  voltage = 2.745 V  angle = 195.8 deg
2026-05-16 11:48:17.889,ADC pin 15 raw = 2452  voltage = 2.754 V  angle = 196.6 deg
2026-05-16 11:48:17.899,ADC pin 15 raw = 2448  voltage = 2.750 V  angle = 196.2 deg
2026-05-16 11:48:17.909,ADC pin 15 raw = 2437  voltage = 2.738 V  angle = 195.1 deg
2026-05-16 11:48:17.919,ADC pin 15 raw = 2449  voltage = 2.751 V  angle = 196.3 deg
2026-05-16 11:48:17.929,ADC pin 15 raw = 2443  voltage = 2.744 V  angle = 195.7 deg
2026-05-16 11:48:17.939,ADC pin 15 raw = 2419  voltage = 2.717 V  angle = 193.3 deg
2026-05-16 11:48:17.949,ADC pin 15 raw = 2469  voltage = 2.773 V  angle = 198.3 deg
2026-05-16 11:48:17.958,ADC pin 15 raw = 2423  voltage = 2.722 V  angle = 193.7 deg
2026-05-16 11:48:17.969,ADC pin 15 raw = 2440  voltage = 2.741 V  angle = 195.4 deg
2026-05-16 11:48:17.979,ADC pin 15 raw = 2457  voltage = 2.760 V  angle = 197.1 deg
2026-05-16 11:48:17.989,ADC pin 15 raw = 2468  voltage = 2.772 V  angle = 198.2 deg
2026-05-16 11:48:17.999,ADC pin 15 raw = 2449  voltage = 2.751 V  angle = 196.3 deg
2026-05-16 11:48:18.009,ADC pin 15 raw = 2451  voltage = 2.753 V  angle = 196.5 deg
2026-05-16 11:48:18.019,ADC pin 15 raw = 2441  voltage = 2.742 V  angle = 195.5 deg
2026-05-16 11:48:18.029,ADC pin 15 raw = 2452  voltage = 2.754 V  angle = 196.6 deg
2026-05-16 11:48:18.039,ADC pin 15 raw = 2442  voltage = 2.743 V  angle = 195.6 deg
2026-05-16 11:48:18.049,ADC pin 15 raw = 2445  voltage = 2.747 V  angle = 195.9 deg
2026-05-16 11:48:18.059,ADC pin 15 raw = 2439  voltage = 2.740 V  angle = 195.3 deg
2026-05-16 11:48:18.069,ADC pin 15 raw = 2440  voltage = 2.741 V  angle = 195.4 deg
2026-05-16 11:48:18.079,ADC pin 15 raw = 2456  voltage = 2.759 V  angle = 197.0 deg
2026-05-16 11:48:18.089,ADC pin 15 raw = 2430  voltage = 2.730 V  angle = 194.4 deg
2026-05-16 11:48:18.099,ADC pin 15 raw = 2447  voltage = 2.749 V  angle = 196.1 deg
2026-05-16 11:48:18.109,ADC pin 15 raw = 2467  voltage = 2.771 V  angle = 198.1 deg
2026-05-16 11:48:18.119,ADC pin 15 raw = 2458  voltage = 2.761 V  angle = 197.2 deg
2026-05-16 11:48:18.129,ADC pin 15 raw = 2443  voltage = 2.744 V  angle = 195.7 deg
2026-05-16 11:48:18.139,ADC pin 15 raw = 2450  voltage = 2.752 V  angle = 196.4 deg
2026-05-16 11:48:18.149,ADC pin 15 raw = 2453  voltage = 2.756 V  angle = 196.7 deg
2026-05-16 11:48:18.159,ADC pin 15 raw = 2436  voltage = 2.736 V  angle = 195.0 deg
2026-05-16 11:48:18.169,ADC pin 15 raw = 2438  voltage = 2.739 V  angle = 195.2 deg
2026-05-16 11:48:18.179,ADC pin 15 raw = 2436  voltage = 2.736 V  angle = 195.0 deg
2026-05-16 11:48:18.189,ADC pin 15 raw = 2429  voltage = 2.729 V  angle = 194.3 deg
2026-05-16 11:48:18.199,ADC pin 15 raw = 2441  voltage = 2.742 V  angle = 195.5 deg
2026-05-16 11:48:18.209,ADC pin 15 raw = 2424  voltage = 2.723 V  angle = 193.8 deg
2026-05-16 11:48:18.219,ADC pin 15 raw = 2467  voltage = 2.771 V  angle = 198.1 deg
2026-05-16 11:48:18.229,ADC pin 15 raw = 2472  voltage = 2.777 V  angle = 198.6 deg
2026-05-16 11:48:18.239,ADC pin 15 raw = 2634  voltage = 2.959 V  angle = 214.7 deg
2026-05-16 11:48:18.249,ADC pin 15 raw = 2549  voltage = 2.863 V  angle = 206.3 deg
2026-05-16 11:48:18.259,ADC pin 15 raw = 2594  voltage = 2.914 V  angle = 210.7 deg
2026-05-16 11:48:18.273,ADC pin 15 raw = 2615  voltage = 2.937 V  angle = 212.8 deg
2026-05-16 11:48:18.283,ADC pin 15 raw = 2629  voltage = 2.953 V  angle = 214.2 deg
2026-05-16 11:48:18.292,ADC pin 15 raw = 2631  voltage = 2.955 V  angle = 214.4 deg
2026-05-16 11:48:18.299,ADC pin 15 raw = 2618  voltage = 2.941 V  angle = 213.1 deg
2026-05-16 11:48:18.310,ADC pin 15 raw = 2618  voltage = 2.941 V  angle = 213.1 deg
2026-05-16 11:48:18.319,ADC pin 15 raw = 2609  voltage = 2.931 V  angle = 212.2 deg
2026-05-16 11:48:18.328,ADC pin 15 raw = 2607  voltage = 2.928 V  angle = 212.0 deg
2026-05-16 11:48:18.339,ADC pin 15 raw = 2605  voltage = 2.926 V  angle = 211.8 deg
2026-05-16 11:48:18.349,ADC pin 15 raw = 2611  voltage = 2.933 V  angle = 212.4 deg
2026-05-16 11:48:18.359,ADC pin 15 raw = 2610  voltage = 2.932 V  angle = 212.3 deg
2026-05-16 11:48:18.369,ADC pin 15 raw = 2606  voltage = 2.927 V  angle = 211.9 deg
2026-05-16 11:48:18.379,ADC pin 15 raw = 2601  voltage = 2.922 V  angle = 211.4 deg
2026-05-16 11:48:18.389,ADC pin 15 raw = 2609  voltage = 2.931 V  angle = 212.2 deg
2026-05-16 11:48:18.399,ADC pin 15 raw = 2613  voltage = 2.935 V  angle = 212.6 deg
2026-05-16 11:48:18.409,ADC pin 15 raw = 2620  voltage = 2.943 V  angle = 213.3 deg
2026-05-16 11:48:18.419,ADC pin 15 raw = 2623  voltage = 2.946 V  angle = 213.6 deg
2026-05-16 11:48:18.429,ADC pin 15 raw = 2626  voltage = 2.950 V  angle = 213.9 deg
2026-05-16 11:48:18.439,ADC pin 15 raw = 2630  voltage = 2.954 V  angle = 214.3 deg
2026-05-16 11:48:18.449,ADC pin 15 raw = 2625  voltage = 2.949 V  angle = 213.8 deg
2026-05-16 11:48:18.459,ADC pin 15 raw = 2618  voltage = 2.941 V  angle = 213.1 deg
2026-05-16 11:48:18.469,ADC pin 15 raw = 2622  voltage = 2.945 V  angle = 213.5 deg
2026-05-16 11:48:18.479,ADC pin 15 raw = 2615  voltage = 2.937 V  angle = 212.8 deg
2026-05-16 11:48:18.489,ADC pin 15 raw = 2608  voltage = 2.930 V  angle = 212.1 deg
2026-05-16 11:48:18.499,ADC pin 15 raw = 2615  voltage = 2.937 V  angle = 212.8 deg
2026-05-16 11:48:18.509,ADC pin 15 raw = 2624  voltage = 2.948 V  angle = 213.7 deg
2026-05-16 11:48:18.519,ADC pin 15 raw = 2623  voltage = 2.946 V  angle = 213.6 deg
2026-05-16 11:48:18.529,ADC pin 15 raw = 2623  voltage = 2.946 V  angle = 213.6 deg
2026-05-16 11:48:18.539,ADC pin 15 raw = 2621  voltage = 2.944 V  angle = 213.4 deg
2026-05-16 11:48:18.549,ADC pin 15 raw = 2620  voltage = 2.943 V  angle = 213.3 deg
2026-05-16 11:48:18.559,ADC pin 15 raw = 2611  voltage = 2.933 V  angle = 212.4 deg
2026-05-16 11:48:18.569,ADC pin 15 raw = 2613  voltage = 2.935 V  angle = 212.6 deg
2026-05-16 11:48:18.579,ADC pin 15 raw = 2614  voltage = 2.936 V  angle = 212.7 deg
2026-05-16 11:48:18.589,ADC pin 15 raw = 2617  voltage = 2.940 V  angle = 213.0 deg
2026-05-16 11:48:18.599,ADC pin 15 raw = 2620  voltage = 2.943 V  angle = 213.3 deg
2026-05-16 11:48:18.609,ADC pin 15 raw = 2625  voltage = 2.949 V  angle = 213.8 deg
2026-05-16 11:48:18.619,ADC pin 15 raw = 2624  voltage = 2.948 V  angle = 213.7 deg
2026-05-16 11:48:18.629,ADC pin 15 raw = 2625  voltage = 2.949 V  angle = 213.8 deg
2026-05-16 11:48:18.639,ADC pin 15 raw = 2620  voltage = 2.943 V  angle = 213.3 deg
2026-05-16 11:48:18.649,ADC pin 15 raw = 2625  voltage = 2.949 V  angle = 213.8 deg
2026-05-16 11:48:18.659,ADC pin 15 raw = 2623  voltage = 2.946 V  angle = 213.6 deg
2026-05-16 11:48:18.669,ADC pin 15 raw = 2619  voltage = 2.942 V  angle = 213.2 deg
2026-05-16 11:48:18.679,ADC pin 15 raw = 2609  voltage = 2.931 V  angle = 212.2 deg
2026-05-16 11:48:18.689,ADC pin 15 raw = 2614  voltage = 2.936 V  angle = 212.7 deg
2026-05-16 11:48:18.698,ADC pin 15 raw = 2612  voltage = 2.934 V  angle = 212.5 deg
2026-05-16 11:48:18.709,ADC pin 15 raw = 2609  voltage = 2.931 V  angle = 212.2 deg
2026-05-16 11:48:18.719,ADC pin 15 raw = 2553  voltage = 2.868 V  angle = 206.7 deg
2026-05-16 11:48:18.729,ADC pin 15 raw = 2504  voltage = 2.813 V  angle = 201.8 deg
2026-05-16 11:48:18.739,ADC pin 15 raw = 2456  voltage = 2.759 V  angle = 197.0 deg
2026-05-16 11:48:18.749,ADC pin 15 raw = 2421  voltage = 2.720 V  angle = 193.5 deg
2026-05-16 11:48:18.759,ADC pin 15 raw = 2329  voltage = 2.616 V  angle = 184.4 deg
2026-05-16 11:48:18.769,ADC pin 15 raw = 2312  voltage = 2.597 V  angle = 182.7 deg
2026-05-16 11:48:18.779,ADC pin 15 raw = 2267  voltage = 2.547 V  angle = 179.3 deg
2026-05-16 11:48:18.789,ADC pin 15 raw = 2255  voltage = 2.533 V  angle = 178.8 deg
2026-05-16 11:48:18.799,ADC pin 15 raw = 2247  voltage = 2.524 V  angle = 178.4 deg
2026-05-16 11:48:18.809,ADC pin 15 raw = 2235  voltage = 2.511 V  angle = 178.0 deg
2026-05-16 11:48:18.819,ADC pin 15 raw = 2227  voltage = 2.502 V  angle = 177.6 deg
2026-05-16 11:48:18.829,ADC pin 15 raw = 2224  voltage = 2.498 V  angle = 177.5 deg
2026-05-16 11:48:18.839,ADC pin 15 raw = 2219  voltage = 2.493 V  angle = 177.3 deg
2026-05-16 11:48:18.849,ADC pin 15 raw = 2220  voltage = 2.494 V  angle = 177.3 deg
2026-05-16 11:48:18.859,ADC pin 15 raw = 2220  voltage = 2.494 V  angle = 177.3 deg
2026-05-16 11:48:18.869,ADC pin 15 raw = 2222  voltage = 2.496 V  angle = 177.4 deg
2026-05-16 11:48:18.879,ADC pin 15 raw = 2217  voltage = 2.490 V  angle = 177.2 deg
2026-05-16 11:48:18.889,ADC pin 15 raw = 2207  voltage = 2.479 V  angle = 176.8 deg
2026-05-16 11:48:18.899,ADC pin 15 raw = 2205  voltage = 2.477 V  angle = 176.7 deg
2026-05-16 11:48:18.910,ADC pin 15 raw = 2223  voltage = 2.497 V  angle = 177.5 deg
2026-05-16 11:48:18.919,ADC pin 15 raw = 2220  voltage = 2.494 V  angle = 177.3 deg
2026-05-16 11:48:18.932,ADC pin 15 raw = 2216  voltage = 2.489 V  angle = 177.2 deg
2026-05-16 11:48:18.939,ADC pin 15 raw = 2209  voltage = 2.481 V  angle = 176.9 deg
2026-05-16 11:48:18.949,ADC pin 15 raw = 2210  voltage = 2.483 V  angle = 176.9 deg
2026-05-16 11:48:18.959,ADC pin 15 raw = 2204  voltage = 2.476 V  angle = 176.7 deg
2026-05-16 11:48:18.969,ADC pin 15 raw = 2210  voltage = 2.483 V  angle = 176.9 deg
2026-05-16 11:48:18.979,ADC pin 15 raw = 2208  voltage = 2.480 V  angle = 176.8 deg
2026-05-16 11:48:18.989,ADC pin 15 raw = 2209  voltage = 2.481 V  angle = 176.9 deg
2026-05-16 11:48:18.999,ADC pin 15 raw = 2205  voltage = 2.477 V  angle = 176.7 deg
2026-05-16 11:48:19.010,ADC pin 15 raw = 2206  voltage = 2.478 V  angle = 176.8 deg
2026-05-16 11:48:19.019,ADC pin 15 raw = 2204  voltage = 2.476 V  angle = 176.7 deg
2026-05-16 11:48:19.029,ADC pin 15 raw = 2206  voltage = 2.478 V  angle = 176.8 deg
2026-05-16 11:48:19.039,ADC pin 15 raw = 2206  voltage = 2.478 V  angle = 176.8 deg
2026-05-16 11:48:19.049,ADC pin 15 raw = 2207  voltage = 2.479 V  angle = 176.8 deg
2026-05-16 11:48:19.059,ADC pin 15 raw = 2204  voltage = 2.476 V  angle = 176.7 deg
2026-05-16 11:48:19.069,ADC pin 15 raw = 2206  voltage = 2.478 V  angle = 176.8 deg
2026-05-16 11:48:19.079,ADC pin 15 raw = 2206  voltage = 2.478 V  angle = 176.8 deg
2026-05-16 11:48:19.089,ADC pin 15 raw = 2208  voltage = 2.480 V  angle = 176.8 deg
2026-05-16 11:48:19.099,ADC pin 15 raw = 2205  voltage = 2.477 V  angle = 176.7 deg
2026-05-16 11:48:19.110,ADC pin 15 raw = 2207  voltage = 2.479 V  angle = 176.8 deg
2026-05-16 11:48:19.119,ADC pin 15 raw = 2263  voltage = 2.542 V  angle = 179.1 deg
2026-05-16 11:48:19.129,ADC pin 15 raw = 2293  voltage = 2.576 V  angle = 180.8 deg
2026-05-16 11:48:19.139,ADC pin 15 raw = 2355  voltage = 2.645 V  angle = 187.0 deg
2026-05-16 11:48:19.149,ADC pin 15 raw = 2406  voltage = 2.703 V  angle = 192.0 deg
2026-05-16 11:48:19.160,ADC pin 15 raw = 2525  voltage = 2.836 V  angle = 203.9 deg
2026-05-16 11:48:19.169,ADC pin 15 raw = 2605  voltage = 2.926 V  angle = 211.8 deg
2026-05-16 11:48:19.179,ADC pin 15 raw = 2590  voltage = 2.909 V  angle = 210.3 deg
2026-05-16 11:48:19.189,ADC pin 15 raw = 2607  voltage = 2.928 V  angle = 212.0 deg
2026-05-16 11:48:19.199,ADC pin 15 raw = 2620  voltage = 2.943 V  angle = 213.3 deg
2026-05-16 11:48:19.209,ADC pin 15 raw = 2621  voltage = 2.944 V  angle = 213.4 deg
2026-05-16 11:48:19.219,ADC pin 15 raw = 2628  voltage = 2.952 V  angle = 214.1 deg
2026-05-16 11:48:19.229,ADC pin 15 raw = 2621  voltage = 2.944 V  angle = 213.4 deg
2026-05-16 11:48:19.239,ADC pin 15 raw = 2610  voltage = 2.932 V  angle = 212.3 deg
2026-05-16 11:48:19.249,ADC pin 15 raw = 2610  voltage = 2.932 V  angle = 212.3 deg
2026-05-16 11:48:19.259,ADC pin 15 raw = 2616  voltage = 2.939 V  angle = 212.9 deg
2026-05-16 11:48:19.269,ADC pin 15 raw = 2618  voltage = 2.941 V  angle = 213.1 deg
2026-05-16 11:48:19.279,ADC pin 15 raw = 2614  voltage = 2.936 V  angle = 212.7 deg
2026-05-16 11:48:19.289,ADC pin 15 raw = 2613  voltage = 2.935 V  angle = 212.6 deg
2026-05-16 11:48:19.298,ADC pin 15 raw = 2608  voltage = 2.930 V  angle = 212.1 deg
2026-05-16 11:48:19.309,ADC pin 15 raw = 2616  voltage = 2.939 V  angle = 212.9 deg
2026-05-16 11:48:19.319,ADC pin 15 raw = 2622  voltage = 2.945 V  angle = 213.5 deg
2026-05-16 11:48:19.329,ADC pin 15 raw = 2625  voltage = 2.949 V  angle = 213.8 deg
2026-05-16 11:48:19.339,ADC pin 15 raw = 2635  voltage = 2.960 V  angle = 214.8 deg
2026-05-16 11:48:19.349,ADC pin 15 raw = 2622  voltage = 2.945 V  angle = 213.5 deg
2026-05-16 11:48:19.359,ADC pin 15 raw = 2623  voltage = 2.946 V  angle = 213.6 deg
2026-05-16 11:48:19.369,ADC pin 15 raw = 2631  voltage = 2.955 V  angle = 214.4 deg
2026-05-16 11:48:19.378,ADC pin 15 raw = 2623  voltage = 2.946 V  angle = 213.6 deg
2026-05-16 11:48:19.389,ADC pin 15 raw = 2615  voltage = 2.937 V  angle = 212.8 deg
2026-05-16 11:48:19.399,ADC pin 15 raw = 2615  voltage = 2.937 V  angle = 212.8 deg
2026-05-16 11:48:19.409,ADC pin 15 raw = 2611  voltage = 2.933 V  angle = 212.4 deg
2026-05-16 11:48:19.419,ADC pin 15 raw = 2611  voltage = 2.933 V  angle = 212.4 deg
2026-05-16 11:48:19.429,ADC pin 15 raw = 2610  voltage = 2.932 V  angle = 212.3 deg
2026-05-16 11:48:19.439,ADC pin 15 raw = 2607  voltage = 2.928 V  angle = 212.0 deg
2026-05-16 11:48:19.449,ADC pin 15 raw = 2610  voltage = 2.932 V  angle = 212.3 deg
2026-05-16 11:48:19.459,ADC pin 15 raw = 2617  voltage = 2.940 V  angle = 213.0 deg
2026-05-16 11:48:19.469,ADC pin 15 raw = 2617  voltage = 2.940 V  angle = 213.0 deg
2026-05-16 11:48:19.479,ADC pin 15 raw = 2618  voltage = 2.941 V  angle = 213.1 deg
2026-05-16 11:48:19.489,ADC pin 15 raw = 2625  voltage = 2.949 V  angle = 213.8 deg
2026-05-16 11:48:19.499,ADC pin 15 raw = 2625  voltage = 2.949 V  angle = 213.8 deg
2026-05-16 11:48:19.509,ADC pin 15 raw = 2634  voltage = 2.959 V  angle = 214.7 deg
2026-05-16 11:48:19.519,ADC pin 15 raw = 2610  voltage = 2.932 V  angle = 212.3 deg
2026-05-16 11:48:19.529,ADC pin 15 raw = 2573  voltage = 2.890 V  angle = 208.6 deg
2026-05-16 11:48:19.539,ADC pin 15 raw = 2544  voltage = 2.858 V  angle = 205.8 deg
2026-05-16 11:48:19.549,ADC pin 15 raw = 2459  voltage = 2.762 V  angle = 197.3 deg
2026-05-16 11:48:19.559,ADC pin 15 raw = 2412  voltage = 2.709 V  angle = 192.6 deg
2026-05-16 11:48:19.569,ADC pin 15 raw = 2333  voltage = 2.621 V  angle = 184.8 deg
2026-05-16 11:48:19.580,ADC pin 15 raw = 2291  voltage = 2.574 V  angle = 180.6 deg
2026-05-16 11:48:19.589,ADC pin 15 raw = 2283  voltage = 2.565 V  angle = 179.9 deg
2026-05-16 11:48:19.599,ADC pin 15 raw = 2255  voltage = 2.533 V  angle = 178.8 deg
2026-05-16 11:48:19.609,ADC pin 15 raw = 2228  voltage = 2.503 V  angle = 177.7 deg
2026-05-16 11:48:19.619,ADC pin 15 raw = 2233  voltage = 2.508 V  angle = 177.9 deg
2026-05-16 11:48:19.629,ADC pin 15 raw = 2227  voltage = 2.502 V  angle = 177.6 deg
2026-05-16 11:48:19.639,ADC pin 15 raw = 2219  voltage = 2.493 V  angle = 177.3 deg
2026-05-16 11:48:19.649,ADC pin 15 raw = 2214  voltage = 2.487 V  angle = 177.1 deg
2026-05-16 11:48:19.659,ADC pin 15 raw = 2223  voltage = 2.497 V  angle = 177.5 deg
2026-05-16 11:48:19.669,ADC pin 15 raw = 2223  voltage = 2.497 V  angle = 177.5 deg
2026-05-16 11:48:19.679,ADC pin 15 raw = 2224  voltage = 2.498 V  angle = 177.5 deg
2026-05-16 11:48:19.689,ADC pin 15 raw = 2221  voltage = 2.495 V  angle = 177.4 deg
2026-05-16 11:48:19.699,ADC pin 15 raw = 2210  voltage = 2.483 V  angle = 176.9 deg
2026-05-16 11:48:19.709,ADC pin 15 raw = 2204  voltage = 2.476 V  angle = 176.7 deg
2026-05-16 11:48:19.719,ADC pin 15 raw = 2213  voltage = 2.486 V  angle = 177.0 deg
2026-05-16 11:48:19.729,ADC pin 15 raw = 2219  voltage = 2.493 V  angle = 177.3 deg
2026-05-16 11:48:19.739,ADC pin 15 raw = 2210  voltage = 2.483 V  angle = 176.9 deg
2026-05-16 11:48:19.749,ADC pin 15 raw = 2205  voltage = 2.477 V  angle = 176.7 deg
2026-05-16 11:48:19.759,ADC pin 15 raw = 2201  voltage = 2.472 V  angle = 176.6 deg
2026-05-16 11:48:19.769,ADC pin 15 raw = 2203  voltage = 2.475 V  angle = 176.6 deg
2026-05-16 11:48:19.779,ADC pin 15 raw = 2198  voltage = 2.469 V  angle = 176.4 deg
2026-05-16 11:48:19.789,ADC pin 15 raw = 2202  voltage = 2.474 V  angle = 176.6 deg
2026-05-16 11:48:19.799,ADC pin 15 raw = 2196  voltage = 2.467 V  angle = 176.4 deg
2026-05-16 11:48:19.809,ADC pin 15 raw = 2206  voltage = 2.478 V  angle = 176.8 deg
2026-05-16 11:48:19.819,ADC pin 15 raw = 2198  voltage = 2.469 V  angle = 176.4 deg
2026-05-16 11:48:19.829,ADC pin 15 raw = 2202  voltage = 2.474 V  angle = 176.6 deg
2026-05-16 11:48:19.839,ADC pin 15 raw = 2200  voltage = 2.471 V  angle = 176.5 deg
2026-05-16 11:48:19.849,ADC pin 15 raw = 2203  voltage = 2.475 V  angle = 176.6 deg
2026-05-16 11:48:19.859,ADC pin 15 raw = 2199  voltage = 2.470 V  angle = 176.5 deg
2026-05-16 11:48:19.869,ADC pin 15 raw = 2198  voltage = 2.469 V  angle = 176.4 deg
2026-05-16 11:48:19.879,ADC pin 15 raw = 2200  voltage = 2.471 V  angle = 176.5 deg
2026-05-16 11:48:19.889,ADC pin 15 raw = 2201  voltage = 2.472 V  angle = 176.6 deg
2026-05-16 11:48:19.899,ADC pin 15 raw = 2202  voltage = 2.474 V  angle = 176.6 deg
2026-05-16 11:48:19.910,ADC pin 15 raw = 2201  voltage = 2.472 V  angle = 176.6 deg
2026-05-16 11:48:19.919,ADC pin 15 raw = 2201  voltage = 2.472 V  angle = 176.6 deg
2026-05-16 11:48:19.929,ADC pin 15 raw = 2199  voltage = 2.470 V  angle = 176.5 deg
2026-05-16 11:48:19.939,ADC pin 15 raw = 2198  voltage = 2.469 V  angle = 176.4 deg
2026-05-16 11:48:19.949,ADC pin 15 raw = 2197  voltage = 2.468 V  angle = 176.4 deg
2026-05-16 11:48:19.959,ADC pin 15 raw = 2220  voltage = 2.494 V  angle = 177.3 deg
2026-05-16 11:48:19.969,ADC pin 15 raw = 2266  voltage = 2.545 V  angle = 179.2 deg
2026-05-16 11:48:19.979,ADC pin 15 raw = 2308  voltage = 2.593 V  angle = 182.3 deg
2026-05-16 11:48:19.989,ADC pin 15 raw = 2415  voltage = 2.713 V  angle = 192.9 deg
2026-05-16 11:48:19.999,ADC pin 15 raw = 2435  voltage = 2.735 V  angle = 194.9 deg
2026-05-16 11:48:20.009,ADC pin 15 raw = 2510  voltage = 2.820 V  angle = 202.4 deg
2026-05-16 11:48:20.019,ADC pin 15 raw = 2552  voltage = 2.867 V  angle = 206.6 deg
2026-05-16 11:48:20.029,ADC pin 15 raw = 2616  voltage = 2.939 V  angle = 212.9 deg
2026-05-16 11:48:20.039,ADC pin 15 raw = 2615  voltage = 2.937 V  angle = 212.8 deg
2026-05-16 11:48:20.049,ADC pin 15 raw = 2620  voltage = 2.943 V  angle = 213.3 deg
2026-05-16 11:48:20.059,ADC pin 15 raw = 2623  voltage = 2.946 V  angle = 213.6 deg
2026-05-16 11:48:20.074,ADC pin 15 raw = 2627  voltage = 2.951 V  angle = 214.0 deg
2026-05-16 11:48:20.081,ADC pin 15 raw = 2617  voltage = 2.940 V  angle = 213.0 deg
2026-05-16 11:48:20.091,ADC pin 15 raw = 2614  voltage = 2.936 V  angle = 212.7 deg
2026-05-16 11:48:20.099,ADC pin 15 raw = 2616  voltage = 2.939 V  angle = 212.9 deg
2026-05-16 11:48:20.109,ADC pin 15 raw = 2620  voltage = 2.943 V  angle = 213.3 deg
2026-05-16 11:48:20.119,ADC pin 15 raw = 2618  voltage = 2.941 V  angle = 213.1 deg
2026-05-16 11:48:20.129,ADC pin 15 raw = 2614  voltage = 2.936 V  angle = 212.7 deg
2026-05-16 11:48:20.139,ADC pin 15 raw = 2612  voltage = 2.934 V  angle = 212.5 deg
2026-05-16 11:48:20.149,ADC pin 15 raw = 2611  voltage = 2.933 V  angle = 212.4 deg
2026-05-16 11:48:20.159,ADC pin 15 raw = 2615  voltage = 2.937 V  angle = 212.8 deg
2026-05-16 11:48:20.169,ADC pin 15 raw = 2617  voltage = 2.940 V  angle = 213.0 deg
2026-05-16 11:48:20.179,ADC pin 15 raw = 2626  voltage = 2.950 V  angle = 213.9 deg
2026-05-16 11:48:20.189,ADC pin 15 raw = 2627  voltage = 2.951 V  angle = 214.0 deg
2026-05-16 11:48:20.199,ADC pin 15 raw = 2625  voltage = 2.949 V  angle = 213.8 deg
2026-05-16 11:48:20.209,ADC pin 15 raw = 2628  voltage = 2.952 V  angle = 214.1 deg
2026-05-16 11:48:20.219,ADC pin 15 raw = 2622  voltage = 2.945 V  angle = 213.5 deg
2026-05-16 11:48:20.229,ADC pin 15 raw = 2628  voltage = 2.952 V  angle = 214.1 deg
2026-05-16 11:48:20.239,ADC pin 15 raw = 2629  voltage = 2.953 V  angle = 214.2 deg
2026-05-16 11:48:20.249,ADC pin 15 raw = 2627  voltage = 2.951 V  angle = 214.0 deg
2026-05-16 11:48:20.259,ADC pin 15 raw = 2614  voltage = 2.936 V  angle = 212.7 deg
2026-05-16 11:48:20.269,ADC pin 15 raw = 2619  voltage = 2.942 V  angle = 213.2 deg
2026-05-16 11:48:20.279,ADC pin 15 raw = 2609  voltage = 2.931 V  angle = 212.2 deg
2026-05-16 11:48:20.289,ADC pin 15 raw = 2610  voltage = 2.932 V  angle = 212.3 deg
2026-05-16 11:48:20.299,ADC pin 15 raw = 2605  voltage = 2.926 V  angle = 211.8 deg
2026-05-16 11:48:20.311,ADC pin 15 raw = 2603  voltage = 2.924 V  angle = 211.6 deg
2026-05-16 11:48:20.319,ADC pin 15 raw = 2611  voltage = 2.933 V  angle = 212.4 deg
2026-05-16 11:48:20.329,ADC pin 15 raw = 2616  voltage = 2.939 V  angle = 212.9 deg
2026-05-16 11:48:20.339,ADC pin 15 raw = 2624  voltage = 2.948 V  angle = 213.7 deg
2026-05-16 11:48:20.349,ADC pin 15 raw = 2621  voltage = 2.944 V  angle = 213.4 deg
2026-05-16 11:48:20.359,ADC pin 15 raw = 2624  voltage = 2.948 V  angle = 213.7 deg
2026-05-16 11:48:20.369,ADC pin 15 raw = 2626  voltage = 2.950 V  angle = 213.9 deg
2026-05-16 11:48:20.379,ADC pin 15 raw = 2626  voltage = 2.950 V  angle = 213.9 deg
2026-05-16 11:48:20.389,ADC pin 15 raw = 2627  voltage = 2.951 V  angle = 214.0 deg
2026-05-16 11:48:20.399,ADC pin 15 raw = 2622  voltage = 2.945 V  angle = 213.5 deg
2026-05-16 11:48:20.410,ADC pin 15 raw = 2625  voltage = 2.949 V  angle = 213.8 deg
2026-05-16 11:48:20.419,ADC pin 15 raw = 2621  voltage = 2.944 V  angle = 213.4 deg
2026-05-16 11:48:20.429,ADC pin 15 raw = 2615  voltage = 2.937 V  angle = 212.8 deg
2026-05-16 11:48:20.439,ADC pin 15 raw = 2613  voltage = 2.935 V  angle = 212.6 deg
2026-05-16 11:48:20.449,ADC pin 15 raw = 2613  voltage = 2.935 V  angle = 212.6 deg
2026-05-16 11:48:20.459,ADC pin 15 raw = 2610  voltage = 2.932 V  angle = 212.3 deg
2026-05-16 11:48:20.469,ADC pin 15 raw = 2608  voltage = 2.930 V  angle = 212.1 deg
2026-05-16 11:48:20.479,ADC pin 15 raw = 2602  voltage = 2.923 V  angle = 211.5 deg
2026-05-16 11:48:20.489,ADC pin 15 raw = 2613  voltage = 2.935 V  angle = 212.6 deg
2026-05-16 11:48:20.499,ADC pin 15 raw = 2614  voltage = 2.936 V  angle = 212.7 deg
2026-05-16 11:48:20.509,ADC pin 15 raw = 2620  voltage = 2.943 V  angle = 213.3 deg
2026-05-16 11:48:20.519,ADC pin 15 raw = 2621  voltage = 2.944 V  angle = 213.4 deg
2026-05-16 11:48:20.529,ADC pin 15 raw = 2625  voltage = 2.949 V  angle = 213.8 deg
2026-05-16 11:48:20.539,ADC pin 15 raw = 2621  voltage = 2.944 V  angle = 213.4 deg
2026-05-16 11:48:20.549,ADC pin 15 raw = 2625  voltage = 2.949 V  angle = 213.8 deg
2026-05-16 11:48:20.559,ADC pin 15 raw = 2622  voltage = 2.945 V  angle = 213.5 deg
2026-05-16 11:48:20.569,ADC pin 15 raw = 2618  voltage = 2.941 V  angle = 213.1 deg
2026-05-16 11:48:20.579,ADC pin 15 raw = 2621  voltage = 2.944 V  angle = 213.4 deg
2026-05-16 11:48:20.589,ADC pin 15 raw = 2626  voltage = 2.950 V  angle = 213.9 deg
2026-05-16 11:48:20.599,ADC pin 15 raw = 2624  voltage = 2.948 V  angle = 213.7 deg
2026-05-16 11:48:20.609,ADC pin 15 raw = 2618  voltage = 2.941 V  angle = 213.1 deg
2026-05-16 11:48:20.619,ADC pin 15 raw = 2614  voltage = 2.936 V  angle = 212.7 deg
2026-05-16 11:48:20.629,ADC pin 15 raw = 2613  voltage = 2.935 V  angle = 212.6 deg
2026-05-16 11:48:20.639,ADC pin 15 raw = 2611  voltage = 2.933 V  angle = 212.4 deg
2026-05-16 11:48:20.649,ADC pin 15 raw = 2609  voltage = 2.931 V  angle = 212.2 deg
2026-05-16 11:48:20.659,ADC pin 15 raw = 2608  voltage = 2.930 V  angle = 212.1 deg
2026-05-16 11:48:20.669,ADC pin 15 raw = 2608  voltage = 2.930 V  angle = 212.1 deg
2026-05-16 11:48:20.679,ADC pin 15 raw = 2612  voltage = 2.934 V  angle = 212.5 deg
2026-05-16 11:48:20.689,ADC pin 15 raw = 2608  voltage = 2.930 V  angle = 212.1 deg
2026-05-16 11:48:20.699,ADC pin 15 raw = 2608  voltage = 2.930 V  angle = 212.1 deg
2026-05-16 11:48:20.709,ADC pin 15 raw = 2609  voltage = 2.931 V  angle = 212.2 deg
2026-05-16 11:48:20.719,ADC pin 15 raw = 2608  voltage = 2.930 V  angle = 212.1 deg
2026-05-16 11:48:20.729,ADC pin 15 raw = 2626  voltage = 2.950 V  angle = 213.9 deg
2026-05-16 11:48:20.739,ADC pin 15 raw = 2588  voltage = 2.907 V  angle = 210.1 deg
2026-05-16 11:48:20.749,ADC pin 15 raw = 2558  voltage = 2.873 V  angle = 207.1 deg
2026-05-16 11:48:20.759,ADC pin 15 raw = 2599  voltage = 2.920 V  angle = 211.2 deg
2026-05-16 11:48:20.769,ADC pin 15 raw = 2514  voltage = 2.824 V  angle = 202.8 deg
2026-05-16 11:48:20.779,ADC pin 15 raw = 2496  voltage = 2.804 V  angle = 201.0 deg
2026-05-16 11:48:20.789,ADC pin 15 raw = 2465  voltage = 2.769 V  angle = 197.9 deg
2026-05-16 11:48:20.799,ADC pin 15 raw = 2459  voltage = 2.762 V  angle = 197.3 deg
2026-05-16 11:48:20.810,ADC pin 15 raw = 2447  voltage = 2.749 V  angle = 196.1 deg
2026-05-16 11:48:20.820,ADC pin 15 raw = 2435  voltage = 2.735 V  angle = 194.9 deg
2026-05-16 11:48:20.829,ADC pin 15 raw = 2461  voltage = 2.764 V  angle = 197.5 deg
2026-05-16 11:48:20.839,ADC pin 15 raw = 2466  voltage = 2.770 V  angle = 198.0 deg
2026-05-16 11:48:20.849,ADC pin 15 raw = 2445  voltage = 2.747 V  angle = 195.9 deg
2026-05-16 11:48:20.859,ADC pin 15 raw = 2465  voltage = 2.769 V  angle = 197.9 deg
2026-05-16 11:48:20.869,ADC pin 15 raw = 2455  voltage = 2.758 V  angle = 196.9 deg
2026-05-16 11:48:20.879,ADC pin 15 raw = 2448  voltage = 2.750 V  angle = 196.2 deg
2026-05-16 11:48:20.889,ADC pin 15 raw = 2434  voltage = 2.734 V  angle = 194.8 deg
2026-05-16 11:48:20.899,ADC pin 15 raw = 2454  voltage = 2.757 V  angle = 196.8 deg
2026-05-16 11:48:20.909,ADC pin 15 raw = 2434  voltage = 2.734 V  angle = 194.8 deg
2026-05-16 11:48:20.919,ADC pin 15 raw = 2425  voltage = 2.724 V  angle = 193.9 deg
2026-05-16 11:48:20.929,ADC pin 15 raw = 2436  voltage = 2.736 V  angle = 195.0 deg
2026-05-16 11:48:20.939,ADC pin 15 raw = 2423  voltage = 2.722 V  angle = 193.7 deg
2026-05-16 11:48:20.949,ADC pin 15 raw = 2423  voltage = 2.722 V  angle = 193.7 deg
2026-05-16 11:48:20.959,ADC pin 15 raw = 2421  voltage = 2.720 V  angle = 193.5 deg
2026-05-16 11:48:20.969,ADC pin 15 raw = 2419  voltage = 2.717 V  angle = 193.3 deg
2026-05-16 11:48:20.979,ADC pin 15 raw = 2418  voltage = 2.716 V  angle = 193.2 deg
2026-05-16 11:48:20.989,ADC pin 15 raw = 2425  voltage = 2.724 V  angle = 193.9 deg
2026-05-16 11:48:20.999,ADC pin 15 raw = 2427  voltage = 2.726 V  angle = 194.1 deg
2026-05-16 11:48:21.010,ADC pin 15 raw = 2424  voltage = 2.723 V  angle = 193.8 deg
2026-05-16 11:48:21.019,ADC pin 15 raw = 2422  voltage = 2.721 V  angle = 193.6 deg
2026-05-16 11:48:21.029,ADC pin 15 raw = 2424  voltage = 2.723 V  angle = 193.8 deg
2026-05-16 11:48:21.039,ADC pin 15 raw = 2418  voltage = 2.716 V  angle = 193.2 deg
2026-05-16 11:48:21.049,ADC pin 15 raw = 2421  voltage = 2.720 V  angle = 193.5 deg
2026-05-16 11:48:21.059,ADC pin 15 raw = 2423  voltage = 2.722 V  angle = 193.7 deg
2026-05-16 11:48:21.069,ADC pin 15 raw = 2420  voltage = 2.718 V  angle = 193.4 deg
2026-05-16 11:48:21.079,ADC pin 15 raw = 2421  voltage = 2.720 V  angle = 193.5 deg
2026-05-16 11:48:21.093,ADC pin 15 raw = 2422  voltage = 2.721 V  angle = 193.6 deg
2026-05-16 11:48:21.099,ADC pin 15 raw = 2422  voltage = 2.721 V  angle = 193.6 deg
2026-05-16 11:48:21.109,ADC pin 15 raw = 2420  voltage = 2.718 V  angle = 193.4 deg
2026-05-16 11:48:21.119,ADC pin 15 raw = 2423  voltage = 2.722 V  angle = 193.7 deg
2026-05-16 11:48:21.129,ADC pin 15 raw = 2418  voltage = 2.716 V  angle = 193.2 deg
2026-05-16 11:48:21.139,ADC pin 15 raw = 2418  voltage = 2.716 V  angle = 193.2 deg
2026-05-16 11:48:21.149,ADC pin 15 raw = 2416  voltage = 2.714 V  angle = 193.0 deg
2026-05-16 11:48:21.159,ADC pin 15 raw = 2414  voltage = 2.712 V  angle = 192.8 deg
2026-05-16 11:48:21.169,ADC pin 15 raw = 2419  voltage = 2.717 V  angle = 193.3 deg
2026-05-16 11:48:21.179,ADC pin 15 raw = 2417  voltage = 2.715 V  angle = 193.1 deg
2026-05-16 11:48:21.189,ADC pin 15 raw = 2419  voltage = 2.717 V  angle = 193.3 deg
2026-05-16 11:48:21.204,ADC pin 15 raw = 2417  voltage = 2.715 V  angle = 193.1 deg
2026-05-16 11:48:21.209,ADC pin 15 raw = 2417  voltage = 2.715 V  angle = 193.1 deg
2026-05-16 11:48:21.219,ADC pin 15 raw = 2415  voltage = 2.713 V  angle = 192.9 deg
2026-05-16 11:48:21.229,ADC pin 15 raw = 2418  voltage = 2.716 V  angle = 193.2 deg
2026-05-16 11:48:21.239,ADC pin 15 raw = 2420  voltage = 2.718 V  angle = 193.4 deg
2026-05-16 11:48:21.249,ADC pin 15 raw = 2424  voltage = 2.723 V  angle = 193.8 deg
2026-05-16 11:48:21.259,ADC pin 15 raw = 2417  voltage = 2.715 V  angle = 193.1 deg
2026-05-16 11:48:21.269,ADC pin 15 raw = 2417  voltage = 2.715 V  angle = 193.1 deg
2026-05-16 11:48:21.279,ADC pin 15 raw = 2419  voltage = 2.717 V  angle = 193.3 deg
2026-05-16 11:48:21.289,ADC pin 15 raw = 2417  voltage = 2.715 V  angle = 193.1 deg
2026-05-16 11:48:21.299,ADC pin 15 raw = 2415  voltage = 2.713 V  angle = 192.9 deg
2026-05-16 11:48:21.309,ADC pin 15 raw = 2418  voltage = 2.716 V  angle = 193.2 deg
2026-05-16 11:48:21.319,ADC pin 15 raw = 2416  voltage = 2.714 V  angle = 193.0 deg
2026-05-16 11:48:21.329,ADC pin 15 raw = 2416  voltage = 2.714 V  angle = 193.0 deg
2026-05-16 11:48:21.339,ADC pin 15 raw = 2419  voltage = 2.717 V  angle = 193.3 deg
2026-05-16 11:48:21.349,ADC pin 15 raw = 2415  voltage = 2.713 V  angle = 192.9 deg
2026-05-16 11:48:21.359,ADC pin 15 raw = 2416  voltage = 2.714 V  angle = 193.0 deg
2026-05-16 11:48:21.369,ADC pin 15 raw = 2419  voltage = 2.717 V  angle = 193.3 deg
2026-05-16 11:48:21.379,ADC pin 15 raw = 2414  voltage = 2.712 V  angle = 192.8 deg
2026-05-16 11:48:21.389,ADC pin 15 raw = 2418  voltage = 2.716 V  angle = 193.2 deg
2026-05-16 11:48:21.399,ADC pin 15 raw = 2416  voltage = 2.714 V  angle = 193.0 deg
2026-05-16 11:48:21.409,ADC pin 15 raw = 2418  voltage = 2.716 V  angle = 193.2 deg
2026-05-16 11:48:21.419,ADC pin 15 raw = 2421  voltage = 2.720 V  angle = 193.5 deg
2026-05-16 11:48:21.429,ADC pin 15 raw = 2419  voltage = 2.717 V  angle = 193.3 deg
2026-05-16 11:48:21.439,ADC pin 15 raw = 2415  voltage = 2.713 V  angle = 192.9 deg
2026-05-16 11:48:21.449,ADC pin 15 raw = 2419  voltage = 2.717 V  angle = 193.3 deg
2026-05-16 11:48:21.459,ADC pin 15 raw = 2415  voltage = 2.713 V  angle = 192.9 deg
2026-05-16 11:48:21.469,ADC pin 15 raw = 2418  voltage = 2.716 V  angle = 193.2 deg
2026-05-16 11:48:21.479,ADC pin 15 raw = 2420  voltage = 2.718 V  angle = 193.4 deg
2026-05-16 11:48:21.489,ADC pin 15 raw = 2418  voltage = 2.716 V  angle = 193.2 deg
2026-05-16 11:48:21.499,ADC pin 15 raw = 2419  voltage = 2.717 V  angle = 193.3 deg
2026-05-16 11:48:21.509,ADC pin 15 raw = 2417  voltage = 2.715 V  angle = 193.1 deg
2026-05-16 11:48:21.519,ADC pin 15 raw = 2417  voltage = 2.715 V  angle = 193.1 deg
2026-05-16 11:48:21.529,ADC pin 15 raw = 2419  voltage = 2.717 V  angle = 193.3 deg
2026-05-16 11:48:21.539,ADC pin 15 raw = 2419  voltage = 2.717 V  angle = 193.3 deg
2026-05-16 11:48:21.549,ADC pin 15 raw = 2419  voltage = 2.717 V  angle = 193.3 deg
2026-05-16 11:48:21.559,ADC pin 15 raw = 2419  voltage = 2.717 V  angle = 193.3 deg
2026-05-16 11:48:21.569,ADC pin 15 raw = 2416  voltage = 2.714 V  angle = 193.0 deg
2026-05-16 11:48:21.579,ADC pin 15 raw = 2418  voltage = 2.716 V  angle = 193.2 deg
2026-05-16 11:48:21.589,ADC pin 15 raw = 2419  voltage = 2.717 V  angle = 193.3 deg
2026-05-16 11:48:21.599,ADC pin 15 raw = 2417  voltage = 2.715 V  angle = 193.1 deg
2026-05-16 11:48:21.609,ADC pin 15 raw = 2418  voltage = 2.716 V  angle = 193.2 deg
2026-05-16 11:48:21.619,ADC pin 15 raw = 2417  voltage = 2.715 V  angle = 193.1 deg
2026-05-16 11:48:21.629,ADC pin 15 raw = 2418  voltage = 2.716 V  angle = 193.2 deg
2026-05-16 11:48:21.639,ADC pin 15 raw = 2414  voltage = 2.712 V  angle = 192.8 deg
2026-05-16 11:48:21.649,ADC pin 15 raw = 2417  voltage = 2.715 V  angle = 193.1 deg
2026-05-16 11:48:21.659,ADC pin 15 raw = 2417  voltage = 2.715 V  angle = 193.1 deg
2026-05-16 11:48:21.669,ADC pin 15 raw = 2418  voltage = 2.716 V  angle = 193.2 deg
2026-05-16 11:48:21.679,ADC pin 15 raw = 2417  voltage = 2.715 V  angle = 193.1 deg
2026-05-16 11:48:21.689,ADC pin 15 raw = 2417  voltage = 2.715 V  angle = 193.1 deg
2026-05-16 11:48:21.699,ADC pin 15 raw = 2416  voltage = 2.714 V  angle = 193.0 deg
2026-05-16 11:48:21.709,ADC pin 15 raw = 2415  voltage = 2.713 V  angle = 192.9 deg
2026-05-16 11:48:21.719,ADC pin 15 raw = 2415  voltage = 2.713 V  angle = 192.9 deg
2026-05-16 11:48:21.729,ADC pin 15 raw = 2415  voltage = 2.713 V  angle = 192.9 deg
2026-05-16 11:48:21.739,ADC pin 15 raw = 2416  voltage = 2.714 V  angle = 193.0 deg
2026-05-16 11:48:21.749,ADC pin 15 raw = 2419  voltage = 2.717 V  angle = 193.3 deg
2026-05-16 11:48:21.759,ADC pin 15 raw = 2417  voltage = 2.715 V  angle = 193.1 deg
2026-05-16 11:48:21.769,ADC pin 15 raw = 2418  voltage = 2.716 V  angle = 193.2 deg
2026-05-16 11:48:21.779,ADC pin 15 raw = 2416  voltage = 2.714 V  angle = 193.0 deg
2026-05-16 11:48:21.789,ADC pin 15 raw = 2416  voltage = 2.714 V  angle = 193.0 deg
2026-05-16 11:48:21.799,ADC pin 15 raw = 2417  voltage = 2.715 V  angle = 193.1 deg
2026-05-16 11:48:21.809,ADC pin 15 raw = 2412  voltage = 2.709 V  angle = 192.6 deg
2026-05-16 11:48:21.819,ADC pin 15 raw = 2417  voltage = 2.715 V  angle = 193.1 deg
2026-05-16 11:48:21.828,ADC pin 15 raw = 2420  voltage = 2.718 V  angle = 193.4 deg
2026-05-16 11:48:21.839,ADC pin 15 raw = 2416  voltage = 2.714 V  angle = 193.0 deg
2026-05-16 11:48:21.849,ADC pin 15 raw = 2416  voltage = 2.714 V  angle = 193.0 deg
2026-05-16 11:48:21.859,ADC pin 15 raw = 2417  voltage = 2.715 V  angle = 193.1 deg
2026-05-16 11:48:21.874,ADC pin 15 raw = 2413  voltage = 2.711 V  angle = 192.7 deg
2026-05-16 11:48:21.881,ADC pin 15 raw = 2413  voltage = 2.711 V  angle = 192.7 deg
2026-05-16 11:48:21.889,ADC pin 15 raw = 2416  voltage = 2.714 V  angle = 193.0 deg
2026-05-16 11:48:21.899,ADC pin 15 raw = 2415  voltage = 2.713 V  angle = 192.9 deg
2026-05-16 11:48:21.908,ADC pin 15 raw = 2416  voltage = 2.714 V  angle = 193.0 deg
2026-05-16 11:48:21.919,ADC pin 15 raw = 2417  voltage = 2.715 V  angle = 193.1 deg
2026-05-16 11:48:21.929,ADC pin 15 raw = 2418  voltage = 2.716 V  angle = 193.2 deg
2026-05-16 11:48:21.939,ADC pin 15 raw = 2416  voltage = 2.714 V  angle = 193.0 deg
2026-05-16 11:48:21.949,ADC pin 15 raw = 2418  voltage = 2.716 V  angle = 193.2 deg
2026-05-16 11:48:21.959,ADC pin 15 raw = 2418  voltage = 2.716 V  angle = 193.2 deg
2026-05-16 11:48:21.969,ADC pin 15 raw = 2415  voltage = 2.713 V  angle = 192.9 deg
2026-05-16 11:48:21.979,ADC pin 15 raw = 2417  voltage = 2.715 V  angle = 193.1 deg
2026-05-16 11:48:21.989,ADC pin 15 raw = 2417  voltage = 2.715 V  angle = 193.1 deg
2026-05-16 11:48:21.999,ADC pin 15 raw = 2415  voltage = 2.713 V  angle = 192.9 deg
2026-05-16 11:48:22.009,ADC pin 15 raw = 2415  voltage = 2.713 V  angle = 192.9 deg
2026-05-16 11:48:22.019,ADC pin 15 raw = 2461  voltage = 2.764 V  angle = 197.5 deg
2026-05-16 11:48:22.029,ADC pin 15 raw = 2413  voltage = 2.711 V  angle = 192.7 deg
2026-05-16 11:48:22.039,ADC pin 15 raw = 2401  voltage = 2.697 V  angle = 191.5 deg
2026-05-16 11:48:22.049,ADC pin 15 raw = 2317  voltage = 2.603 V  angle = 183.2 deg
2026-05-16 11:48:22.059,ADC pin 15 raw = 2293  voltage = 2.576 V  angle = 180.8 deg
2026-05-16 11:48:22.069,ADC pin 15 raw = 2282  voltage = 2.563 V  angle = 179.9 deg
2026-05-16 11:48:22.079,ADC pin 15 raw = 2276  voltage = 2.557 V  angle = 179.6 deg
2026-05-16 11:48:22.089,ADC pin 15 raw = 2248  voltage = 2.525 V  angle = 178.5 deg
2026-05-16 11:48:22.099,ADC pin 15 raw = 2227  voltage = 2.502 V  angle = 177.6 deg
2026-05-16 11:48:22.109,ADC pin 15 raw = 2222  voltage = 2.496 V  angle = 177.4 deg
2026-05-16 11:48:22.119,ADC pin 15 raw = 2236  voltage = 2.512 V  angle = 178.0 deg
2026-05-16 11:48:22.129,ADC pin 15 raw = 2217  voltage = 2.490 V  angle = 177.2 deg
2026-05-16 11:48:22.139,ADC pin 15 raw = 2211  voltage = 2.484 V  angle = 177.0 deg
2026-05-16 11:48:22.149,ADC pin 15 raw = 2218  voltage = 2.492 V  angle = 177.3 deg
2026-05-16 11:48:22.159,ADC pin 15 raw = 2220  voltage = 2.494 V  angle = 177.3 deg
2026-05-16 11:48:22.169,ADC pin 15 raw = 2214  voltage = 2.487 V  angle = 177.1 deg
2026-05-16 11:48:22.179,ADC pin 15 raw = 2219  voltage = 2.493 V  angle = 177.3 deg
2026-05-16 11:48:22.189,ADC pin 15 raw = 2206  voltage = 2.478 V  angle = 176.8 deg
2026-05-16 11:48:22.199,ADC pin 15 raw = 2205  voltage = 2.477 V  angle = 176.7 deg
2026-05-16 11:48:22.209,ADC pin 15 raw = 2213  voltage = 2.486 V  angle = 177.0 deg
2026-05-16 11:48:22.219,ADC pin 15 raw = 2211  voltage = 2.484 V  angle = 177.0 deg
2026-05-16 11:48:22.229,ADC pin 15 raw = 2211  voltage = 2.484 V  angle = 177.0 deg
2026-05-16 11:48:22.239,ADC pin 15 raw = 2205  voltage = 2.477 V  angle = 176.7 deg
2026-05-16 11:48:22.249,ADC pin 15 raw = 2202  voltage = 2.474 V  angle = 176.6 deg
2026-05-16 11:48:22.259,ADC pin 15 raw = 2198  voltage = 2.469 V  angle = 176.4 deg
2026-05-16 11:48:22.269,ADC pin 15 raw = 2198  voltage = 2.469 V  angle = 176.4 deg
2026-05-16 11:48:22.279,ADC pin 15 raw = 2196  voltage = 2.467 V  angle = 176.4 deg
2026-05-16 11:48:22.289,ADC pin 15 raw = 2198  voltage = 2.469 V  angle = 176.4 deg
2026-05-16 11:48:22.299,ADC pin 15 raw = 2197  voltage = 2.468 V  angle = 176.4 deg
2026-05-16 11:48:22.310,ADC pin 15 raw = 2196  voltage = 2.467 V  angle = 176.4 deg
2026-05-16 11:48:22.319,ADC pin 15 raw = 2194  voltage = 2.465 V  angle = 176.3 deg
2026-05-16 11:48:22.329,ADC pin 15 raw = 2199  voltage = 2.470 V  angle = 176.5 deg
2026-05-16 11:48:22.339,ADC pin 15 raw = 2196  voltage = 2.467 V  angle = 176.4 deg
2026-05-16 11:48:22.349,ADC pin 15 raw = 2197  voltage = 2.468 V  angle = 176.4 deg
2026-05-16 11:48:22.359,ADC pin 15 raw = 2196  voltage = 2.467 V  angle = 176.4 deg
2026-05-16 11:48:22.369,ADC pin 15 raw = 2199  voltage = 2.470 V  angle = 176.5 deg
2026-05-16 11:48:22.379,ADC pin 15 raw = 2197  voltage = 2.468 V  angle = 176.4 deg
2026-05-16 11:48:22.389,ADC pin 15 raw = 2202  voltage = 2.474 V  angle = 176.6 deg
2026-05-16 11:48:22.399,ADC pin 15 raw = 2199  voltage = 2.470 V  angle = 176.5 deg
2026-05-16 11:48:22.409,ADC pin 15 raw = 2195  voltage = 2.466 V  angle = 176.3 deg
2026-05-16 11:48:22.419,ADC pin 15 raw = 2197  voltage = 2.468 V  angle = 176.4 deg
2026-05-16 11:48:22.429,ADC pin 15 raw = 2199  voltage = 2.470 V  angle = 176.5 deg
2026-05-16 11:48:22.439,ADC pin 15 raw = 2196  voltage = 2.467 V  angle = 176.4 deg
2026-05-16 11:48:22.449,ADC pin 15 raw = 2197  voltage = 2.468 V  angle = 176.4 deg
2026-05-16 11:48:22.459,ADC pin 15 raw = 2194  voltage = 2.465 V  angle = 176.3 deg
2026-05-16 11:48:22.469,ADC pin 15 raw = 2197  voltage = 2.468 V  angle = 176.4 deg
2026-05-16 11:48:22.479,ADC pin 15 raw = 2197  voltage = 2.468 V  angle = 176.4 deg
2026-05-16 11:48:22.489,ADC pin 15 raw = 2194  voltage = 2.465 V  angle = 176.3 deg
2026-05-16 11:48:22.499,ADC pin 15 raw = 2193  voltage = 2.463 V  angle = 176.2 deg
2026-05-16 11:48:22.510,ADC pin 15 raw = 2199  voltage = 2.470 V  angle = 176.5 deg
2026-05-16 11:48:22.519,ADC pin 15 raw = 2194  voltage = 2.465 V  angle = 176.3 deg
2026-05-16 11:48:22.529,ADC pin 15 raw = 2197  voltage = 2.468 V  angle = 176.4 deg
2026-05-16 11:48:22.539,ADC pin 15 raw = 2195  voltage = 2.466 V  angle = 176.3 deg
2026-05-16 11:48:22.549,ADC pin 15 raw = 2198  voltage = 2.469 V  angle = 176.4 deg
2026-05-16 11:48:22.559,ADC pin 15 raw = 2194  voltage = 2.465 V  angle = 176.3 deg
2026-05-16 11:48:22.569,ADC pin 15 raw = 2192  voltage = 2.462 V  angle = 176.2 deg
2026-05-16 11:48:22.579,ADC pin 15 raw = 2193  voltage = 2.463 V  angle = 176.2 deg
2026-05-16 11:48:22.589,ADC pin 15 raw = 2198  voltage = 2.469 V  angle = 176.4 deg
2026-05-16 11:48:22.599,ADC pin 15 raw = 2198  voltage = 2.469 V  angle = 176.4 deg
2026-05-16 11:48:22.609,ADC pin 15 raw = 2196  voltage = 2.467 V  angle = 176.4 deg
2026-05-16 11:48:22.619,ADC pin 15 raw = 2193  voltage = 2.463 V  angle = 176.2 deg
2026-05-16 11:48:22.629,ADC pin 15 raw = 2198  voltage = 2.469 V  angle = 176.4 deg
2026-05-16 11:48:22.639,ADC pin 15 raw = 2196  voltage = 2.467 V  angle = 176.4 deg
2026-05-16 11:48:22.649,ADC pin 15 raw = 2197  voltage = 2.468 V  angle = 176.4 deg
2026-05-16 11:48:22.659,ADC pin 15 raw = 2196  voltage = 2.467 V  angle = 176.4 deg
2026-05-16 11:48:22.669,ADC pin 15 raw = 2198  voltage = 2.469 V  angle = 176.4 deg
2026-05-16 11:48:22.679,ADC pin 15 raw = 2197  voltage = 2.468 V  angle = 176.4 deg
2026-05-16 11:48:22.689,ADC pin 15 raw = 2194  voltage = 2.465 V  angle = 176.3 deg
2026-05-16 11:48:22.699,ADC pin 15 raw = 2195  voltage = 2.466 V  angle = 176.3 deg
2026-05-16 11:48:22.709,ADC pin 15 raw = 2196  voltage = 2.467 V  angle = 176.4 deg
2026-05-16 11:48:22.719,ADC pin 15 raw = 2196  voltage = 2.467 V  angle = 176.4 deg
2026-05-16 11:48:22.729,ADC pin 15 raw = 2195  voltage = 2.466 V  angle = 176.3 deg
2026-05-16 11:48:22.739,ADC pin 15 raw = 2196  voltage = 2.467 V  angle = 176.4 deg
2026-05-16 11:48:22.749,ADC pin 15 raw = 2194  voltage = 2.465 V  angle = 176.3 deg
2026-05-16 11:48:22.759,ADC pin 15 raw = 2196  voltage = 2.467 V  angle = 176.4 deg
2026-05-16 11:48:22.769,ADC pin 15 raw = 2196  voltage = 2.467 V  angle = 176.4 deg
2026-05-16 11:48:22.779,ADC pin 15 raw = 2195  voltage = 2.466 V  angle = 176.3 deg
2026-05-16 11:48:22.789,ADC pin 15 raw = 2194  voltage = 2.465 V  angle = 176.3 deg
2026-05-16 11:48:22.799,ADC pin 15 raw = 2193  voltage = 2.463 V  angle = 176.2 deg
2026-05-16 11:48:22.809,ADC pin 15 raw = 2195  voltage = 2.466 V  angle = 176.3 deg
2026-05-16 11:48:22.819,ADC pin 15 raw = 2195  voltage = 2.466 V  angle = 176.3 deg
2026-05-16 11:48:22.829,ADC pin 15 raw = 2198  voltage = 2.469 V  angle = 176.4 deg
2026-05-16 11:48:22.839,ADC pin 15 raw = 2195  voltage = 2.466 V  angle = 176.3 deg
2026-05-16 11:48:22.849,ADC pin 15 raw = 2194  voltage = 2.465 V  angle = 176.3 deg
2026-05-16 11:48:22.859,ADC pin 15 raw = 2194  voltage = 2.465 V  angle = 176.3 deg
2026-05-16 11:48:22.869,ADC pin 15 raw = 2197  voltage = 2.468 V  angle = 176.4 deg
2026-05-16 11:48:22.879,ADC pin 15 raw = 2197  voltage = 2.468 V  angle = 176.4 deg
2026-05-16 11:48:22.889,ADC pin 15 raw = 2195  voltage = 2.466 V  angle = 176.3 deg
2026-05-16 11:48:22.899,ADC pin 15 raw = 2197  voltage = 2.468 V  angle = 176.4 deg
2026-05-16 11:48:22.909,ADC pin 15 raw = 2197  voltage = 2.468 V  angle = 176.4 deg
2026-05-16 11:48:22.919,ADC pin 15 raw = 2196  voltage = 2.467 V  angle = 176.4 deg
2026-05-16 11:48:22.929,ADC pin 15 raw = 2194  voltage = 2.465 V  angle = 176.3 deg
2026-05-16 11:48:22.939,ADC pin 15 raw = 2196  voltage = 2.467 V  angle = 176.4 deg
2026-05-16 11:48:22.949,ADC pin 15 raw = 2194  voltage = 2.465 V  angle = 176.3 deg
2026-05-16 11:48:22.960,ADC pin 15 raw = 2195  voltage = 2.466 V  angle = 176.3 deg
2026-05-16 11:48:22.969,ADC pin 15 raw = 2195  voltage = 2.466 V  angle = 176.3 deg
2026-05-16 11:48:22.981,ADC pin 15 raw = 2194  voltage = 2.465 V  angle = 176.3 deg
2026-05-16 11:48:22.990,ADC pin 15 raw = 2192  voltage = 2.462 V  angle = 176.2 deg
2026-05-16 11:48:23.005,ADC pin 15 raw = 2195  voltage = 2.466 V  angle = 176.3 deg
2026-05-16 11:48:23.009,ADC pin 15 raw = 2193  voltage = 2.463 V  angle = 176.2 deg
2026-05-16 11:48:23.019,ADC pin 15 raw = 2192  voltage = 2.462 V  angle = 176.2 deg
2026-05-16 11:48:23.029,ADC pin 15 raw = 2193  voltage = 2.463 V  angle = 176.2 deg
2026-05-16 11:48:23.039,ADC pin 15 raw = 2193  voltage = 2.463 V  angle = 176.2 deg
2026-05-16 11:48:23.049,ADC pin 15 raw = 2196  voltage = 2.467 V  angle = 176.4 deg
2026-05-16 11:48:23.059,ADC pin 15 raw = 2195  voltage = 2.466 V  angle = 176.3 deg
2026-05-16 11:48:23.069,ADC pin 15 raw = 2196  voltage = 2.467 V  angle = 176.4 deg
2026-05-16 11:48:23.079,ADC pin 15 raw = 2193  voltage = 2.463 V  angle = 176.2 deg
2026-05-16 11:48:23.089,ADC pin 15 raw = 2196  voltage = 2.467 V  angle = 176.4 deg
2026-05-16 11:48:23.099,ADC pin 15 raw = 2192  voltage = 2.462 V  angle = 176.2 deg
2026-05-16 11:48:23.109,ADC pin 15 raw = 2194  voltage = 2.465 V  angle = 176.3 deg
2026-05-16 11:48:23.119,ADC pin 15 raw = 2193  voltage = 2.463 V  angle = 176.2 deg
2026-05-16 11:48:23.129,ADC pin 15 raw = 2193  voltage = 2.463 V  angle = 176.2 deg
2026-05-16 11:48:23.139,ADC pin 15 raw = 2195  voltage = 2.466 V  angle = 176.3 deg
2026-05-16 11:48:23.149,ADC pin 15 raw = 2196  voltage = 2.467 V  angle = 176.4 deg
2026-05-16 11:48:23.159,ADC pin 15 raw = 2199  voltage = 2.470 V  angle = 176.5 deg
2026-05-16 11:48:23.169,ADC pin 15 raw = 2198  voltage = 2.469 V  angle = 176.4 deg
2026-05-16 11:48:23.179,ADC pin 15 raw = 2197  voltage = 2.468 V  angle = 176.4 deg
2026-05-16 11:48:23.189,ADC pin 15 raw = 2198  voltage = 2.469 V  angle = 176.4 deg
2026-05-16 11:48:23.199,ADC pin 15 raw = 2200  voltage = 2.471 V  angle = 176.5 deg
2026-05-16 11:48:23.209,ADC pin 15 raw = 2193  voltage = 2.463 V  angle = 176.2 deg
2026-05-16 11:48:23.219,ADC pin 15 raw = 2267  voltage = 2.547 V  angle = 179.3 deg
2026-05-16 11:48:23.229,ADC pin 15 raw = 2273  voltage = 2.553 V  angle = 179.5 deg
2026-05-16 11:48:23.239,ADC pin 15 raw = 2343  voltage = 2.632 V  angle = 185.8 deg
2026-05-16 11:48:23.251,ADC pin 15 raw = 2420  voltage = 2.718 V  angle = 193.4 deg
2026-05-16 11:48:23.259,ADC pin 15 raw = 2486  voltage = 2.793 V  angle = 200.0 deg
2026-05-16 11:48:23.269,ADC pin 15 raw = 2583  voltage = 2.902 V  angle = 209.6 deg
2026-05-16 11:48:23.279,ADC pin 15 raw = 2619  voltage = 2.942 V  angle = 213.2 deg
2026-05-16 11:48:23.289,ADC pin 15 raw = 2600  voltage = 2.921 V  angle = 211.3 deg
2026-05-16 11:48:23.299,ADC pin 15 raw = 2617  voltage = 2.940 V  angle = 213.0 deg
2026-05-16 11:48:23.309,ADC pin 15 raw = 2628  voltage = 2.952 V  angle = 214.1 deg
2026-05-16 11:48:23.319,ADC pin 15 raw = 2623  voltage = 2.946 V  angle = 213.6 deg
2026-05-16 11:48:23.329,ADC pin 15 raw = 2623  voltage = 2.946 V  angle = 213.6 deg
2026-05-16 11:48:23.339,ADC pin 15 raw = 2615  voltage = 2.937 V  angle = 212.8 deg
2026-05-16 11:48:23.349,ADC pin 15 raw = 2611  voltage = 2.933 V  angle = 212.4 deg
2026-05-16 11:48:23.359,ADC pin 15 raw = 2620  voltage = 2.943 V  angle = 213.3 deg
2026-05-16 11:48:23.369,ADC pin 15 raw = 2621  voltage = 2.944 V  angle = 213.4 deg
2026-05-16 11:48:23.379,ADC pin 15 raw = 2613  voltage = 2.935 V  angle = 212.6 deg
2026-05-16 11:48:23.389,ADC pin 15 raw = 2609  voltage = 2.931 V  angle = 212.2 deg
2026-05-16 11:48:23.399,ADC pin 15 raw = 2611  voltage = 2.933 V  angle = 212.4 deg
2026-05-16 11:48:23.409,ADC pin 15 raw = 2606  voltage = 2.927 V  angle = 211.9 deg
2026-05-16 11:48:23.419,ADC pin 15 raw = 2612  voltage = 2.934 V  angle = 212.5 deg
2026-05-16 11:48:23.429,ADC pin 15 raw = 2618  voltage = 2.941 V  angle = 213.1 deg
2026-05-16 11:48:23.439,ADC pin 15 raw = 2618  voltage = 2.941 V  angle = 213.1 deg
2026-05-16 11:48:23.449,ADC pin 15 raw = 2626  voltage = 2.950 V  angle = 213.9 deg
2026-05-16 11:48:23.459,ADC pin 15 raw = 2623  voltage = 2.946 V  angle = 213.6 deg
2026-05-16 11:48:23.469,ADC pin 15 raw = 2625  voltage = 2.949 V  angle = 213.8 deg
2026-05-16 11:48:23.479,ADC pin 15 raw = 2614  voltage = 2.936 V  angle = 212.7 deg
2026-05-16 11:48:23.489,ADC pin 15 raw = 2611  voltage = 2.933 V  angle = 212.4 deg
2026-05-16 11:48:23.499,ADC pin 15 raw = 2620  voltage = 2.943 V  angle = 213.3 deg
2026-05-16 11:48:23.509,ADC pin 15 raw = 2623  voltage = 2.946 V  angle = 213.6 deg
2026-05-16 11:48:23.519,ADC pin 15 raw = 2618  voltage = 2.941 V  angle = 213.1 deg
2026-05-16 11:48:23.529,ADC pin 15 raw = 2612  voltage = 2.934 V  angle = 212.5 deg
2026-05-16 11:48:23.539,ADC pin 15 raw = 2611  voltage = 2.933 V  angle = 212.4 deg
2026-05-16 11:48:23.549,ADC pin 15 raw = 2612  voltage = 2.934 V  angle = 212.5 deg
2026-05-16 11:48:23.559,ADC pin 15 raw = 2610  voltage = 2.932 V  angle = 212.3 deg
2026-05-16 11:48:23.569,ADC pin 15 raw = 2604  voltage = 2.925 V  angle = 211.7 deg
2026-05-16 11:48:23.579,ADC pin 15 raw = 2610  voltage = 2.932 V  angle = 212.3 deg
2026-05-16 11:48:23.589,ADC pin 15 raw = 2609  voltage = 2.931 V  angle = 212.2 deg
2026-05-16 11:48:23.599,ADC pin 15 raw = 2617  voltage = 2.940 V  angle = 213.0 deg
2026-05-16 11:48:23.609,ADC pin 15 raw = 2619  voltage = 2.942 V  angle = 213.2 deg
2026-05-16 11:48:23.619,ADC pin 15 raw = 2619  voltage = 2.942 V  angle = 213.2 deg
2026-05-16 11:48:23.629,ADC pin 15 raw = 2620  voltage = 2.943 V  angle = 213.3 deg
2026-05-16 11:48:23.639,ADC pin 15 raw = 2619  voltage = 2.942 V  angle = 213.2 deg
2026-05-16 11:48:23.649,ADC pin 15 raw = 2613  voltage = 2.935 V  angle = 212.6 deg
2026-05-16 11:48:23.659,ADC pin 15 raw = 2609  voltage = 2.931 V  angle = 212.2 deg
2026-05-16 11:48:23.669,ADC pin 15 raw = 2620  voltage = 2.943 V  angle = 213.3 deg
2026-05-16 11:48:23.679,ADC pin 15 raw = 2616  voltage = 2.939 V  angle = 212.9 deg
2026-05-16 11:48:23.689,ADC pin 15 raw = 2617  voltage = 2.940 V  angle = 213.0 deg
2026-05-16 11:48:23.699,ADC pin 15 raw = 2617  voltage = 2.940 V  angle = 213.0 deg
2026-05-16 11:48:23.709,ADC pin 15 raw = 2611  voltage = 2.933 V  angle = 212.4 deg
2026-05-16 11:48:23.719,ADC pin 15 raw = 2609  voltage = 2.931 V  angle = 212.2 deg
2026-05-16 11:48:23.729,ADC pin 15 raw = 2608  voltage = 2.930 V  angle = 212.1 deg
2026-05-16 11:48:23.739,ADC pin 15 raw = 2606  voltage = 2.927 V  angle = 211.9 deg
2026-05-16 11:48:23.749,ADC pin 15 raw = 2605  voltage = 2.926 V  angle = 211.8 deg
2026-05-16 11:48:23.759,ADC pin 15 raw = 2609  voltage = 2.931 V  angle = 212.2 deg
2026-05-16 11:48:23.769,ADC pin 15 raw = 2613  voltage = 2.935 V  angle = 212.6 deg
2026-05-16 11:48:23.779,ADC pin 15 raw = 2617  voltage = 2.940 V  angle = 213.0 deg
2026-05-16 11:48:23.789,ADC pin 15 raw = 2628  voltage = 2.952 V  angle = 214.1 deg
2026-05-16 11:48:23.799,ADC pin 15 raw = 2590  voltage = 2.909 V  angle = 210.3 deg
2026-05-16 11:48:23.810,ADC pin 15 raw = 2559  voltage = 2.875 V  angle = 207.2 deg
2026-05-16 11:48:23.819,ADC pin 15 raw = 2556  voltage = 2.871 V  angle = 207.0 deg
2026-05-16 11:48:23.829,ADC pin 15 raw = 2533  voltage = 2.845 V  angle = 204.7 deg
2026-05-16 11:48:23.839,ADC pin 15 raw = 2494  voltage = 2.802 V  angle = 200.8 deg
2026-05-16 11:48:23.849,ADC pin 15 raw = 2454  voltage = 2.757 V  angle = 196.8 deg
2026-05-16 11:48:23.859,ADC pin 15 raw = 2452  voltage = 2.754 V  angle = 196.6 deg
2026-05-16 11:48:23.869,ADC pin 15 raw = 2445  voltage = 2.747 V  angle = 195.9 deg
2026-05-16 11:48:23.879,ADC pin 15 raw = 2436  voltage = 2.736 V  angle = 195.0 deg
2026-05-16 11:48:23.889,ADC pin 15 raw = 2416  voltage = 2.714 V  angle = 193.0 deg
2026-05-16 11:48:23.899,ADC pin 15 raw = 2451  voltage = 2.753 V  angle = 196.5 deg
2026-05-16 11:48:23.909,ADC pin 15 raw = 2440  voltage = 2.741 V  angle = 195.4 deg
2026-05-16 11:48:23.919,ADC pin 15 raw = 2433  voltage = 2.733 V  angle = 194.7 deg
2026-05-16 11:48:23.929,ADC pin 15 raw = 2431  voltage = 2.731 V  angle = 194.5 deg
2026-05-16 11:48:23.939,ADC pin 15 raw = 2435  voltage = 2.735 V  angle = 194.9 deg
2026-05-16 11:48:23.949,ADC pin 15 raw = 2427  voltage = 2.726 V  angle = 194.1 deg
2026-05-16 11:48:23.959,ADC pin 15 raw = 2444  voltage = 2.745 V  angle = 195.8 deg
2026-05-16 11:48:23.969,ADC pin 15 raw = 2456  voltage = 2.759 V  angle = 197.0 deg
2026-05-16 11:48:23.979,ADC pin 15 raw = 2442  voltage = 2.743 V  angle = 195.6 deg
2026-05-16 11:48:23.989,ADC pin 15 raw = 2431  voltage = 2.731 V  angle = 194.5 deg
2026-05-16 11:48:23.999,ADC pin 15 raw = 2431  voltage = 2.731 V  angle = 194.5 deg
2026-05-16 11:48:24.009,ADC pin 15 raw = 2429  voltage = 2.729 V  angle = 194.3 deg
2026-05-16 11:48:24.019,ADC pin 15 raw = 2429  voltage = 2.729 V  angle = 194.3 deg
2026-05-16 11:48:24.029,ADC pin 15 raw = 2430  voltage = 2.730 V  angle = 194.4 deg
2026-05-16 11:48:24.039,ADC pin 15 raw = 2428  voltage = 2.727 V  angle = 194.2 deg
2026-05-16 11:48:24.049,ADC pin 15 raw = 2430  voltage = 2.730 V  angle = 194.4 deg
2026-05-16 11:48:24.059,ADC pin 15 raw = 2428  voltage = 2.727 V  angle = 194.2 deg
2026-05-16 11:48:24.069,ADC pin 15 raw = 2426  voltage = 2.725 V  angle = 194.0 deg
2026-05-16 11:48:24.079,ADC pin 15 raw = 2429  voltage = 2.729 V  angle = 194.3 deg
2026-05-16 11:48:24.089,ADC pin 15 raw = 2431  voltage = 2.731 V  angle = 194.5 deg
2026-05-16 11:48:24.099,ADC pin 15 raw = 2429  voltage = 2.729 V  angle = 194.3 deg
2026-05-16 11:48:24.109,ADC pin 15 raw = 2429  voltage = 2.729 V  angle = 194.3 deg
2026-05-16 11:48:24.119,ADC pin 15 raw = 2429  voltage = 2.729 V  angle = 194.3 deg
2026-05-16 11:48:24.129,ADC pin 15 raw = 2430  voltage = 2.730 V  angle = 194.4 deg
2026-05-16 11:48:24.139,ADC pin 15 raw = 2427  voltage = 2.726 V  angle = 194.1 deg
2026-05-16 11:48:24.149,ADC pin 15 raw = 2426  voltage = 2.725 V  angle = 194.0 deg
2026-05-16 11:48:24.159,ADC pin 15 raw = 2431  voltage = 2.731 V  angle = 194.5 deg
2026-05-16 11:48:24.169,ADC pin 15 raw = 2429  voltage = 2.729 V  angle = 194.3 deg
2026-05-16 11:48:24.179,ADC pin 15 raw = 2427  voltage = 2.726 V  angle = 194.1 deg
2026-05-16 11:48:24.189,ADC pin 15 raw = 2427  voltage = 2.726 V  angle = 194.1 deg
2026-05-16 11:48:24.199,ADC pin 15 raw = 2424  voltage = 2.723 V  angle = 193.8 deg
2026-05-16 11:48:24.210,ADC pin 15 raw = 2428  voltage = 2.727 V  angle = 194.2 deg
2026-05-16 11:48:24.219,ADC pin 15 raw = 2429  voltage = 2.729 V  angle = 194.3 deg
2026-05-16 11:48:24.229,ADC pin 15 raw = 2429  voltage = 2.729 V  angle = 194.3 deg
2026-05-16 11:48:24.239,ADC pin 15 raw = 2425  voltage = 2.724 V  angle = 193.9 deg
2026-05-16 11:48:24.249,ADC pin 15 raw = 2424  voltage = 2.723 V  angle = 193.8 deg
2026-05-16 11:48:24.261,ADC pin 15 raw = 2428  voltage = 2.727 V  angle = 194.2 deg
2026-05-16 11:48:24.269,ADC pin 15 raw = 2428  voltage = 2.727 V  angle = 194.2 deg
2026-05-16 11:48:24.279,ADC pin 15 raw = 2429  voltage = 2.729 V  angle = 194.3 deg
2026-05-16 11:48:24.289,ADC pin 15 raw = 2430  voltage = 2.730 V  angle = 194.4 deg
2026-05-16 11:48:24.299,ADC pin 15 raw = 2432  voltage = 2.732 V  angle = 194.6 deg
2026-05-16 11:48:24.309,ADC pin 15 raw = 2429  voltage = 2.729 V  angle = 194.3 deg
2026-05-16 11:48:24.319,ADC pin 15 raw = 2428  voltage = 2.727 V  angle = 194.2 deg
2026-05-16 11:48:24.329,ADC pin 15 raw = 2425  voltage = 2.724 V  angle = 193.9 deg
2026-05-16 11:48:24.339,ADC pin 15 raw = 2428  voltage = 2.727 V  angle = 194.2 deg
2026-05-16 11:48:24.349,ADC pin 15 raw = 2427  voltage = 2.726 V  angle = 194.1 deg
2026-05-16 11:48:24.359,ADC pin 15 raw = 2436  voltage = 2.736 V  angle = 195.0 deg
2026-05-16 11:48:24.369,ADC pin 15 raw = 2455  voltage = 2.758 V  angle = 196.9 deg
2026-05-16 11:48:24.379,ADC pin 15 raw = 2394  voltage = 2.689 V  angle = 190.8 deg
2026-05-16 11:48:24.389,ADC pin 15 raw = 2356  voltage = 2.647 V  angle = 187.1 deg
2026-05-16 11:48:24.399,ADC pin 15 raw = 2316  voltage = 2.602 V  angle = 183.1 deg
2026-05-16 11:48:24.409,ADC pin 15 raw = 2290  voltage = 2.572 V  angle = 180.5 deg
2026-05-16 11:48:24.419,ADC pin 15 raw = 2245  voltage = 2.522 V  angle = 178.4 deg
2026-05-16 11:48:24.429,ADC pin 15 raw = 2244  voltage = 2.521 V  angle = 178.3 deg
2026-05-16 11:48:24.439,ADC pin 15 raw = 2226  voltage = 2.501 V  angle = 177.6 deg
2026-05-16 11:48:24.449,ADC pin 15 raw = 2212  voltage = 2.485 V  angle = 177.0 deg
2026-05-16 11:48:24.459,ADC pin 15 raw = 2241  voltage = 2.517 V  angle = 178.2 deg
2026-05-16 11:48:24.469,ADC pin 15 raw = 2216  voltage = 2.489 V  angle = 177.2 deg
2026-05-16 11:48:24.479,ADC pin 15 raw = 2212  voltage = 2.485 V  angle = 177.0 deg
2026-05-16 11:48:24.489,ADC pin 15 raw = 2209  voltage = 2.481 V  angle = 176.9 deg
2026-05-16 11:48:24.499,ADC pin 15 raw = 2219  voltage = 2.493 V  angle = 177.3 deg
2026-05-16 11:48:24.509,ADC pin 15 raw = 2222  voltage = 2.496 V  angle = 177.4 deg
2026-05-16 11:48:24.519,ADC pin 15 raw = 2225  voltage = 2.499 V  angle = 177.5 deg
2026-05-16 11:48:24.529,ADC pin 15 raw = 2220  voltage = 2.494 V  angle = 177.3 deg
2026-05-16 11:48:24.539,ADC pin 15 raw = 2203  voltage = 2.475 V  angle = 176.6 deg
2026-05-16 11:48:24.549,ADC pin 15 raw = 2206  voltage = 2.478 V  angle = 176.8 deg
2026-05-16 11:48:24.559,ADC pin 15 raw = 2203  voltage = 2.475 V  angle = 176.6 deg
2026-05-16 11:48:24.569,ADC pin 15 raw = 2214  voltage = 2.487 V  angle = 177.1 deg
2026-05-16 11:48:24.579,ADC pin 15 raw = 2205  voltage = 2.477 V  angle = 176.7 deg
2026-05-16 11:48:24.589,ADC pin 15 raw = 2213  voltage = 2.486 V  angle = 177.0 deg
2026-05-16 11:48:24.600,ADC pin 15 raw = 2203  voltage = 2.475 V  angle = 176.6 deg
2026-05-16 11:48:24.610,ADC pin 15 raw = 2205  voltage = 2.477 V  angle = 176.7 deg
2026-05-16 11:48:24.619,ADC pin 15 raw = 2204  voltage = 2.476 V  angle = 176.7 deg
2026-05-16 11:48:24.629,ADC pin 15 raw = 2198  voltage = 2.469 V  angle = 176.4 deg
2026-05-16 11:48:24.639,ADC pin 15 raw = 2199  voltage = 2.470 V  angle = 176.5 deg
2026-05-16 11:48:24.649,ADC pin 15 raw = 2201  voltage = 2.472 V  angle = 176.6 deg
2026-05-16 11:48:24.659,ADC pin 15 raw = 2196  voltage = 2.467 V  angle = 176.4 deg
2026-05-16 11:48:24.670,ADC pin 15 raw = 2202  voltage = 2.474 V  angle = 176.6 deg
2026-05-16 11:48:24.679,ADC pin 15 raw = 2196  voltage = 2.467 V  angle = 176.4 deg
2026-05-16 11:48:24.694,ADC pin 15 raw = 2199  voltage = 2.470 V  angle = 176.5 deg
2026-05-16 11:48:24.699,ADC pin 15 raw = 2194  voltage = 2.465 V  angle = 176.3 deg
2026-05-16 11:48:24.710,ADC pin 15 raw = 2196  voltage = 2.467 V  angle = 176.4 deg
2026-05-16 11:48:24.727,ADC pin 15 raw = 2196  voltage = 2.467 V  angle = 176.4 deg
2026-05-16 11:48:24.729,ADC pin 15 raw = 2194  voltage = 2.465 V  angle = 176.3 deg
2026-05-16 11:48:24.739,ADC pin 15 raw = 2194  voltage = 2.465 V  angle = 176.3 deg
2026-05-16 11:48:24.759,ADC pin 15 raw = 2195  voltage = 2.466 V  angle = 176.3 deg
2026-05-16 11:48:24.760,ADC pin 15 raw = 2196  voltage = 2.467 V  angle = 176.4 deg
2026-05-16 11:48:24.770,ADC pin 15 raw = 2193  voltage = 2.463 V  angle = 176.2 deg
2026-05-16 11:48:24.781,ADC pin 15 raw = 2192  voltage = 2.462 V  angle = 176.2 deg
2026-05-16 11:48:24.790,ADC pin 15 raw = 2194  voltage = 2.465 V  angle = 176.3 deg
2026-05-16 11:48:24.802,ADC pin 15 raw = 2196  voltage = 2.467 V  angle = 176.4 deg
2026-05-16 11:48:24.809,ADC pin 15 raw = 2192  voltage = 2.462 V  angle = 176.2 deg
2026-05-16 11:48:24.819,ADC pin 15 raw = 2198  voltage = 2.469 V  angle = 176.4 deg
2026-05-16 11:48:24.829,ADC pin 15 raw = 2193  voltage = 2.463 V  angle = 176.2 deg
2026-05-16 11:48:24.839,ADC pin 15 raw = 2197  voltage = 2.468 V  angle = 176.4 deg
2026-05-16 11:48:24.849,ADC pin 15 raw = 2194  voltage = 2.465 V  angle = 176.3 deg
2026-05-16 11:48:24.859,ADC pin 15 raw = 2195  voltage = 2.466 V  angle = 176.3 deg
2026-05-16 11:48:24.869,ADC pin 15 raw = 2198  voltage = 2.469 V  angle = 176.4 deg
2026-05-16 11:48:24.879,ADC pin 15 raw = 2198  voltage = 2.469 V  angle = 176.4 deg
2026-05-16 11:48:24.889,ADC pin 15 raw = 2194  voltage = 2.465 V  angle = 176.3 deg
2026-05-16 11:48:24.899,ADC pin 15 raw = 2193  voltage = 2.463 V  angle = 176.2 deg
2026-05-16 11:48:24.909,ADC pin 15 raw = 2194  voltage = 2.465 V  angle = 176.3 deg
2026-05-16 11:48:24.919,ADC pin 15 raw = 2193  voltage = 2.463 V  angle = 176.2 deg
2026-05-16 11:48:24.929,ADC pin 15 raw = 2195  voltage = 2.466 V  angle = 176.3 deg
2026-05-16 11:48:24.939,ADC pin 15 raw = 2194  voltage = 2.465 V  angle = 176.3 deg
2026-05-16 11:48:24.949,ADC pin 15 raw = 2218  voltage = 2.492 V  angle = 177.3 deg
2026-05-16 11:48:24.959,ADC pin 15 raw = 2258  voltage = 2.536 V  angle = 178.9 deg
2026-05-16 11:48:24.969,ADC pin 15 raw = 2297  voltage = 2.580 V  angle = 181.2 deg
2026-05-16 11:48:24.979,ADC pin 15 raw = 2397  voltage = 2.693 V  angle = 191.1 deg
2026-05-16 11:48:24.989,ADC pin 15 raw = 2464  voltage = 2.768 V  angle = 197.8 deg
2026-05-16 11:48:24.999,ADC pin 15 raw = 2532  voltage = 2.844 V  angle = 204.6 deg
2026-05-16 11:48:25.009,ADC pin 15 raw = 2554  voltage = 2.869 V  angle = 206.8 deg
2026-05-16 11:48:25.019,ADC pin 15 raw = 2606  voltage = 2.927 V  angle = 211.9 deg
2026-05-16 11:48:25.029,ADC pin 15 raw = 2610  voltage = 2.932 V  angle = 212.3 deg
2026-05-16 11:48:25.039,ADC pin 15 raw = 2620  voltage = 2.943 V  angle = 213.3 deg
2026-05-16 11:48:25.049,ADC pin 15 raw = 2624  voltage = 2.948 V  angle = 213.7 deg
2026-05-16 11:48:25.059,ADC pin 15 raw = 2624  voltage = 2.948 V  angle = 213.7 deg
2026-05-16 11:48:25.069,ADC pin 15 raw = 2627  voltage = 2.951 V  angle = 214.0 deg
2026-05-16 11:48:25.079,ADC pin 15 raw = 2614  voltage = 2.936 V  angle = 212.7 deg
2026-05-16 11:48:25.089,ADC pin 15 raw = 2608  voltage = 2.930 V  angle = 212.1 deg
2026-05-16 11:48:25.099,ADC pin 15 raw = 2616  voltage = 2.939 V  angle = 212.9 deg
2026-05-16 11:48:25.109,ADC pin 15 raw = 2618  voltage = 2.941 V  angle = 213.1 deg
2026-05-16 11:48:25.120,ADC pin 15 raw = 2616  voltage = 2.939 V  angle = 212.9 deg
2026-05-16 11:48:25.129,ADC pin 15 raw = 2614  voltage = 2.936 V  angle = 212.7 deg
2026-05-16 11:48:25.139,ADC pin 15 raw = 2607  voltage = 2.928 V  angle = 212.0 deg
2026-05-16 11:48:25.149,ADC pin 15 raw = 2612  voltage = 2.934 V  angle = 212.5 deg
2026-05-16 11:48:25.160,ADC pin 15 raw = 2619  voltage = 2.942 V  angle = 213.2 deg
2026-05-16 11:48:25.169,ADC pin 15 raw = 2621  voltage = 2.944 V  angle = 213.4 deg
2026-05-16 11:48:25.179,ADC pin 15 raw = 2626  voltage = 2.950 V  angle = 213.9 deg
2026-05-16 11:48:25.189,ADC pin 15 raw = 2625  voltage = 2.949 V  angle = 213.8 deg
2026-05-16 11:48:25.199,ADC pin 15 raw = 2619  voltage = 2.942 V  angle = 213.2 deg
2026-05-16 11:48:25.209,ADC pin 15 raw = 2616  voltage = 2.939 V  angle = 212.9 deg
2026-05-16 11:48:25.219,ADC pin 15 raw = 2625  voltage = 2.949 V  angle = 213.8 deg
2026-05-16 11:48:25.229,ADC pin 15 raw = 2624  voltage = 2.948 V  angle = 213.7 deg
2026-05-16 11:48:25.239,ADC pin 15 raw = 2619  voltage = 2.942 V  angle = 213.2 deg
2026-05-16 11:48:25.249,ADC pin 15 raw = 2612  voltage = 2.934 V  angle = 212.5 deg
2026-05-16 11:48:25.259,ADC pin 15 raw = 2612  voltage = 2.934 V  angle = 212.5 deg
2026-05-16 11:48:25.269,ADC pin 15 raw = 2614  voltage = 2.936 V  angle = 212.7 deg
2026-05-16 11:48:25.279,ADC pin 15 raw = 2610  voltage = 2.932 V  angle = 212.3 deg
2026-05-16 11:48:25.289,ADC pin 15 raw = 2606  voltage = 2.927 V  angle = 211.9 deg
2026-05-16 11:48:25.299,ADC pin 15 raw = 2610  voltage = 2.932 V  angle = 212.3 deg
2026-05-16 11:48:25.309,ADC pin 15 raw = 2615  voltage = 2.937 V  angle = 212.8 deg
2026-05-16 11:48:25.319,ADC pin 15 raw = 2623  voltage = 2.946 V  angle = 213.6 deg
2026-05-16 11:48:25.329,ADC pin 15 raw = 2624  voltage = 2.948 V  angle = 213.7 deg
2026-05-16 11:48:25.339,ADC pin 15 raw = 2621  voltage = 2.944 V  angle = 213.4 deg
2026-05-16 11:48:25.349,ADC pin 15 raw = 2623  voltage = 2.946 V  angle = 213.6 deg
2026-05-16 11:48:25.359,ADC pin 15 raw = 2620  voltage = 2.943 V  angle = 213.3 deg
2026-05-16 11:48:25.369,ADC pin 15 raw = 2612  voltage = 2.934 V  angle = 212.5 deg
2026-05-16 11:48:25.379,ADC pin 15 raw = 2624  voltage = 2.948 V  angle = 213.7 deg
2026-05-16 11:48:25.389,ADC pin 15 raw = 2622  voltage = 2.945 V  angle = 213.5 deg
2026-05-16 11:48:25.399,ADC pin 15 raw = 2621  voltage = 2.944 V  angle = 213.4 deg
2026-05-16 11:48:25.409,ADC pin 15 raw = 2619  voltage = 2.942 V  angle = 213.2 deg
2026-05-16 11:48:25.419,ADC pin 15 raw = 2611  voltage = 2.933 V  angle = 212.4 deg
2026-05-16 11:48:25.429,ADC pin 15 raw = 2613  voltage = 2.935 V  angle = 212.6 deg
2026-05-16 11:48:25.439,ADC pin 15 raw = 2610  voltage = 2.932 V  angle = 212.3 deg
2026-05-16 11:48:25.449,ADC pin 15 raw = 2613  voltage = 2.935 V  angle = 212.6 deg
2026-05-16 11:48:25.460,ADC pin 15 raw = 2611  voltage = 2.933 V  angle = 212.4 deg
2026-05-16 11:48:25.469,ADC pin 15 raw = 2608  voltage = 2.930 V  angle = 212.1 deg
2026-05-16 11:48:25.479,ADC pin 15 raw = 2609  voltage = 2.931 V  angle = 212.2 deg
2026-05-16 11:48:25.489,ADC pin 15 raw = 2610  voltage = 2.932 V  angle = 212.3 deg
2026-05-16 11:48:25.499,ADC pin 15 raw = 2607  voltage = 2.928 V  angle = 212.0 deg
2026-05-16 11:48:25.509,ADC pin 15 raw = 2608  voltage = 2.930 V  angle = 212.1 deg
2026-05-16 11:48:25.519,ADC pin 15 raw = 2608  voltage = 2.930 V  angle = 212.1 deg
2026-05-16 11:48:25.529,ADC pin 15 raw = 2608  voltage = 2.930 V  angle = 212.1 deg
2026-05-16 11:48:25.539,ADC pin 15 raw = 2607  voltage = 2.928 V  angle = 212.0 deg
2026-05-16 11:48:25.549,ADC pin 15 raw = 2606  voltage = 2.927 V  angle = 211.9 deg
2026-05-16 11:48:25.559,ADC pin 15 raw = 2608  voltage = 2.930 V  angle = 212.1 deg
2026-05-16 11:48:25.569,ADC pin 15 raw = 2609  voltage = 2.931 V  angle = 212.2 deg
2026-05-16 11:48:25.579,ADC pin 15 raw = 2607  voltage = 2.928 V  angle = 212.0 deg
2026-05-16 11:48:25.589,ADC pin 15 raw = 2605  voltage = 2.926 V  angle = 211.8 deg
2026-05-16 11:48:25.599,ADC pin 15 raw = 2607  voltage = 2.928 V  angle = 212.0 deg
2026-05-16 11:48:25.609,ADC pin 15 raw = 2620  voltage = 2.943 V  angle = 213.3 deg
2026-05-16 11:48:25.619,ADC pin 15 raw = 2620  voltage = 2.943 V  angle = 213.3 deg
2026-05-16 11:48:25.629,ADC pin 15 raw = 2623  voltage = 2.946 V  angle = 213.6 deg
2026-05-16 11:48:25.639,ADC pin 15 raw = 2619  voltage = 2.942 V  angle = 213.2 deg
2026-05-16 11:48:25.649,ADC pin 15 raw = 2622  voltage = 2.945 V  angle = 213.5 deg
2026-05-16 11:48:25.659,ADC pin 15 raw = 2621  voltage = 2.944 V  angle = 213.4 deg
2026-05-16 11:48:25.669,ADC pin 15 raw = 2621  voltage = 2.944 V  angle = 213.4 deg
2026-05-16 11:48:25.679,ADC pin 15 raw = 2612  voltage = 2.934 V  angle = 212.5 deg
2026-05-16 11:48:25.689,ADC pin 15 raw = 2623  voltage = 2.946 V  angle = 213.6 deg
2026-05-16 11:48:25.699,ADC pin 15 raw = 2598  voltage = 2.918 V  angle = 211.1 deg
2026-05-16 11:48:25.710,ADC pin 15 raw = 2604  voltage = 2.925 V  angle = 211.7 deg
2026-05-16 11:48:25.719,ADC pin 15 raw = 2528  voltage = 2.840 V  angle = 204.2 deg
2026-05-16 11:48:25.729,ADC pin 15 raw = 2510  voltage = 2.820 V  angle = 202.4 deg
2026-05-16 11:48:25.739,ADC pin 15 raw = 2477  voltage = 2.782 V  angle = 199.1 deg
2026-05-16 11:48:25.749,ADC pin 15 raw = 2496  voltage = 2.804 V  angle = 201.0 deg
2026-05-16 11:48:25.760,ADC pin 15 raw = 2465  voltage = 2.769 V  angle = 197.9 deg
2026-05-16 11:48:25.769,ADC pin 15 raw = 2440  voltage = 2.741 V  angle = 195.4 deg
2026-05-16 11:48:25.779,ADC pin 15 raw = 2451  voltage = 2.753 V  angle = 196.5 deg
2026-05-16 11:48:25.789,ADC pin 15 raw = 2432  voltage = 2.732 V  angle = 194.6 deg
2026-05-16 11:48:25.799,ADC pin 15 raw = 2451  voltage = 2.753 V  angle = 196.5 deg
2026-05-16 11:48:25.810,ADC pin 15 raw = 2439  voltage = 2.740 V  angle = 195.3 deg
2026-05-16 11:48:25.819,ADC pin 15 raw = 2444  voltage = 2.745 V  angle = 195.8 deg
2026-05-16 11:48:25.829,ADC pin 15 raw = 2441  voltage = 2.742 V  angle = 195.5 deg
2026-05-16 11:48:25.839,ADC pin 15 raw = 2442  voltage = 2.743 V  angle = 195.6 deg
2026-05-16 11:48:25.849,ADC pin 15 raw = 2428  voltage = 2.727 V  angle = 194.2 deg
2026-05-16 11:48:25.859,ADC pin 15 raw = 2442  voltage = 2.743 V  angle = 195.6 deg
2026-05-16 11:48:25.869,ADC pin 15 raw = 2445  voltage = 2.747 V  angle = 195.9 deg
2026-05-16 11:48:25.879,ADC pin 15 raw = 2447  voltage = 2.749 V  angle = 196.1 deg
2026-05-16 11:48:25.889,ADC pin 15 raw = 2433  voltage = 2.733 V  angle = 194.7 deg
2026-05-16 11:48:25.899,ADC pin 15 raw = 2439  voltage = 2.740 V  angle = 195.3 deg
2026-05-16 11:48:25.909,ADC pin 15 raw = 2433  voltage = 2.733 V  angle = 194.7 deg
2026-05-16 11:48:25.919,ADC pin 15 raw = 2432  voltage = 2.732 V  angle = 194.6 deg
2026-05-16 11:48:25.929,ADC pin 15 raw = 2430  voltage = 2.730 V  angle = 194.4 deg
2026-05-16 11:48:25.939,ADC pin 15 raw = 2434  voltage = 2.734 V  angle = 194.8 deg
2026-05-16 11:48:25.949,ADC pin 15 raw = 2433  voltage = 2.733 V  angle = 194.7 deg
2026-05-16 11:48:25.959,ADC pin 15 raw = 2433  voltage = 2.733 V  angle = 194.7 deg
2026-05-16 11:48:25.969,ADC pin 15 raw = 2435  voltage = 2.735 V  angle = 194.9 deg
2026-05-16 11:48:25.979,ADC pin 15 raw = 2433  voltage = 2.733 V  angle = 194.7 deg
2026-05-16 11:48:25.989,ADC pin 15 raw = 2434  voltage = 2.734 V  angle = 194.8 deg
2026-05-16 11:48:25.999,ADC pin 15 raw = 2436  voltage = 2.736 V  angle = 195.0 deg
2026-05-16 11:48:26.009,ADC pin 15 raw = 2432  voltage = 2.732 V  angle = 194.6 deg
2026-05-16 11:48:26.019,ADC pin 15 raw = 2433  voltage = 2.733 V  angle = 194.7 deg
2026-05-16 11:48:26.029,ADC pin 15 raw = 2433  voltage = 2.733 V  angle = 194.7 deg
2026-05-16 11:48:26.039,ADC pin 15 raw = 2432  voltage = 2.732 V  angle = 194.6 deg
2026-05-16 11:48:26.049,ADC pin 15 raw = 2436  voltage = 2.736 V  angle = 195.0 deg
2026-05-16 11:48:26.059,ADC pin 15 raw = 2434  voltage = 2.734 V  angle = 194.8 deg
2026-05-16 11:48:26.069,ADC pin 15 raw = 2435  voltage = 2.735 V  angle = 194.9 deg
2026-05-16 11:48:26.079,ADC pin 15 raw = 2434  voltage = 2.734 V  angle = 194.8 deg
2026-05-16 11:48:26.089,ADC pin 15 raw = 2433  voltage = 2.733 V  angle = 194.7 deg
2026-05-16 11:48:26.099,ADC pin 15 raw = 2432  voltage = 2.732 V  angle = 194.6 deg
2026-05-16 11:48:26.110,ADC pin 15 raw = 2434  voltage = 2.734 V  angle = 194.8 deg
2026-05-16 11:48:26.119,ADC pin 15 raw = 2433  voltage = 2.733 V  angle = 194.7 deg
2026-05-16 11:48:26.129,ADC pin 15 raw = 2436  voltage = 2.736 V  angle = 195.0 deg
2026-05-16 11:48:26.139,ADC pin 15 raw = 2431  voltage = 2.731 V  angle = 194.5 deg
2026-05-16 11:48:26.149,ADC pin 15 raw = 2433  voltage = 2.733 V  angle = 194.7 deg
2026-05-16 11:48:26.160,ADC pin 15 raw = 2436  voltage = 2.736 V  angle = 195.0 deg
2026-05-16 11:48:26.169,ADC pin 15 raw = 2442  voltage = 2.743 V  angle = 195.6 deg
2026-05-16 11:48:26.179,ADC pin 15 raw = 2415  voltage = 2.713 V  angle = 192.9 deg
2026-05-16 11:48:26.189,ADC pin 15 raw = 2404  voltage = 2.700 V  angle = 191.8 deg
2026-05-16 11:48:26.199,ADC pin 15 raw = 2321  voltage = 2.607 V  angle = 183.6 deg
2026-05-16 11:48:26.210,ADC pin 15 raw = 2296  voltage = 2.579 V  angle = 181.1 deg
2026-05-16 11:48:26.219,ADC pin 15 raw = 2287  voltage = 2.569 V  angle = 180.2 deg
2026-05-16 11:48:26.229,ADC pin 15 raw = 2260  voltage = 2.539 V  angle = 179.0 deg
2026-05-16 11:48:26.239,ADC pin 15 raw = 2244  voltage = 2.521 V  angle = 178.3 deg
2026-05-16 11:48:26.249,ADC pin 15 raw = 2233  voltage = 2.508 V  angle = 177.9 deg
2026-05-16 11:48:26.259,ADC pin 15 raw = 2226  voltage = 2.501 V  angle = 177.6 deg
2026-05-16 11:48:26.269,ADC pin 15 raw = 2223  voltage = 2.497 V  angle = 177.5 deg
2026-05-16 11:48:26.279,ADC pin 15 raw = 2207  voltage = 2.479 V  angle = 176.8 deg
2026-05-16 11:48:26.289,ADC pin 15 raw = 2213  voltage = 2.486 V  angle = 177.0 deg
2026-05-16 11:48:26.299,ADC pin 15 raw = 2209  voltage = 2.481 V  angle = 176.9 deg
2026-05-16 11:48:26.310,ADC pin 15 raw = 2217  voltage = 2.490 V  angle = 177.2 deg
2026-05-16 11:48:26.319,ADC pin 15 raw = 2215  voltage = 2.488 V  angle = 177.1 deg
2026-05-16 11:48:26.329,ADC pin 15 raw = 2217  voltage = 2.490 V  angle = 177.2 deg
2026-05-16 11:48:26.339,ADC pin 15 raw = 2204  voltage = 2.476 V  angle = 176.7 deg
2026-05-16 11:48:26.349,ADC pin 15 raw = 2198  voltage = 2.469 V  angle = 176.4 deg
2026-05-16 11:48:26.360,ADC pin 15 raw = 2199  voltage = 2.470 V  angle = 176.5 deg
2026-05-16 11:48:26.369,ADC pin 15 raw = 2215  voltage = 2.488 V  angle = 177.1 deg
2026-05-16 11:48:26.379,ADC pin 15 raw = 2208  voltage = 2.480 V  angle = 176.8 deg
2026-05-16 11:48:26.389,ADC pin 15 raw = 2205  voltage = 2.477 V  angle = 176.7 deg
2026-05-16 11:48:26.399,ADC pin 15 raw = 2196  voltage = 2.467 V  angle = 176.4 deg
2026-05-16 11:48:26.409,ADC pin 15 raw = 2202  voltage = 2.474 V  angle = 176.6 deg
2026-05-16 11:48:26.419,ADC pin 15 raw = 2196  voltage = 2.467 V  angle = 176.4 deg
2026-05-16 11:48:26.429,ADC pin 15 raw = 2201  voltage = 2.472 V  angle = 176.6 deg
2026-05-16 11:48:26.439,ADC pin 15 raw = 2199  voltage = 2.470 V  angle = 176.5 deg
2026-05-16 11:48:26.449,ADC pin 15 raw = 2200  voltage = 2.471 V  angle = 176.5 deg
2026-05-16 11:48:26.459,ADC pin 15 raw = 2199  voltage = 2.470 V  angle = 176.5 deg
2026-05-16 11:48:26.469,ADC pin 15 raw = 2200  voltage = 2.471 V  angle = 176.5 deg
2026-05-16 11:48:26.479,ADC pin 15 raw = 2199  voltage = 2.470 V  angle = 176.5 deg
2026-05-16 11:48:26.489,ADC pin 15 raw = 2197  voltage = 2.468 V  angle = 176.4 deg
2026-05-16 11:48:26.499,ADC pin 15 raw = 2197  voltage = 2.468 V  angle = 176.4 deg
2026-05-16 11:48:26.509,ADC pin 15 raw = 2198  voltage = 2.469 V  angle = 176.4 deg
2026-05-16 11:48:26.519,ADC pin 15 raw = 2199  voltage = 2.470 V  angle = 176.5 deg
2026-05-16 11:48:26.529,ADC pin 15 raw = 2196  voltage = 2.467 V  angle = 176.4 deg
2026-05-16 11:48:26.539,ADC pin 15 raw = 2196  voltage = 2.467 V  angle = 176.4 deg
2026-05-16 11:48:26.549,ADC pin 15 raw = 2199  voltage = 2.470 V  angle = 176.5 deg
2026-05-16 11:48:26.560,ADC pin 15 raw = 2197  voltage = 2.468 V  angle = 176.4 deg
2026-05-16 11:48:26.569,ADC pin 15 raw = 2197  voltage = 2.468 V  angle = 176.4 deg
2026-05-16 11:48:26.579,ADC pin 15 raw = 2198  voltage = 2.469 V  angle = 176.4 deg
2026-05-16 11:48:26.589,ADC pin 15 raw = 2199  voltage = 2.470 V  angle = 176.5 deg
2026-05-16 11:48:26.599,ADC pin 15 raw = 2193  voltage = 2.463 V  angle = 176.2 deg
2026-05-16 11:48:26.609,ADC pin 15 raw = 2194  voltage = 2.465 V  angle = 176.3 deg
2026-05-16 11:48:26.619,ADC pin 15 raw = 2196  voltage = 2.467 V  angle = 176.4 deg
2026-05-16 11:48:26.629,ADC pin 15 raw = 2198  voltage = 2.469 V  angle = 176.4 deg
2026-05-16 11:48:26.639,ADC pin 15 raw = 2200  voltage = 2.471 V  angle = 176.5 deg
2026-05-16 11:48:26.649,ADC pin 15 raw = 2197  voltage = 2.468 V  angle = 176.4 deg
2026-05-16 11:48:26.659,ADC pin 15 raw = 2198  voltage = 2.469 V  angle = 176.4 deg
2026-05-16 11:48:26.669,ADC pin 15 raw = 2199  voltage = 2.470 V  angle = 176.5 deg
2026-05-16 11:48:26.679,ADC pin 15 raw = 2192  voltage = 2.462 V  angle = 176.2 deg
2026-05-16 11:48:26.689,ADC pin 15 raw = 2199  voltage = 2.470 V  angle = 176.5 deg
2026-05-16 11:48:26.708,ADC pin 15 raw = 2197  voltage = 2.468 V  angle = 176.4 deg
2026-05-16 11:48:26.709,ADC pin 15 raw = 2195  voltage = 2.466 V  angle = 176.3 deg
2026-05-16 11:48:26.721,ADC pin 15 raw = 2196  voltage = 2.467 V  angle = 176.4 deg
2026-05-16 11:48:26.731,ADC pin 15 raw = 2265  voltage = 2.544 V  angle = 179.2 deg
2026-05-16 11:48:26.739,ADC pin 15 raw = 2270  voltage = 2.550 V  angle = 179.4 deg
2026-05-16 11:48:26.749,ADC pin 15 raw = 2366  voltage = 2.658 V  angle = 188.1 deg
2026-05-16 11:48:26.759,ADC pin 15 raw = 2412  voltage = 2.709 V  angle = 192.6 deg
2026-05-16 11:48:26.769,ADC pin 15 raw = 2538  voltage = 2.851 V  angle = 205.2 deg
2026-05-16 11:48:26.779,ADC pin 15 raw = 2616  voltage = 2.939 V  angle = 212.9 deg
2026-05-16 11:48:26.789,ADC pin 15 raw = 2587  voltage = 2.906 V  angle = 210.0 deg
2026-05-16 11:48:26.799,ADC pin 15 raw = 2609  voltage = 2.931 V  angle = 212.2 deg
2026-05-16 11:48:26.809,ADC pin 15 raw = 2620  voltage = 2.943 V  angle = 213.3 deg
2026-05-16 11:48:26.819,ADC pin 15 raw = 2623  voltage = 2.946 V  angle = 213.6 deg
2026-05-16 11:48:26.829,ADC pin 15 raw = 2625  voltage = 2.949 V  angle = 213.8 deg
2026-05-16 11:48:26.839,ADC pin 15 raw = 2618  voltage = 2.941 V  angle = 213.1 deg
2026-05-16 11:48:26.849,ADC pin 15 raw = 2611  voltage = 2.933 V  angle = 212.4 deg
2026-05-16 11:48:26.859,ADC pin 15 raw = 2614  voltage = 2.936 V  angle = 212.7 deg
2026-05-16 11:48:26.869,ADC pin 15 raw = 2620  voltage = 2.943 V  angle = 213.3 deg
2026-05-16 11:48:26.879,ADC pin 15 raw = 2611  voltage = 2.933 V  angle = 212.4 deg
2026-05-16 11:48:26.889,ADC pin 15 raw = 2608  voltage = 2.930 V  angle = 212.1 deg
2026-05-16 11:48:26.899,ADC pin 15 raw = 2613  voltage = 2.935 V  angle = 212.6 deg
2026-05-16 11:48:26.909,ADC pin 15 raw = 2605  voltage = 2.926 V  angle = 211.8 deg
2026-05-16 11:48:26.919,ADC pin 15 raw = 2618  voltage = 2.941 V  angle = 213.1 deg
2026-05-16 11:48:26.929,ADC pin 15 raw = 2619  voltage = 2.942 V  angle = 213.2 deg
2026-05-16 11:48:26.939,ADC pin 15 raw = 2622  voltage = 2.945 V  angle = 213.5 deg
2026-05-16 11:48:26.949,ADC pin 15 raw = 2623  voltage = 2.946 V  angle = 213.6 deg
2026-05-16 11:48:26.959,ADC pin 15 raw = 2622  voltage = 2.945 V  angle = 213.5 deg
2026-05-16 11:48:26.969,ADC pin 15 raw = 2614  voltage = 2.936 V  angle = 212.7 deg
2026-05-16 11:48:26.979,ADC pin 15 raw = 2625  voltage = 2.949 V  angle = 213.8 deg
2026-05-16 11:48:26.989,ADC pin 15 raw = 2632  voltage = 2.957 V  angle = 214.5 deg
2026-05-16 11:48:26.999,ADC pin 15 raw = 2618  voltage = 2.941 V  angle = 213.1 deg
2026-05-16 11:48:27.011,ADC pin 15 raw = 2620  voltage = 2.943 V  angle = 213.3 deg
2026-05-16 11:48:27.019,ADC pin 15 raw = 2611  voltage = 2.933 V  angle = 212.4 deg
2026-05-16 11:48:27.029,ADC pin 15 raw = 2612  voltage = 2.934 V  angle = 212.5 deg
2026-05-16 11:48:27.039,ADC pin 15 raw = 2608  voltage = 2.930 V  angle = 212.1 deg
2026-05-16 11:48:27.049,ADC pin 15 raw = 2609  voltage = 2.931 V  angle = 212.2 deg
2026-05-16 11:48:27.059,ADC pin 15 raw = 2603  voltage = 2.924 V  angle = 211.6 deg
2026-05-16 11:48:27.069,ADC pin 15 raw = 2606  voltage = 2.927 V  angle = 211.9 deg
2026-05-16 11:48:27.079,ADC pin 15 raw = 2609  voltage = 2.931 V  angle = 212.2 deg
2026-05-16 11:48:27.089,ADC pin 15 raw = 2617  voltage = 2.940 V  angle = 213.0 deg
2026-05-16 11:48:27.099,ADC pin 15 raw = 2620  voltage = 2.943 V  angle = 213.3 deg
2026-05-16 11:48:27.109,ADC pin 15 raw = 2621  voltage = 2.944 V  angle = 213.4 deg
2026-05-16 11:48:27.119,ADC pin 15 raw = 2627  voltage = 2.951 V  angle = 214.0 deg
2026-05-16 11:48:27.129,ADC pin 15 raw = 2619  voltage = 2.942 V  angle = 213.2 deg
2026-05-16 11:48:27.139,ADC pin 15 raw = 2615  voltage = 2.937 V  angle = 212.8 deg
2026-05-16 11:48:27.149,ADC pin 15 raw = 2621  voltage = 2.944 V  angle = 213.4 deg
2026-05-16 11:48:27.159,ADC pin 15 raw = 2624  voltage = 2.948 V  angle = 213.7 deg
2026-05-16 11:48:27.169,ADC pin 15 raw = 2619  voltage = 2.942 V  angle = 213.2 deg
2026-05-16 11:48:27.179,ADC pin 15 raw = 2612  voltage = 2.934 V  angle = 212.5 deg
2026-05-16 11:48:27.189,ADC pin 15 raw = 2610  voltage = 2.932 V  angle = 212.3 deg
2026-05-16 11:48:27.199,ADC pin 15 raw = 2607  voltage = 2.928 V  angle = 212.0 deg
2026-05-16 11:48:27.209,ADC pin 15 raw = 2612  voltage = 2.934 V  angle = 212.5 deg
2026-05-16 11:48:27.219,ADC pin 15 raw = 2613  voltage = 2.935 V  angle = 212.6 deg
2026-05-16 11:48:27.229,ADC pin 15 raw = 2608  voltage = 2.930 V  angle = 212.1 deg
2026-05-16 11:48:27.239,ADC pin 15 raw = 2607  voltage = 2.928 V  angle = 212.0 deg
2026-05-16 11:48:27.249,ADC pin 15 raw = 2608  voltage = 2.930 V  angle = 212.1 deg
2026-05-16 11:48:27.259,ADC pin 15 raw = 2617  voltage = 2.940 V  angle = 213.0 deg
2026-05-16 11:48:27.269,ADC pin 15 raw = 2577  voltage = 2.895 V  angle = 209.0 deg
2026-05-16 11:48:27.279,ADC pin 15 raw = 2504  voltage = 2.813 V  angle = 201.8 deg
2026-05-16 11:48:27.289,ADC pin 15 raw = 2466  voltage = 2.770 V  angle = 198.0 deg
2026-05-16 11:48:27.299,ADC pin 15 raw = 2405  voltage = 2.702 V  angle = 191.9 deg
2026-05-16 11:48:27.309,ADC pin 15 raw = 2321  voltage = 2.607 V  angle = 183.6 deg
2026-05-16 11:48:27.319,ADC pin 15 raw = 2277  voltage = 2.558 V  angle = 179.7 deg
2026-05-16 11:48:27.329,ADC pin 15 raw = 2255  voltage = 2.533 V  angle = 178.8 deg
2026-05-16 11:48:27.339,ADC pin 15 raw = 2253  voltage = 2.531 V  angle = 178.7 deg
2026-05-16 11:48:27.349,ADC pin 15 raw = 2236  voltage = 2.512 V  angle = 178.0 deg
2026-05-16 11:48:27.359,ADC pin 15 raw = 2224  voltage = 2.498 V  angle = 177.5 deg
2026-05-16 11:48:27.369,ADC pin 15 raw = 2233  voltage = 2.508 V  angle = 177.9 deg
2026-05-16 11:48:27.379,ADC pin 15 raw = 2220  voltage = 2.494 V  angle = 177.3 deg
2026-05-16 11:48:27.389,ADC pin 15 raw = 2229  voltage = 2.504 V  angle = 177.7 deg
2026-05-16 11:48:27.399,ADC pin 15 raw = 2218  voltage = 2.492 V  angle = 177.3 deg
2026-05-16 11:48:27.409,ADC pin 15 raw = 2225  voltage = 2.499 V  angle = 177.5 deg
2026-05-16 11:48:27.419,ADC pin 15 raw = 2223  voltage = 2.497 V  angle = 177.5 deg
2026-05-16 11:48:27.429,ADC pin 15 raw = 2225  voltage = 2.499 V  angle = 177.5 deg
2026-05-16 11:48:27.439,ADC pin 15 raw = 2218  voltage = 2.492 V  angle = 177.3 deg
2026-05-16 11:48:27.449,ADC pin 15 raw = 2215  voltage = 2.488 V  angle = 177.1 deg
2026-05-16 11:48:27.459,ADC pin 15 raw = 2212  voltage = 2.485 V  angle = 177.0 deg
2026-05-16 11:48:27.469,ADC pin 15 raw = 2214  voltage = 2.487 V  angle = 177.1 deg
2026-05-16 11:48:27.479,ADC pin 15 raw = 2216  voltage = 2.489 V  angle = 177.2 deg
2026-05-16 11:48:27.489,ADC pin 15 raw = 2218  voltage = 2.492 V  angle = 177.3 deg
2026-05-16 11:48:27.499,ADC pin 15 raw = 2212  voltage = 2.485 V  angle = 177.0 deg
2026-05-16 11:48:27.509,ADC pin 15 raw = 2214  voltage = 2.487 V  angle = 177.1 deg
2026-05-16 11:48:27.519,ADC pin 15 raw = 2217  voltage = 2.490 V  angle = 177.2 deg
2026-05-16 11:48:27.529,ADC pin 15 raw = 2213  voltage = 2.486 V  angle = 177.0 deg
2026-05-16 11:48:27.539,ADC pin 15 raw = 2213  voltage = 2.486 V  angle = 177.0 deg
2026-05-16 11:48:27.549,ADC pin 15 raw = 2213  voltage = 2.486 V  angle = 177.0 deg
2026-05-16 11:48:27.559,ADC pin 15 raw = 2217  voltage = 2.490 V  angle = 177.2 deg
2026-05-16 11:48:27.569,ADC pin 15 raw = 2212  voltage = 2.485 V  angle = 177.0 deg
2026-05-16 11:48:27.579,ADC pin 15 raw = 2215  voltage = 2.488 V  angle = 177.1 deg
2026-05-16 11:48:27.589,ADC pin 15 raw = 2216  voltage = 2.489 V  angle = 177.2 deg
2026-05-16 11:48:27.599,ADC pin 15 raw = 2216  voltage = 2.489 V  angle = 177.2 deg
2026-05-16 11:48:27.609,ADC pin 15 raw = 2215  voltage = 2.488 V  angle = 177.1 deg
2026-05-16 11:48:27.619,ADC pin 15 raw = 2213  voltage = 2.486 V  angle = 177.0 deg
2026-05-16 11:48:27.629,ADC pin 15 raw = 2211  voltage = 2.484 V  angle = 177.0 deg
2026-05-16 11:48:27.639,ADC pin 15 raw = 2216  voltage = 2.489 V  angle = 177.2 deg
2026-05-16 11:48:27.649,ADC pin 15 raw = 2218  voltage = 2.492 V  angle = 177.3 deg
2026-05-16 11:48:27.659,ADC pin 15 raw = 2212  voltage = 2.485 V  angle = 177.0 deg
2026-05-16 11:48:27.669,ADC pin 15 raw = 2212  voltage = 2.485 V  angle = 177.0 deg
2026-05-16 11:48:27.679,ADC pin 15 raw = 2214  voltage = 2.487 V  angle = 177.1 deg
2026-05-16 11:48:27.689,ADC pin 15 raw = 2211  voltage = 2.484 V  angle = 177.0 deg
2026-05-16 11:48:27.699,ADC pin 15 raw = 2214  voltage = 2.487 V  angle = 177.1 deg
2026-05-16 11:48:27.709,ADC pin 15 raw = 2216  voltage = 2.489 V  angle = 177.2 deg
2026-05-16 11:48:27.719,ADC pin 15 raw = 2212  voltage = 2.485 V  angle = 177.0 deg
2026-05-16 11:48:27.729,ADC pin 15 raw = 2216  voltage = 2.489 V  angle = 177.2 deg
2026-05-16 11:48:27.739,ADC pin 15 raw = 2214  voltage = 2.487 V  angle = 177.1 deg
2026-05-16 11:48:27.749,ADC pin 15 raw = 2213  voltage = 2.486 V  angle = 177.0 deg
2026-05-16 11:48:27.761,ADC pin 15 raw = 2215  voltage = 2.488 V  angle = 177.1 deg
2026-05-16 11:48:27.769,ADC pin 15 raw = 2213  voltage = 2.486 V  angle = 177.0 deg
2026-05-16 11:48:27.779,ADC pin 15 raw = 2215  voltage = 2.488 V  angle = 177.1 deg
2026-05-16 11:48:27.789,ADC pin 15 raw = 2214  voltage = 2.487 V  angle = 177.1 deg
2026-05-16 11:48:27.799,ADC pin 15 raw = 2209  voltage = 2.481 V  angle = 176.9 deg
2026-05-16 11:48:27.810,ADC pin 15 raw = 2218  voltage = 2.492 V  angle = 177.3 deg
2026-05-16 11:48:27.819,ADC pin 15 raw = 2215  voltage = 2.488 V  angle = 177.1 deg
2026-05-16 11:48:27.829,ADC pin 15 raw = 2211  voltage = 2.484 V  angle = 177.0 deg
2026-05-16 11:48:27.839,ADC pin 15 raw = 2213  voltage = 2.486 V  angle = 177.0 deg
2026-05-16 11:48:27.849,ADC pin 15 raw = 2240  voltage = 2.516 V  angle = 178.2 deg
2026-05-16 11:48:27.859,ADC pin 15 raw = 2272  voltage = 2.552 V  angle = 179.5 deg
2026-05-16 11:48:27.869,ADC pin 15 raw = 2331  voltage = 2.618 V  angle = 184.6 deg
2026-05-16 11:48:27.879,ADC pin 15 raw = 2386  voltage = 2.680 V  angle = 190.0 deg
2026-05-16 11:48:27.889,ADC pin 15 raw = 2486  voltage = 2.793 V  angle = 200.0 deg
2026-05-16 11:48:27.899,ADC pin 15 raw = 2531  voltage = 2.843 V  angle = 204.5 deg
2026-05-16 11:48:27.909,ADC pin 15 raw = 2558  voltage = 2.873 V  angle = 207.1 deg
2026-05-16 11:48:27.919,ADC pin 15 raw = 2611  voltage = 2.933 V  angle = 212.4 deg
2026-05-16 11:48:27.929,ADC pin 15 raw = 2611  voltage = 2.933 V  angle = 212.4 deg
2026-05-16 11:48:27.939,ADC pin 15 raw = 2617  voltage = 2.940 V  angle = 213.0 deg
2026-05-16 11:48:27.949,ADC pin 15 raw = 2623  voltage = 2.946 V  angle = 213.6 deg
2026-05-16 11:48:27.959,ADC pin 15 raw = 2617  voltage = 2.940 V  angle = 213.0 deg
2026-05-16 11:48:27.969,ADC pin 15 raw = 2616  voltage = 2.939 V  angle = 212.9 deg
2026-05-16 11:48:27.979,ADC pin 15 raw = 2619  voltage = 2.942 V  angle = 213.2 deg
2026-05-16 11:48:27.989,ADC pin 15 raw = 2616  voltage = 2.939 V  angle = 212.9 deg
2026-05-16 11:48:27.999,ADC pin 15 raw = 2620  voltage = 2.943 V  angle = 213.3 deg
2026-05-16 11:48:28.009,ADC pin 15 raw = 2616  voltage = 2.939 V  angle = 212.9 deg
2026-05-16 11:48:28.019,ADC pin 15 raw = 2609  voltage = 2.931 V  angle = 212.2 deg
2026-05-16 11:48:28.029,ADC pin 15 raw = 2614  voltage = 2.936 V  angle = 212.7 deg
2026-05-16 11:48:28.039,ADC pin 15 raw = 2608  voltage = 2.930 V  angle = 212.1 deg
2026-05-16 11:48:28.049,ADC pin 15 raw = 2614  voltage = 2.936 V  angle = 212.7 deg
2026-05-16 11:48:28.059,ADC pin 15 raw = 2618  voltage = 2.941 V  angle = 213.1 deg
2026-05-16 11:48:28.069,ADC pin 15 raw = 2616  voltage = 2.939 V  angle = 212.9 deg
2026-05-16 11:48:28.079,ADC pin 15 raw = 2615  voltage = 2.937 V  angle = 212.8 deg
2026-05-16 11:48:28.089,ADC pin 15 raw = 2621  voltage = 2.944 V  angle = 213.4 deg
2026-05-16 11:48:28.099,ADC pin 15 raw = 2617  voltage = 2.940 V  angle = 213.0 deg
2026-05-16 11:48:28.109,ADC pin 15 raw = 2612  voltage = 2.934 V  angle = 212.5 deg
2026-05-16 11:48:28.119,ADC pin 15 raw = 2623  voltage = 2.946 V  angle = 213.6 deg
2026-05-16 11:48:28.129,ADC pin 15 raw = 2621  voltage = 2.944 V  angle = 213.4 deg
2026-05-16 11:48:28.139,ADC pin 15 raw = 2615  voltage = 2.937 V  angle = 212.8 deg
2026-05-16 11:48:28.149,ADC pin 15 raw = 2609  voltage = 2.931 V  angle = 212.2 deg
2026-05-16 11:48:28.159,ADC pin 15 raw = 2608  voltage = 2.930 V  angle = 212.1 deg
2026-05-16 11:48:28.169,ADC pin 15 raw = 2607  voltage = 2.928 V  angle = 212.0 deg
2026-05-16 11:48:28.179,ADC pin 15 raw = 2604  voltage = 2.925 V  angle = 211.7 deg
2026-05-16 11:48:28.189,ADC pin 15 raw = 2606  voltage = 2.927 V  angle = 211.9 deg
2026-05-16 11:48:28.199,ADC pin 15 raw = 2613  voltage = 2.935 V  angle = 212.6 deg
2026-05-16 11:48:28.209,ADC pin 15 raw = 2616  voltage = 2.939 V  angle = 212.9 deg
2026-05-16 11:48:28.219,ADC pin 15 raw = 2617  voltage = 2.940 V  angle = 213.0 deg
2026-05-16 11:48:28.229,ADC pin 15 raw = 2621  voltage = 2.944 V  angle = 213.4 deg
2026-05-16 11:48:28.239,ADC pin 15 raw = 2616  voltage = 2.939 V  angle = 212.9 deg
2026-05-16 11:48:28.249,ADC pin 15 raw = 2616  voltage = 2.939 V  angle = 212.9 deg
2026-05-16 11:48:28.259,ADC pin 15 raw = 2612  voltage = 2.934 V  angle = 212.5 deg
2026-05-16 11:48:28.269,ADC pin 15 raw = 2609  voltage = 2.931 V  angle = 212.2 deg
2026-05-16 11:48:28.279,ADC pin 15 raw = 2618  voltage = 2.941 V  angle = 213.1 deg
2026-05-16 11:48:28.289,ADC pin 15 raw = 2619  voltage = 2.942 V  angle = 213.2 deg
2026-05-16 11:48:28.299,ADC pin 15 raw = 2612  voltage = 2.934 V  angle = 212.5 deg
2026-05-16 11:48:28.309,ADC pin 15 raw = 2610  voltage = 2.932 V  angle = 212.3 deg
2026-05-16 11:48:28.319,ADC pin 15 raw = 2604  voltage = 2.925 V  angle = 211.7 deg
2026-05-16 11:48:28.329,ADC pin 15 raw = 2608  voltage = 2.930 V  angle = 212.1 deg
2026-05-16 11:48:28.339,ADC pin 15 raw = 2606  voltage = 2.927 V  angle = 211.9 deg
2026-05-16 11:48:28.349,ADC pin 15 raw = 2606  voltage = 2.927 V  angle = 211.9 deg
2026-05-16 11:48:28.359,ADC pin 15 raw = 2603  voltage = 2.924 V  angle = 211.6 deg
2026-05-16 11:48:28.369,ADC pin 15 raw = 2608  voltage = 2.930 V  angle = 212.1 deg
2026-05-16 11:48:28.379,ADC pin 15 raw = 2605  voltage = 2.926 V  angle = 211.8 deg
2026-05-16 11:48:28.389,ADC pin 15 raw = 2606  voltage = 2.927 V  angle = 211.9 deg
2026-05-16 11:48:28.399,ADC pin 15 raw = 2607  voltage = 2.928 V  angle = 212.0 deg
2026-05-16 11:48:28.409,ADC pin 15 raw = 2608  voltage = 2.930 V  angle = 212.1 deg
2026-05-16 11:48:28.419,ADC pin 15 raw = 2606  voltage = 2.927 V  angle = 211.9 deg
2026-05-16 11:48:28.429,ADC pin 15 raw = 2612  voltage = 2.934 V  angle = 212.5 deg
2026-05-16 11:48:28.439,ADC pin 15 raw = 2604  voltage = 2.925 V  angle = 211.7 deg
2026-05-16 11:48:28.449,ADC pin 15 raw = 2564  voltage = 2.880 V  angle = 207.7 deg
2026-05-16 11:48:28.459,ADC pin 15 raw = 2526  voltage = 2.838 V  angle = 204.0 deg
2026-05-16 11:48:28.469,ADC pin 15 raw = 2473  voltage = 2.778 V  angle = 198.7 deg
2026-05-16 11:48:28.479,ADC pin 15 raw = 2395  voltage = 2.690 V  angle = 190.9 deg
2026-05-16 11:48:28.504,ADC pin 15 raw = 2326  voltage = 2.613 V  angle = 184.1 deg
2026-05-16 11:48:28.504,ADC pin 15 raw = 2279  voltage = 2.560 V  angle = 179.8 deg
2026-05-16 11:48:28.510,ADC pin 15 raw = 2254  voltage = 2.532 V  angle = 178.7 deg
2026-05-16 11:48:28.519,ADC pin 15 raw = 2247  voltage = 2.524 V  angle = 178.4 deg
2026-05-16 11:48:28.529,ADC pin 15 raw = 2229  voltage = 2.504 V  angle = 177.7 deg
2026-05-16 11:48:28.539,ADC pin 15 raw = 2222  voltage = 2.496 V  angle = 177.4 deg
2026-05-16 11:48:28.549,ADC pin 15 raw = 2223  voltage = 2.497 V  angle = 177.5 deg
2026-05-16 11:48:28.559,ADC pin 15 raw = 2220  voltage = 2.494 V  angle = 177.3 deg
2026-05-16 11:48:28.569,ADC pin 15 raw = 2212  voltage = 2.485 V  angle = 177.0 deg
2026-05-16 11:48:28.579,ADC pin 15 raw = 2213  voltage = 2.486 V  angle = 177.0 deg
2026-05-16 11:48:28.589,ADC pin 15 raw = 2228  voltage = 2.503 V  angle = 177.7 deg
2026-05-16 11:48:28.599,ADC pin 15 raw = 2219  voltage = 2.493 V  angle = 177.3 deg
2026-05-16 11:48:28.609,ADC pin 15 raw = 2218  voltage = 2.492 V  angle = 177.3 deg
2026-05-16 11:48:28.619,ADC pin 15 raw = 2221  voltage = 2.495 V  angle = 177.4 deg
2026-05-16 11:48:28.629,ADC pin 15 raw = 2207  voltage = 2.479 V  angle = 176.8 deg
2026-05-16 11:48:28.639,ADC pin 15 raw = 2205  voltage = 2.477 V  angle = 176.7 deg
2026-05-16 11:48:28.649,ADC pin 15 raw = 2210  voltage = 2.483 V  angle = 176.9 deg
2026-05-16 11:48:28.659,ADC pin 15 raw = 2202  voltage = 2.474 V  angle = 176.6 deg
2026-05-16 11:48:28.669,ADC pin 15 raw = 2218  voltage = 2.492 V  angle = 177.3 deg
2026-05-16 11:48:28.679,ADC pin 15 raw = 2219  voltage = 2.493 V  angle = 177.3 deg
2026-05-16 11:48:28.689,ADC pin 15 raw = 2211  voltage = 2.484 V  angle = 177.0 deg
2026-05-16 11:48:28.699,ADC pin 15 raw = 2214  voltage = 2.487 V  angle = 177.1 deg
2026-05-16 11:48:28.709,ADC pin 15 raw = 2205  voltage = 2.477 V  angle = 176.7 deg
2026-05-16 11:48:28.719,ADC pin 15 raw = 2205  voltage = 2.477 V  angle = 176.7 deg
2026-05-16 11:48:28.729,ADC pin 15 raw = 2208  voltage = 2.480 V  angle = 176.8 deg
2026-05-16 11:48:28.739,ADC pin 15 raw = 2210  voltage = 2.483 V  angle = 176.9 deg
2026-05-16 11:48:28.749,ADC pin 15 raw = 2204  voltage = 2.476 V  angle = 176.7 deg
2026-05-16 11:48:28.759,ADC pin 15 raw = 2206  voltage = 2.478 V  angle = 176.8 deg
2026-05-16 11:48:28.770,ADC pin 15 raw = 2202  voltage = 2.474 V  angle = 176.6 deg
2026-05-16 11:48:28.779,ADC pin 15 raw = 2203  voltage = 2.475 V  angle = 176.6 deg
2026-05-16 11:48:28.789,ADC pin 15 raw = 2203  voltage = 2.475 V  angle = 176.6 deg
2026-05-16 11:48:28.799,ADC pin 15 raw = 2202  voltage = 2.474 V  angle = 176.6 deg
2026-05-16 11:48:28.809,ADC pin 15 raw = 2202  voltage = 2.474 V  angle = 176.6 deg
2026-05-16 11:48:28.819,ADC pin 15 raw = 2202  voltage = 2.474 V  angle = 176.6 deg
2026-05-16 11:48:28.829,ADC pin 15 raw = 2205  voltage = 2.477 V  angle = 176.7 deg
2026-05-16 11:48:28.839,ADC pin 15 raw = 2205  voltage = 2.477 V  angle = 176.7 deg
2026-05-16 11:48:28.849,ADC pin 15 raw = 2205  voltage = 2.477 V  angle = 176.7 deg
2026-05-16 11:48:28.859,ADC pin 15 raw = 2203  voltage = 2.475 V  angle = 176.6 deg
2026-05-16 11:48:28.869,ADC pin 15 raw = 2205  voltage = 2.477 V  angle = 176.7 deg
2026-05-16 11:48:28.879,ADC pin 15 raw = 2200  voltage = 2.471 V  angle = 176.5 deg
2026-05-16 11:48:28.889,ADC pin 15 raw = 2199  voltage = 2.470 V  angle = 176.5 deg
2026-05-16 11:48:28.899,ADC pin 15 raw = 2204  voltage = 2.476 V  angle = 176.7 deg
2026-05-16 11:48:28.910,ADC pin 15 raw = 2203  voltage = 2.475 V  angle = 176.6 deg
2026-05-16 11:48:28.919,ADC pin 15 raw = 2208  voltage = 2.480 V  angle = 176.8 deg
2026-05-16 11:48:28.929,ADC pin 15 raw = 2200  voltage = 2.471 V  angle = 176.5 deg
2026-05-16 11:48:28.939,ADC pin 15 raw = 2203  voltage = 2.475 V  angle = 176.6 deg
2026-05-16 11:48:28.949,ADC pin 15 raw = 2203  voltage = 2.475 V  angle = 176.6 deg
2026-05-16 11:48:28.961,ADC pin 15 raw = 2202  voltage = 2.474 V  angle = 176.6 deg
2026-05-16 11:48:28.969,ADC pin 15 raw = 2200  voltage = 2.471 V  angle = 176.5 deg
2026-05-16 11:48:28.979,ADC pin 15 raw = 2198  voltage = 2.469 V  angle = 176.4 deg
2026-05-16 11:48:28.989,ADC pin 15 raw = 2204  voltage = 2.476 V  angle = 176.7 deg
2026-05-16 11:48:28.999,ADC pin 15 raw = 2202  voltage = 2.474 V  angle = 176.6 deg
2026-05-16 11:48:29.009,ADC pin 15 raw = 2199  voltage = 2.470 V  angle = 176.5 deg
2026-05-16 11:48:29.019,ADC pin 15 raw = 2202  voltage = 2.474 V  angle = 176.6 deg
2026-05-16 11:48:29.029,ADC pin 15 raw = 2204  voltage = 2.476 V  angle = 176.7 deg
2026-05-16 11:48:29.039,ADC pin 15 raw = 2198  voltage = 2.469 V  angle = 176.4 deg
2026-05-16 11:48:29.049,ADC pin 15 raw = 2202  voltage = 2.474 V  angle = 176.6 deg
2026-05-16 11:48:29.059,ADC pin 15 raw = 2203  voltage = 2.475 V  angle = 176.6 deg
2026-05-16 11:48:29.070,ADC pin 15 raw = 2206  voltage = 2.478 V  angle = 176.8 deg
2026-05-16 11:48:29.079,ADC pin 15 raw = 2198  voltage = 2.469 V  angle = 176.4 deg
2026-05-16 11:48:29.089,ADC pin 15 raw = 2206  voltage = 2.478 V  angle = 176.8 deg
2026-05-16 11:48:29.099,ADC pin 15 raw = 2258  voltage = 2.536 V  angle = 178.9 deg
2026-05-16 11:48:29.109,ADC pin 15 raw = 2293  voltage = 2.576 V  angle = 180.8 deg
2026-05-16 11:48:29.119,ADC pin 15 raw = 2382  voltage = 2.676 V  angle = 189.6 deg
2026-05-16 11:48:29.129,ADC pin 15 raw = 2418  voltage = 2.716 V  angle = 193.2 deg
2026-05-16 11:48:29.139,ADC pin 15 raw = 2472  voltage = 2.777 V  angle = 198.6 deg
2026-05-16 11:48:29.149,ADC pin 15 raw = 2534  voltage = 2.846 V  angle = 204.8 deg
2026-05-16 11:48:29.159,ADC pin 15 raw = 2577  voltage = 2.895 V  angle = 209.0 deg
2026-05-16 11:48:29.169,ADC pin 15 raw = 2606  voltage = 2.927 V  angle = 211.9 deg
2026-05-16 11:48:29.179,ADC pin 15 raw = 2616  voltage = 2.939 V  angle = 212.9 deg
2026-05-16 11:48:29.189,ADC pin 15 raw = 2620  voltage = 2.943 V  angle = 213.3 deg
2026-05-16 11:48:29.199,ADC pin 15 raw = 2621  voltage = 2.944 V  angle = 213.4 deg
2026-05-16 11:48:29.209,ADC pin 15 raw = 2619  voltage = 2.942 V  angle = 213.2 deg
2026-05-16 11:48:29.219,ADC pin 15 raw = 2611  voltage = 2.933 V  angle = 212.4 deg
2026-05-16 11:48:29.229,ADC pin 15 raw = 2610  voltage = 2.932 V  angle = 212.3 deg
2026-05-16 11:48:29.239,ADC pin 15 raw = 2622  voltage = 2.945 V  angle = 213.5 deg
2026-05-16 11:48:29.249,ADC pin 15 raw = 2612  voltage = 2.934 V  angle = 212.5 deg
2026-05-16 11:48:29.259,ADC pin 15 raw = 2612  voltage = 2.934 V  angle = 212.5 deg
2026-05-16 11:48:29.269,ADC pin 15 raw = 2609  voltage = 2.931 V  angle = 212.2 deg
2026-05-16 11:48:29.279,ADC pin 15 raw = 2608  voltage = 2.930 V  angle = 212.1 deg
2026-05-16 11:48:29.289,ADC pin 15 raw = 2607  voltage = 2.928 V  angle = 212.0 deg
2026-05-16 11:48:29.299,ADC pin 15 raw = 2611  voltage = 2.933 V  angle = 212.4 deg
2026-05-16 11:48:29.309,ADC pin 15 raw = 2618  voltage = 2.941 V  angle = 213.1 deg
2026-05-16 11:48:29.319,ADC pin 15 raw = 2615  voltage = 2.937 V  angle = 212.8 deg
2026-05-16 11:48:29.329,ADC pin 15 raw = 2624  voltage = 2.948 V  angle = 213.7 deg
2026-05-16 11:48:29.339,ADC pin 15 raw = 2616  voltage = 2.939 V  angle = 212.9 deg
2026-05-16 11:48:29.349,ADC pin 15 raw = 2617  voltage = 2.940 V  angle = 213.0 deg
2026-05-16 11:48:29.359,ADC pin 15 raw = 2610  voltage = 2.932 V  angle = 212.3 deg
2026-05-16 11:48:29.369,ADC pin 15 raw = 2623  voltage = 2.946 V  angle = 213.6 deg
2026-05-16 11:48:29.379,ADC pin 15 raw = 2616  voltage = 2.939 V  angle = 212.9 deg
2026-05-16 11:48:29.389,ADC pin 15 raw = 2616  voltage = 2.939 V  angle = 212.9 deg
2026-05-16 11:48:29.399,ADC pin 15 raw = 2609  voltage = 2.931 V  angle = 212.2 deg
2026-05-16 11:48:29.409,ADC pin 15 raw = 2610  voltage = 2.932 V  angle = 212.3 deg
2026-05-16 11:48:29.419,ADC pin 15 raw = 2607  voltage = 2.928 V  angle = 212.0 deg
2026-05-16 11:48:29.429,ADC pin 15 raw = 2611  voltage = 2.933 V  angle = 212.4 deg
2026-05-16 11:48:29.439,ADC pin 15 raw = 2606  voltage = 2.927 V  angle = 211.9 deg
2026-05-16 11:48:29.449,ADC pin 15 raw = 2605  voltage = 2.926 V  angle = 211.8 deg
2026-05-16 11:48:29.459,ADC pin 15 raw = 2606  voltage = 2.927 V  angle = 211.9 deg
2026-05-16 11:48:29.469,ADC pin 15 raw = 2604  voltage = 2.925 V  angle = 211.7 deg
2026-05-16 11:48:29.479,ADC pin 15 raw = 2607  voltage = 2.928 V  angle = 212.0 deg
2026-05-16 11:48:29.489,ADC pin 15 raw = 2614  voltage = 2.936 V  angle = 212.7 deg
2026-05-16 11:48:29.499,ADC pin 15 raw = 2618  voltage = 2.941 V  angle = 213.1 deg
2026-05-16 11:48:29.509,ADC pin 15 raw = 2620  voltage = 2.943 V  angle = 213.3 deg
2026-05-16 11:48:29.519,ADC pin 15 raw = 2619  voltage = 2.942 V  angle = 213.2 deg
2026-05-16 11:48:29.529,ADC pin 15 raw = 2618  voltage = 2.941 V  angle = 213.1 deg
2026-05-16 11:48:29.539,ADC pin 15 raw = 2614  voltage = 2.936 V  angle = 212.7 deg
2026-05-16 11:48:29.549,ADC pin 15 raw = 2611  voltage = 2.933 V  angle = 212.4 deg
2026-05-16 11:48:29.559,ADC pin 15 raw = 2620  voltage = 2.943 V  angle = 213.3 deg
2026-05-16 11:48:29.569,ADC pin 15 raw = 2614  voltage = 2.936 V  angle = 212.7 deg
2026-05-16 11:48:29.579,ADC pin 15 raw = 2615  voltage = 2.937 V  angle = 212.8 deg
2026-05-16 11:48:29.589,ADC pin 15 raw = 2616  voltage = 2.939 V  angle = 212.9 deg
2026-05-16 11:48:29.599,ADC pin 15 raw = 2609  voltage = 2.931 V  angle = 212.2 deg
2026-05-16 11:48:29.609,ADC pin 15 raw = 2606  voltage = 2.927 V  angle = 211.9 deg
2026-05-16 11:48:29.619,ADC pin 15 raw = 2609  voltage = 2.931 V  angle = 212.2 deg
2026-05-16 11:48:29.629,ADC pin 15 raw = 2612  voltage = 2.934 V  angle = 212.5 deg
2026-05-16 11:48:29.639,ADC pin 15 raw = 2606  voltage = 2.927 V  angle = 211.9 deg
2026-05-16 11:48:29.649,ADC pin 15 raw = 2605  voltage = 2.926 V  angle = 211.8 deg
2026-05-16 11:48:29.659,ADC pin 15 raw = 2609  voltage = 2.931 V  angle = 212.2 deg
2026-05-16 11:48:29.669,ADC pin 15 raw = 2614  voltage = 2.936 V  angle = 212.7 deg
2026-05-16 11:48:29.679,ADC pin 15 raw = 2620  voltage = 2.943 V  angle = 213.3 deg
2026-05-16 11:48:29.689,ADC pin 15 raw = 2615  voltage = 2.937 V  angle = 212.8 deg
2026-05-16 11:48:29.699,ADC pin 15 raw = 2618  voltage = 2.941 V  angle = 213.1 deg
2026-05-16 11:48:29.709,ADC pin 15 raw = 2618  voltage = 2.941 V  angle = 213.1 deg
2026-05-16 11:48:29.719,ADC pin 15 raw = 2617  voltage = 2.940 V  angle = 213.0 deg
2026-05-16 11:48:29.729,ADC pin 15 raw = 2613  voltage = 2.935 V  angle = 212.6 deg
2026-05-16 11:48:29.739,ADC pin 15 raw = 2620  voltage = 2.943 V  angle = 213.3 deg
2026-05-16 11:48:29.749,ADC pin 15 raw = 2612  voltage = 2.934 V  angle = 212.5 deg
2026-05-16 11:48:29.759,ADC pin 15 raw = 2613  voltage = 2.935 V  angle = 212.6 deg
2026-05-16 11:48:29.769,ADC pin 15 raw = 2609  voltage = 2.931 V  angle = 212.2 deg
2026-05-16 11:48:29.779,ADC pin 15 raw = 2607  voltage = 2.928 V  angle = 212.0 deg
2026-05-16 11:48:29.789,ADC pin 15 raw = 2606  voltage = 2.927 V  angle = 211.9 deg
2026-05-16 11:48:29.799,ADC pin 15 raw = 2606  voltage = 2.927 V  angle = 211.9 deg
2026-05-16 11:48:29.809,ADC pin 15 raw = 2606  voltage = 2.927 V  angle = 211.9 deg
2026-05-16 11:48:29.819,ADC pin 15 raw = 2604  voltage = 2.925 V  angle = 211.7 deg
2026-05-16 11:48:29.829,ADC pin 15 raw = 2606  voltage = 2.927 V  angle = 211.9 deg
2026-05-16 11:48:29.839,ADC pin 15 raw = 2605  voltage = 2.926 V  angle = 211.8 deg
2026-05-16 11:48:29.849,ADC pin 15 raw = 2602  voltage = 2.923 V  angle = 211.5 deg
2026-05-16 11:48:29.859,ADC pin 15 raw = 2609  voltage = 2.931 V  angle = 212.2 deg
2026-05-16 11:48:29.869,ADC pin 15 raw = 2603  voltage = 2.924 V  angle = 211.6 deg
2026-05-16 11:48:29.879,ADC pin 15 raw = 2607  voltage = 2.928 V  angle = 212.0 deg
2026-05-16 11:48:29.889,ADC pin 15 raw = 2604  voltage = 2.925 V  angle = 211.7 deg
2026-05-16 11:48:29.899,ADC pin 15 raw = 2603  voltage = 2.924 V  angle = 211.6 deg
2026-05-16 11:48:29.909,ADC pin 15 raw = 2606  voltage = 2.927 V  angle = 211.9 deg
2026-05-16 11:48:29.919,ADC pin 15 raw = 2603  voltage = 2.924 V  angle = 211.6 deg
2026-05-16 11:48:29.929,ADC pin 15 raw = 2620  voltage = 2.943 V  angle = 213.3 deg
2026-05-16 11:48:29.939,ADC pin 15 raw = 2595  voltage = 2.915 V  angle = 210.8 deg
2026-05-16 11:48:29.949,ADC pin 15 raw = 2559  voltage = 2.875 V  angle = 207.2 deg
2026-05-16 11:48:29.960,ADC pin 15 raw = 2519  voltage = 2.830 V  angle = 203.3 deg
2026-05-16 11:48:29.969,ADC pin 15 raw = 2516  voltage = 2.826 V  angle = 203.0 deg
2026-05-16 11:48:29.979,ADC pin 15 raw = 2483  voltage = 2.789 V  angle = 199.7 deg
2026-05-16 11:48:29.989,ADC pin 15 raw = 2475  voltage = 2.780 V  angle = 198.9 deg
2026-05-16 11:48:29.999,ADC pin 15 raw = 2454  voltage = 2.757 V  angle = 196.8 deg
2026-05-16 11:48:30.009,ADC pin 15 raw = 2434  voltage = 2.734 V  angle = 194.8 deg
2026-05-16 11:48:30.019,ADC pin 15 raw = 2433  voltage = 2.733 V  angle = 194.7 deg
2026-05-16 11:48:30.029,ADC pin 15 raw = 2430  voltage = 2.730 V  angle = 194.4 deg
2026-05-16 11:48:30.039,ADC pin 15 raw = 2460  voltage = 2.763 V  angle = 197.4 deg
2026-05-16 11:48:30.049,ADC pin 15 raw = 2477  voltage = 2.782 V  angle = 199.1 deg
2026-05-16 11:48:30.059,ADC pin 15 raw = 2449  voltage = 2.751 V  angle = 196.3 deg
2026-05-16 11:48:30.069,ADC pin 15 raw = 2457  voltage = 2.760 V  angle = 197.1 deg
2026-05-16 11:48:30.079,ADC pin 15 raw = 2446  voltage = 2.748 V  angle = 196.0 deg
2026-05-16 11:48:30.089,ADC pin 15 raw = 2443  voltage = 2.744 V  angle = 195.7 deg
2026-05-16 11:48:30.099,ADC pin 15 raw = 2431  voltage = 2.731 V  angle = 194.5 deg
2026-05-16 11:48:30.109,ADC pin 15 raw = 2435  voltage = 2.735 V  angle = 194.9 deg
2026-05-16 11:48:30.119,ADC pin 15 raw = 2431  voltage = 2.731 V  angle = 194.5 deg
2026-05-16 11:48:30.129,ADC pin 15 raw = 2421  voltage = 2.720 V  angle = 193.5 deg
2026-05-16 11:48:30.139,ADC pin 15 raw = 2409  voltage = 2.706 V  angle = 192.3 deg
2026-05-16 11:48:30.149,ADC pin 15 raw = 2422  voltage = 2.721 V  angle = 193.6 deg
2026-05-16 11:48:30.159,ADC pin 15 raw = 2417  voltage = 2.715 V  angle = 193.1 deg
2026-05-16 11:48:30.169,ADC pin 15 raw = 2419  voltage = 2.717 V  angle = 193.3 deg
2026-05-16 11:48:30.179,ADC pin 15 raw = 2421  voltage = 2.720 V  angle = 193.5 deg
2026-05-16 11:48:30.189,ADC pin 15 raw = 2417  voltage = 2.715 V  angle = 193.1 deg
2026-05-16 11:48:30.199,ADC pin 15 raw = 2418  voltage = 2.716 V  angle = 193.2 deg
2026-05-16 11:48:30.209,ADC pin 15 raw = 2419  voltage = 2.717 V  angle = 193.3 deg
2026-05-16 11:48:30.219,ADC pin 15 raw = 2415  voltage = 2.713 V  angle = 192.9 deg
2026-05-16 11:48:30.229,ADC pin 15 raw = 2417  voltage = 2.715 V  angle = 193.1 deg
2026-05-16 11:48:30.239,ADC pin 15 raw = 2417  voltage = 2.715 V  angle = 193.1 deg
2026-05-16 11:48:30.249,ADC pin 15 raw = 2419  voltage = 2.717 V  angle = 193.3 deg
2026-05-16 11:48:30.259,ADC pin 15 raw = 2417  voltage = 2.715 V  angle = 193.1 deg
2026-05-16 11:48:30.291,ADC pin 15 raw = 2416  voltage = 2.714 V  angle = 193.0 deg
2026-05-16 11:48:30.292,ADC pin 15 raw = 2414  voltage = 2.712 V  angle = 192.8 deg
2026-05-16 11:48:30.292,ADC pin 15 raw = 2413  voltage = 2.711 V  angle = 192.7 deg
2026-05-16 11:48:30.299,ADC pin 15 raw = 2414  voltage = 2.712 V  angle = 192.8 deg
2026-05-16 11:48:30.309,ADC pin 15 raw = 2415  voltage = 2.713 V  angle = 192.9 deg
2026-05-16 11:48:30.319,ADC pin 15 raw = 2418  voltage = 2.716 V  angle = 193.2 deg
2026-05-16 11:48:30.329,ADC pin 15 raw = 2416  voltage = 2.714 V  angle = 193.0 deg
2026-05-16 11:48:30.339,ADC pin 15 raw = 2414  voltage = 2.712 V  angle = 192.8 deg
2026-05-16 11:48:30.349,ADC pin 15 raw = 2412  voltage = 2.709 V  angle = 192.6 deg
2026-05-16 11:48:30.359,ADC pin 15 raw = 2414  voltage = 2.712 V  angle = 192.8 deg
2026-05-16 11:48:30.369,ADC pin 15 raw = 2415  voltage = 2.713 V  angle = 192.9 deg
2026-05-16 11:48:30.379,ADC pin 15 raw = 2413  voltage = 2.711 V  angle = 192.7 deg
2026-05-16 11:48:30.389,ADC pin 15 raw = 2415  voltage = 2.713 V  angle = 192.9 deg
2026-05-16 11:48:30.399,ADC pin 15 raw = 2414  voltage = 2.712 V  angle = 192.8 deg
2026-05-16 11:48:30.409,ADC pin 15 raw = 2417  voltage = 2.715 V  angle = 193.1 deg
2026-05-16 11:48:30.419,ADC pin 15 raw = 2414  voltage = 2.712 V  angle = 192.8 deg
2026-05-16 11:48:30.429,ADC pin 15 raw = 2413  voltage = 2.711 V  angle = 192.7 deg
2026-05-16 11:48:30.439,ADC pin 15 raw = 2413  voltage = 2.711 V  angle = 192.7 deg
2026-05-16 11:48:30.449,ADC pin 15 raw = 2415  voltage = 2.713 V  angle = 192.9 deg
2026-05-16 11:48:30.459,ADC pin 15 raw = 2413  voltage = 2.711 V  angle = 192.7 deg
2026-05-16 11:48:30.469,ADC pin 15 raw = 2417  voltage = 2.715 V  angle = 193.1 deg
2026-05-16 11:48:30.479,ADC pin 15 raw = 2415  voltage = 2.713 V  angle = 192.9 deg
2026-05-16 11:48:30.489,ADC pin 15 raw = 2416  voltage = 2.714 V  angle = 193.0 deg
2026-05-16 11:48:30.499,ADC pin 15 raw = 2414  voltage = 2.712 V  angle = 192.8 deg
2026-05-16 11:48:30.509,ADC pin 15 raw = 2412  voltage = 2.709 V  angle = 192.6 deg
2026-05-16 11:48:30.519,ADC pin 15 raw = 2416  voltage = 2.714 V  angle = 193.0 deg
2026-05-16 11:48:30.529,ADC pin 15 raw = 2414  voltage = 2.712 V  angle = 192.8 deg
2026-05-16 11:48:30.539,ADC pin 15 raw = 2410  voltage = 2.707 V  angle = 192.4 deg
2026-05-16 11:48:30.549,ADC pin 15 raw = 2416  voltage = 2.714 V  angle = 193.0 deg
2026-05-16 11:48:30.559,ADC pin 15 raw = 2414  voltage = 2.712 V  angle = 192.8 deg
2026-05-16 11:48:30.569,ADC pin 15 raw = 2411  voltage = 2.708 V  angle = 192.5 deg
2026-05-16 11:48:30.579,ADC pin 15 raw = 2414  voltage = 2.712 V  angle = 192.8 deg
2026-05-16 11:48:30.589,ADC pin 15 raw = 2415  voltage = 2.713 V  angle = 192.9 deg
2026-05-16 11:48:30.599,ADC pin 15 raw = 2417  voltage = 2.715 V  angle = 193.1 deg
2026-05-16 11:48:30.610,ADC pin 15 raw = 2416  voltage = 2.714 V  angle = 193.0 deg
2026-05-16 11:48:30.625,ADC pin 15 raw = 2420  voltage = 2.718 V  angle = 193.4 deg
2026-05-16 11:48:30.629,ADC pin 15 raw = 2416  voltage = 2.714 V  angle = 193.0 deg
2026-05-16 11:48:30.639,ADC pin 15 raw = 2415  voltage = 2.713 V  angle = 192.9 deg
2026-05-16 11:48:30.649,ADC pin 15 raw = 2417  voltage = 2.715 V  angle = 193.1 deg
2026-05-16 11:48:30.659,ADC pin 15 raw = 2415  voltage = 2.713 V  angle = 192.9 deg
2026-05-16 11:48:30.669,ADC pin 15 raw = 2415  voltage = 2.713 V  angle = 192.9 deg
2026-05-16 11:48:30.679,ADC pin 15 raw = 2414  voltage = 2.712 V  angle = 192.8 deg
2026-05-16 11:48:30.689,ADC pin 15 raw = 2416  voltage = 2.714 V  angle = 193.0 deg
2026-05-16 11:48:30.699,ADC pin 15 raw = 2413  voltage = 2.711 V  angle = 192.7 deg
2026-05-16 11:48:30.709,ADC pin 15 raw = 2416  voltage = 2.714 V  angle = 193.0 deg
2026-05-16 11:48:30.719,ADC pin 15 raw = 2416  voltage = 2.714 V  angle = 193.0 deg
2026-05-16 11:48:30.729,ADC pin 15 raw = 2415  voltage = 2.713 V  angle = 192.9 deg
2026-05-16 11:48:30.739,ADC pin 15 raw = 2415  voltage = 2.713 V  angle = 192.9 deg
2026-05-16 11:48:30.749,ADC pin 15 raw = 2415  voltage = 2.713 V  angle = 192.9 deg
2026-05-16 11:48:30.759,ADC pin 15 raw = 2414  voltage = 2.712 V  angle = 192.8 deg
2026-05-16 11:48:30.769,ADC pin 15 raw = 2415  voltage = 2.713 V  angle = 192.9 deg
2026-05-16 11:48:30.779,ADC pin 15 raw = 2413  voltage = 2.711 V  angle = 192.7 deg
2026-05-16 11:48:30.789,ADC pin 15 raw = 2414  voltage = 2.712 V  angle = 192.8 deg
2026-05-16 11:48:30.799,ADC pin 15 raw = 2413  voltage = 2.711 V  angle = 192.7 deg
2026-05-16 11:48:30.809,ADC pin 15 raw = 2412  voltage = 2.709 V  angle = 192.6 deg
2026-05-16 11:48:30.819,ADC pin 15 raw = 2415  voltage = 2.713 V  angle = 192.9 deg
2026-05-16 11:48:30.829,ADC pin 15 raw = 2416  voltage = 2.714 V  angle = 193.0 deg
2026-05-16 11:48:30.839,ADC pin 15 raw = 2414  voltage = 2.712 V  angle = 192.8 deg
2026-05-16 11:48:30.849,ADC pin 15 raw = 2414  voltage = 2.712 V  angle = 192.8 deg
2026-05-16 11:48:30.859,ADC pin 15 raw = 2416  voltage = 2.714 V  angle = 193.0 deg
2026-05-16 11:48:30.870,ADC pin 15 raw = 2416  voltage = 2.714 V  angle = 193.0 deg
2026-05-16 11:48:30.879,ADC pin 15 raw = 2412  voltage = 2.709 V  angle = 192.6 deg
2026-05-16 11:48:30.889,ADC pin 15 raw = 2408  voltage = 2.705 V  angle = 192.2 deg
2026-05-16 11:48:30.899,ADC pin 15 raw = 2412  voltage = 2.709 V  angle = 192.6 deg
2026-05-16 11:48:30.909,ADC pin 15 raw = 2414  voltage = 2.712 V  angle = 192.8 deg
2026-05-16 11:48:30.919,ADC pin 15 raw = 2410  voltage = 2.707 V  angle = 192.4 deg
2026-05-16 11:48:30.929,ADC pin 15 raw = 2410  voltage = 2.707 V  angle = 192.4 deg
2026-05-16 11:48:30.939,ADC pin 15 raw = 2414  voltage = 2.712 V  angle = 192.8 deg
2026-05-16 11:48:30.949,ADC pin 15 raw = 2414  voltage = 2.712 V  angle = 192.8 deg
2026-05-16 11:48:30.959,ADC pin 15 raw = 2411  voltage = 2.708 V  angle = 192.5 deg
2026-05-16 11:48:30.969,ADC pin 15 raw = 2414  voltage = 2.712 V  angle = 192.8 deg
2026-05-16 11:48:30.979,ADC pin 15 raw = 2411  voltage = 2.708 V  angle = 192.5 deg
2026-05-16 11:48:30.989,ADC pin 15 raw = 2413  voltage = 2.711 V  angle = 192.7 deg
2026-05-16 11:48:30.999,ADC pin 15 raw = 2412  voltage = 2.709 V  angle = 192.6 deg
2026-05-16 11:48:31.009,ADC pin 15 raw = 2409  voltage = 2.706 V  angle = 192.3 deg
2026-05-16 11:48:31.019,ADC pin 15 raw = 2413  voltage = 2.711 V  angle = 192.7 deg
2026-05-16 11:48:31.029,ADC pin 15 raw = 2415  voltage = 2.713 V  angle = 192.9 deg
2026-05-16 11:48:31.039,ADC pin 15 raw = 2412  voltage = 2.709 V  angle = 192.6 deg
2026-05-16 11:48:31.049,ADC pin 15 raw = 2413  voltage = 2.711 V  angle = 192.7 deg
2026-05-16 11:48:31.059,ADC pin 15 raw = 2414  voltage = 2.712 V  angle = 192.8 deg
2026-05-16 11:48:31.069,ADC pin 15 raw = 2415  voltage = 2.713 V  angle = 192.9 deg
2026-05-16 11:48:31.079,ADC pin 15 raw = 2410  voltage = 2.707 V  angle = 192.4 deg
2026-05-16 11:48:31.089,ADC pin 15 raw = 2415  voltage = 2.713 V  angle = 192.9 deg
2026-05-16 11:48:31.099,ADC pin 15 raw = 2414  voltage = 2.712 V  angle = 192.8 deg
2026-05-16 11:48:31.109,ADC pin 15 raw = 2414  voltage = 2.712 V  angle = 192.8 deg
2026-05-16 11:48:31.119,ADC pin 15 raw = 2411  voltage = 2.708 V  angle = 192.5 deg
2026-05-16 11:48:31.129,ADC pin 15 raw = 2413  voltage = 2.711 V  angle = 192.7 deg
2026-05-16 11:48:31.139,ADC pin 15 raw = 2412  voltage = 2.709 V  angle = 192.6 deg
2026-05-16 11:48:31.149,ADC pin 15 raw = 2411  voltage = 2.708 V  angle = 192.5 deg
2026-05-16 11:48:31.159,ADC pin 15 raw = 2415  voltage = 2.713 V  angle = 192.9 deg
2026-05-16 11:48:31.169,ADC pin 15 raw = 2413  voltage = 2.711 V  angle = 192.7 deg
2026-05-16 11:48:31.179,ADC pin 15 raw = 2413  voltage = 2.711 V  angle = 192.7 deg
2026-05-16 11:48:31.189,ADC pin 15 raw = 2415  voltage = 2.713 V  angle = 192.9 deg
2026-05-16 11:48:31.199,ADC pin 15 raw = 2411  voltage = 2.708 V  angle = 192.5 deg
2026-05-16 11:48:31.209,ADC pin 15 raw = 2415  voltage = 2.713 V  angle = 192.9 deg
2026-05-16 11:48:31.219,ADC pin 15 raw = 2412  voltage = 2.709 V  angle = 192.6 deg
2026-05-16 11:48:31.229,ADC pin 15 raw = 2414  voltage = 2.712 V  angle = 192.8 deg
2026-05-16 11:48:31.239,ADC pin 15 raw = 2411  voltage = 2.708 V  angle = 192.5 deg
2026-05-16 11:48:31.249,ADC pin 15 raw = 2413  voltage = 2.711 V  angle = 192.7 deg
2026-05-16 11:48:31.260,ADC pin 15 raw = 2415  voltage = 2.713 V  angle = 192.9 deg
2026-05-16 11:48:31.269,ADC pin 15 raw = 2415  voltage = 2.713 V  angle = 192.9 deg
2026-05-16 11:48:31.279,ADC pin 15 raw = 2413  voltage = 2.711 V  angle = 192.7 deg
2026-05-16 11:48:31.289,ADC pin 15 raw = 2413  voltage = 2.711 V  angle = 192.7 deg
2026-05-16 11:48:31.299,ADC pin 15 raw = 2411  voltage = 2.708 V  angle = 192.5 deg
2026-05-16 11:48:31.309,ADC pin 15 raw = 2412  voltage = 2.709 V  angle = 192.6 deg
2026-05-16 11:48:31.319,ADC pin 15 raw = 2415  voltage = 2.713 V  angle = 192.9 deg
2026-05-16 11:48:31.329,ADC pin 15 raw = 2413  voltage = 2.711 V  angle = 192.7 deg
2026-05-16 11:48:31.339,ADC pin 15 raw = 2412  voltage = 2.709 V  angle = 192.6 deg
2026-05-16 11:48:31.349,ADC pin 15 raw = 2411  voltage = 2.708 V  angle = 192.5 deg
2026-05-16 11:48:31.359,ADC pin 15 raw = 2415  voltage = 2.713 V  angle = 192.9 deg
2026-05-16 11:48:31.369,ADC pin 15 raw = 2415  voltage = 2.713 V  angle = 192.9 deg
2026-05-16 11:48:31.379,ADC pin 15 raw = 2412  voltage = 2.709 V  angle = 192.6 deg
2026-05-16 11:48:31.389,ADC pin 15 raw = 2413  voltage = 2.711 V  angle = 192.7 deg
2026-05-16 11:48:31.399,ADC pin 15 raw = 2411  voltage = 2.708 V  angle = 192.5 deg
2026-05-16 11:48:31.409,ADC pin 15 raw = 2414  voltage = 2.712 V  angle = 192.8 deg
2026-05-16 11:48:31.419,ADC pin 15 raw = 2409  voltage = 2.706 V  angle = 192.3 deg
2026-05-16 11:48:31.429,ADC pin 15 raw = 2415  voltage = 2.713 V  angle = 192.9 deg
2026-05-16 11:48:31.439,ADC pin 15 raw = 2408  voltage = 2.705 V  angle = 192.2 deg
2026-05-16 11:48:31.449,ADC pin 15 raw = 2413  voltage = 2.711 V  angle = 192.7 deg
2026-05-16 11:48:31.459,ADC pin 15 raw = 2410  voltage = 2.707 V  angle = 192.4 deg
2026-05-16 11:48:31.469,ADC pin 15 raw = 2414  voltage = 2.712 V  angle = 192.8 deg
2026-05-16 11:48:31.479,ADC pin 15 raw = 2408  voltage = 2.705 V  angle = 192.2 deg
2026-05-16 11:48:31.489,ADC pin 15 raw = 2414  voltage = 2.712 V  angle = 192.8 deg
2026-05-16 11:48:31.499,ADC pin 15 raw = 2413  voltage = 2.711 V  angle = 192.7 deg
2026-05-16 11:48:31.509,ADC pin 15 raw = 2410  voltage = 2.707 V  angle = 192.4 deg
2026-05-16 11:48:31.519,ADC pin 15 raw = 2408  voltage = 2.705 V  angle = 192.2 deg
2026-05-16 11:48:31.529,ADC pin 15 raw = 2411  voltage = 2.708 V  angle = 192.5 deg
2026-05-16 11:48:31.539,ADC pin 15 raw = 2411  voltage = 2.708 V  angle = 192.5 deg
2026-05-16 11:48:31.549,ADC pin 15 raw = 2412  voltage = 2.709 V  angle = 192.6 deg
2026-05-16 11:48:31.559,ADC pin 15 raw = 2415  voltage = 2.713 V  angle = 192.9 deg
2026-05-16 11:48:31.569,ADC pin 15 raw = 2412  voltage = 2.709 V  angle = 192.6 deg
2026-05-16 11:48:31.579,ADC pin 15 raw = 2412  voltage = 2.709 V  angle = 192.6 deg
2026-05-16 11:48:31.589,ADC pin 15 raw = 2410  voltage = 2.707 V  angle = 192.4 deg
2026-05-16 11:48:31.599,ADC pin 15 raw = 2414  voltage = 2.712 V  angle = 192.8 deg
2026-05-16 11:48:31.609,ADC pin 15 raw = 2413  voltage = 2.711 V  angle = 192.7 deg
2026-05-16 11:48:31.619,ADC pin 15 raw = 2411  voltage = 2.708 V  angle = 192.5 deg
2026-05-16 11:48:31.629,ADC pin 15 raw = 2414  voltage = 2.712 V  angle = 192.8 deg
2026-05-16 11:48:31.639,ADC pin 15 raw = 2412  voltage = 2.709 V  angle = 192.6 deg
2026-05-16 11:48:31.649,ADC pin 15 raw = 2410  voltage = 2.707 V  angle = 192.4 deg
2026-05-16 11:48:31.659,ADC pin 15 raw = 2412  voltage = 2.709 V  angle = 192.6 deg
2026-05-16 11:48:31.669,ADC pin 15 raw = 2413  voltage = 2.711 V  angle = 192.7 deg
2026-05-16 11:48:31.679,ADC pin 15 raw = 2417  voltage = 2.715 V  angle = 193.1 deg
2026-05-16 11:48:31.689,ADC pin 15 raw = 2411  voltage = 2.708 V  angle = 192.5 deg
2026-05-16 11:48:31.699,ADC pin 15 raw = 2410  voltage = 2.707 V  angle = 192.4 deg
2026-05-16 11:48:31.709,ADC pin 15 raw = 2414  voltage = 2.712 V  angle = 192.8 deg
2026-05-16 11:48:31.719,ADC pin 15 raw = 2409  voltage = 2.706 V  angle = 192.3 deg
2026-05-16 11:48:31.729,ADC pin 15 raw = 2411  voltage = 2.708 V  angle = 192.5 deg
2026-05-16 11:48:31.739,ADC pin 15 raw = 2409  voltage = 2.706 V  angle = 192.3 deg
2026-05-16 11:48:31.749,ADC pin 15 raw = 2412  voltage = 2.709 V  angle = 192.6 deg
2026-05-16 11:48:31.760,ADC pin 15 raw = 2410  voltage = 2.707 V  angle = 192.4 deg
2026-05-16 11:48:31.769,ADC pin 15 raw = 2411  voltage = 2.708 V  angle = 192.5 deg
2026-05-16 11:48:31.779,ADC pin 15 raw = 2412  voltage = 2.709 V  angle = 192.6 deg
2026-05-16 11:48:31.789,ADC pin 15 raw = 2411  voltage = 2.708 V  angle = 192.5 deg
2026-05-16 11:48:31.799,ADC pin 15 raw = 2413  voltage = 2.711 V  angle = 192.7 deg
2026-05-16 11:48:31.809,ADC pin 15 raw = 2414  voltage = 2.712 V  angle = 192.8 deg
2026-05-16 11:48:31.819,ADC pin 15 raw = 2412  voltage = 2.709 V  angle = 192.6 deg
2026-05-16 11:48:31.829,ADC pin 15 raw = 2410  voltage = 2.707 V  angle = 192.4 deg
2026-05-16 11:48:31.839,ADC pin 15 raw = 2412  voltage = 2.709 V  angle = 192.6 deg
2026-05-16 11:48:31.849,ADC pin 15 raw = 2410  voltage = 2.707 V  angle = 192.4 deg
2026-05-16 11:48:31.859,ADC pin 15 raw = 2411  voltage = 2.708 V  angle = 192.5 deg
2026-05-16 11:48:31.869,ADC pin 15 raw = 2411  voltage = 2.708 V  angle = 192.5 deg
2026-05-16 11:48:31.879,ADC pin 15 raw = 2411  voltage = 2.708 V  angle = 192.5 deg
2026-05-16 11:48:31.889,ADC pin 15 raw = 2412  voltage = 2.709 V  angle = 192.6 deg
2026-05-16 11:48:31.899,ADC pin 15 raw = 2412  voltage = 2.709 V  angle = 192.6 deg
2026-05-16 11:48:31.909,ADC pin 15 raw = 2411  voltage = 2.708 V  angle = 192.5 deg
2026-05-16 11:48:31.919,ADC pin 15 raw = 2409  voltage = 2.706 V  angle = 192.3 deg
2026-05-16 11:48:31.929,ADC pin 15 raw = 2413  voltage = 2.711 V  angle = 192.7 deg
2026-05-16 11:48:31.939,ADC pin 15 raw = 2411  voltage = 2.708 V  angle = 192.5 deg
2026-05-16 11:48:31.949,ADC pin 15 raw = 2413  voltage = 2.711 V  angle = 192.7 deg
2026-05-16 11:48:31.959,ADC pin 15 raw = 2414  voltage = 2.712 V  angle = 192.8 deg
2026-05-16 11:48:31.969,ADC pin 15 raw = 2411  voltage = 2.708 V  angle = 192.5 deg
2026-05-16 11:48:31.979,ADC pin 15 raw = 2412  voltage = 2.709 V  angle = 192.6 deg
2026-05-16 11:48:31.989,ADC pin 15 raw = 2409  voltage = 2.706 V  angle = 192.3 deg
2026-05-16 11:48:31.999,ADC pin 15 raw = 2410  voltage = 2.707 V  angle = 192.4 deg
2026-05-16 11:48:32.009,ADC pin 15 raw = 2412  voltage = 2.709 V  angle = 192.6 deg
2026-05-16 11:48:32.019,ADC pin 15 raw = 2412  voltage = 2.709 V  angle = 192.6 deg
2026-05-16 11:48:32.029,ADC pin 15 raw = 2411  voltage = 2.708 V  angle = 192.5 deg
2026-05-16 11:48:32.039,ADC pin 15 raw = 2412  voltage = 2.709 V  angle = 192.6 deg
2026-05-16 11:48:32.049,ADC pin 15 raw = 2408  voltage = 2.705 V  angle = 192.2 deg
2026-05-16 11:48:32.060,ADC pin 15 raw = 2412  voltage = 2.709 V  angle = 192.6 deg
2026-05-16 11:48:32.069,ADC pin 15 raw = 2412  voltage = 2.709 V  angle = 192.6 deg
2026-05-16 11:48:32.079,ADC pin 15 raw = 2413  voltage = 2.711 V  angle = 192.7 deg
2026-05-16 11:48:32.089,ADC pin 15 raw = 2413  voltage = 2.711 V  angle = 192.7 deg
2026-05-16 11:48:32.099,ADC pin 15 raw = 2411  voltage = 2.708 V  angle = 192.5 deg
2026-05-16 11:48:32.109,ADC pin 15 raw = 2415  voltage = 2.713 V  angle = 192.9 deg
2026-05-16 11:48:32.119,ADC pin 15 raw = 2410  voltage = 2.707 V  angle = 192.4 deg
2026-05-16 11:48:32.129,ADC pin 15 raw = 2412  voltage = 2.709 V  angle = 192.6 deg
2026-05-16 11:48:32.156,ADC pin 15 raw = 2411  voltage = 2.708 V  angle = 192.5 deg
2026-05-16 11:48:32.158,ADC pin 15 raw = 2414  voltage = 2.712 V  angle = 192.8 deg
2026-05-16 11:48:32.159,ADC pin 15 raw = 2411  voltage = 2.708 V  angle = 192.5 deg
2026-05-16 11:48:32.169,ADC pin 15 raw = 2413  voltage = 2.711 V  angle = 192.7 deg
2026-05-16 11:48:32.179,ADC pin 15 raw = 2410  voltage = 2.707 V  angle = 192.4 deg
2026-05-16 11:48:32.189,ADC pin 15 raw = 2414  voltage = 2.712 V  angle = 192.8 deg
2026-05-16 11:48:32.199,ADC pin 15 raw = 2412  voltage = 2.709 V  angle = 192.6 deg
2026-05-16 11:48:32.209,ADC pin 15 raw = 2413  voltage = 2.711 V  angle = 192.7 deg
2026-05-16 11:48:32.219,ADC pin 15 raw = 2411  voltage = 2.708 V  angle = 192.5 deg
2026-05-16 11:48:32.229,ADC pin 15 raw = 2410  voltage = 2.707 V  angle = 192.4 deg
2026-05-16 11:48:32.239,ADC pin 15 raw = 2414  voltage = 2.712 V  angle = 192.8 deg
2026-05-16 11:48:32.249,ADC pin 15 raw = 2411  voltage = 2.708 V  angle = 192.5 deg
2026-05-16 11:48:32.259,ADC pin 15 raw = 2412  voltage = 2.709 V  angle = 192.6 deg
2026-05-16 11:48:32.269,ADC pin 15 raw = 2414  voltage = 2.712 V  angle = 192.8 deg
2026-05-16 11:48:32.279,ADC pin 15 raw = 2409  voltage = 2.706 V  angle = 192.3 deg
2026-05-16 11:48:32.289,ADC pin 15 raw = 2412  voltage = 2.709 V  angle = 192.6 deg
2026-05-16 11:48:32.299,ADC pin 15 raw = 2411  voltage = 2.708 V  angle = 192.5 deg
2026-05-16 11:48:32.309,ADC pin 15 raw = 2415  voltage = 2.713 V  angle = 192.9 deg
2026-05-16 11:48:32.319,ADC pin 15 raw = 2410  voltage = 2.707 V  angle = 192.4 deg
2026-05-16 11:48:32.329,ADC pin 15 raw = 2414  voltage = 2.712 V  angle = 192.8 deg
2026-05-16 11:48:32.339,ADC pin 15 raw = 2409  voltage = 2.706 V  angle = 192.3 deg
2026-05-16 11:48:32.349,ADC pin 15 raw = 2416  voltage = 2.714 V  angle = 193.0 deg
2026-05-16 11:48:32.359,ADC pin 15 raw = 2410  voltage = 2.707 V  angle = 192.4 deg
2026-05-16 11:48:32.369,ADC pin 15 raw = 2414  voltage = 2.712 V  angle = 192.8 deg
2026-05-16 11:48:32.379,ADC pin 15 raw = 2410  voltage = 2.707 V  angle = 192.4 deg
2026-05-16 11:48:32.389,ADC pin 15 raw = 2412  voltage = 2.709 V  angle = 192.6 deg
2026-05-16 11:48:32.399,ADC pin 15 raw = 2414  voltage = 2.712 V  angle = 192.8 deg
2026-05-16 11:48:32.410,ADC pin 15 raw = 2411  voltage = 2.708 V  angle = 192.5 deg
2026-05-16 11:48:32.419,ADC pin 15 raw = 2414  voltage = 2.712 V  angle = 192.8 deg
2026-05-16 11:48:32.429,ADC pin 15 raw = 2413  voltage = 2.711 V  angle = 192.7 deg
2026-05-16 11:48:32.439,ADC pin 15 raw = 2413  voltage = 2.711 V  angle = 192.7 deg
2026-05-16 11:48:32.449,ADC pin 15 raw = 2412  voltage = 2.709 V  angle = 192.6 deg
2026-05-16 11:48:32.459,ADC pin 15 raw = 2415  voltage = 2.713 V  angle = 192.9 deg
2026-05-16 11:48:32.469,ADC pin 15 raw = 2413  voltage = 2.711 V  angle = 192.7 deg
2026-05-16 11:48:32.479,ADC pin 15 raw = 2415  voltage = 2.713 V  angle = 192.9 deg
2026-05-16 11:48:32.489,ADC pin 15 raw = 2414  voltage = 2.712 V  angle = 192.8 deg
2026-05-16 11:48:32.500,ADC pin 15 raw = 2414  voltage = 2.712 V  angle = 192.8 deg
2026-05-16 11:48:32.509,ADC pin 15 raw = 2412  voltage = 2.709 V  angle = 192.6 deg
2026-05-16 11:48:32.519,ADC pin 15 raw = 2413  voltage = 2.711 V  angle = 192.7 deg
2026-05-16 11:48:32.529,ADC pin 15 raw = 2411  voltage = 2.708 V  angle = 192.5 deg
2026-05-16 11:48:32.539,ADC pin 15 raw = 2411  voltage = 2.708 V  angle = 192.5 deg
2026-05-16 11:48:32.549,ADC pin 15 raw = 2413  voltage = 2.711 V  angle = 192.7 deg
2026-05-16 11:48:32.559,ADC pin 15 raw = 2413  voltage = 2.711 V  angle = 192.7 deg
2026-05-16 11:48:32.569,ADC pin 15 raw = 2415  voltage = 2.713 V  angle = 192.9 deg
2026-05-16 11:48:32.579,ADC pin 15 raw = 2412  voltage = 2.709 V  angle = 192.6 deg
2026-05-16 11:48:32.589,ADC pin 15 raw = 2412  voltage = 2.709 V  angle = 192.6 deg
2026-05-16 11:48:32.599,ADC pin 15 raw = 2409  voltage = 2.706 V  angle = 192.3 deg
2026-05-16 11:48:32.610,ADC pin 15 raw = 2415  voltage = 2.713 V  angle = 192.9 deg
2026-05-16 11:48:32.619,ADC pin 15 raw = 2413  voltage = 2.711 V  angle = 192.7 deg
2026-05-16 11:48:32.629,ADC pin 15 raw = 2411  voltage = 2.708 V  angle = 192.5 deg
2026-05-16 11:48:32.639,ADC pin 15 raw = 2407  voltage = 2.704 V  angle = 192.1 deg
2026-05-16 11:48:32.649,ADC pin 15 raw = 2408  voltage = 2.705 V  angle = 192.2 deg
2026-05-16 11:48:32.659,ADC pin 15 raw = 2413  voltage = 2.711 V  angle = 192.7 deg
2026-05-16 11:48:32.669,ADC pin 15 raw = 2412  voltage = 2.709 V  angle = 192.6 deg
2026-05-16 11:48:32.679,ADC pin 15 raw = 2410  voltage = 2.707 V  angle = 192.4 deg
2026-05-16 11:48:32.689,ADC pin 15 raw = 2412  voltage = 2.709 V  angle = 192.6 deg
2026-05-16 11:48:32.699,ADC pin 15 raw = 2410  voltage = 2.707 V  angle = 192.4 deg
2026-05-16 11:48:32.709,ADC pin 15 raw = 2411  voltage = 2.708 V  angle = 192.5 deg
2026-05-16 11:48:32.719,ADC pin 15 raw = 2411  voltage = 2.708 V  angle = 192.5 deg
2026-05-16 11:48:32.729,ADC pin 15 raw = 2412  voltage = 2.709 V  angle = 192.6 deg
2026-05-16 11:48:32.739,ADC pin 15 raw = 2410  voltage = 2.707 V  angle = 192.4 deg
2026-05-16 11:48:32.749,ADC pin 15 raw = 2410  voltage = 2.707 V  angle = 192.4 deg
2026-05-16 11:48:32.759,ADC pin 15 raw = 2412  voltage = 2.709 V  angle = 192.6 deg
2026-05-16 11:48:32.769,ADC pin 15 raw = 2410  voltage = 2.707 V  angle = 192.4 deg
2026-05-16 11:48:32.779,ADC pin 15 raw = 2412  voltage = 2.709 V  angle = 192.6 deg
2026-05-16 11:48:32.789,ADC pin 15 raw = 2415  voltage = 2.713 V  angle = 192.9 deg
2026-05-16 11:48:32.799,ADC pin 15 raw = 2410  voltage = 2.707 V  angle = 192.4 deg
2026-05-16 11:48:32.809,ADC pin 15 raw = 2415  voltage = 2.713 V  angle = 192.9 deg
2026-05-16 11:48:32.819,ADC pin 15 raw = 2410  voltage = 2.707 V  angle = 192.4 deg
2026-05-16 11:48:32.829,ADC pin 15 raw = 2415  voltage = 2.713 V  angle = 192.9 deg
2026-05-16 11:48:32.839,ADC pin 15 raw = 2410  voltage = 2.707 V  angle = 192.4 deg
2026-05-16 11:48:32.849,ADC pin 15 raw = 2413  voltage = 2.711 V  angle = 192.7 deg
2026-05-16 11:48:32.859,ADC pin 15 raw = 2411  voltage = 2.708 V  angle = 192.5 deg
2026-05-16 11:48:32.869,ADC pin 15 raw = 2414  voltage = 2.712 V  angle = 192.8 deg
2026-05-16 11:48:32.879,ADC pin 15 raw = 2410  voltage = 2.707 V  angle = 192.4 deg
2026-05-16 11:48:32.889,ADC pin 15 raw = 2413  voltage = 2.711 V  angle = 192.7 deg
2026-05-16 11:48:32.899,ADC pin 15 raw = 2410  voltage = 2.707 V  angle = 192.4 deg
2026-05-16 11:48:32.909,ADC pin 15 raw = 2414  voltage = 2.712 V  angle = 192.8 deg
2026-05-16 11:48:32.919,ADC pin 15 raw = 2413  voltage = 2.711 V  angle = 192.7 deg
2026-05-16 11:48:32.929,ADC pin 15 raw = 2413  voltage = 2.711 V  angle = 192.7 deg
2026-05-16 11:48:32.939,ADC pin 15 raw = 2413  voltage = 2.711 V  angle = 192.7 deg
2026-05-16 11:48:32.949,ADC pin 15 raw = 2415  voltage = 2.713 V  angle = 192.9 deg
2026-05-16 11:48:32.959,ADC pin 15 raw = 2411  voltage = 2.708 V  angle = 192.5 deg
2026-05-16 11:48:32.969,ADC pin 15 raw = 2415  voltage = 2.713 V  angle = 192.9 deg
2026-05-16 11:48:32.979,ADC pin 15 raw = 2406  voltage = 2.703 V  angle = 192.0 deg
2026-05-16 11:48:32.989,ADC pin 15 raw = 2413  voltage = 2.711 V  angle = 192.7 deg
2026-05-16 11:48:32.999,ADC pin 15 raw = 2411  voltage = 2.708 V  angle = 192.5 deg
2026-05-16 11:48:33.009,ADC pin 15 raw = 2411  voltage = 2.708 V  angle = 192.5 deg
2026-05-16 11:48:33.019,ADC pin 15 raw = 2415  voltage = 2.713 V  angle = 192.9 deg
2026-05-16 11:48:33.029,ADC pin 15 raw = 2416  voltage = 2.714 V  angle = 193.0 deg
2026-05-16 11:48:33.039,ADC pin 15 raw = 2414  voltage = 2.712 V  angle = 192.8 deg
2026-05-16 11:48:33.049,ADC pin 15 raw = 2418  voltage = 2.716 V  angle = 193.2 deg
2026-05-16 11:48:33.059,ADC pin 15 raw = 2415  voltage = 2.713 V  angle = 192.9 deg
2026-05-16 11:48:33.069,ADC pin 15 raw = 2415  voltage = 2.713 V  angle = 192.9 deg
2026-05-16 11:48:33.079,ADC pin 15 raw = 2415  voltage = 2.713 V  angle = 192.9 deg
2026-05-16 11:48:33.089,ADC pin 15 raw = 2415  voltage = 2.713 V  angle = 192.9 deg
2026-05-16 11:48:33.099,ADC pin 15 raw = 2410  voltage = 2.707 V  angle = 192.4 deg
2026-05-16 11:48:33.109,ADC pin 15 raw = 2413  voltage = 2.711 V  angle = 192.7 deg
2026-05-16 11:48:33.119,ADC pin 15 raw = 2411  voltage = 2.708 V  angle = 192.5 deg
2026-05-16 11:48:33.129,ADC pin 15 raw = 2411  voltage = 2.708 V  angle = 192.5 deg
2026-05-16 11:48:33.139,ADC pin 15 raw = 2409  voltage = 2.706 V  angle = 192.3 deg
2026-05-16 11:48:33.149,ADC pin 15 raw = 2412  voltage = 2.709 V  angle = 192.6 deg
2026-05-16 11:48:33.159,ADC pin 15 raw = 2412  voltage = 2.709 V  angle = 192.6 deg
2026-05-16 11:48:33.169,ADC pin 15 raw = 2412  voltage = 2.709 V  angle = 192.6 deg
2026-05-16 11:48:33.179,ADC pin 15 raw = 2413  voltage = 2.711 V  angle = 192.7 deg
2026-05-16 11:48:33.189,ADC pin 15 raw = 2416  voltage = 2.714 V  angle = 193.0 deg
2026-05-16 11:48:33.199,ADC pin 15 raw = 2414  voltage = 2.712 V  angle = 192.8 deg
2026-05-16 11:48:33.209,ADC pin 15 raw = 2414  voltage = 2.712 V  angle = 192.8 deg
2026-05-16 11:48:33.219,ADC pin 15 raw = 2412  voltage = 2.709 V  angle = 192.6 deg
2026-05-16 11:48:33.229,ADC pin 15 raw = 2414  voltage = 2.712 V  angle = 192.8 deg
2026-05-16 11:48:33.239,ADC pin 15 raw = 2411  voltage = 2.708 V  angle = 192.5 deg
2026-05-16 11:48:33.249,ADC pin 15 raw = 2415  voltage = 2.713 V  angle = 192.9 deg
2026-05-16 11:48:33.259,ADC pin 15 raw = 2412  voltage = 2.709 V  angle = 192.6 deg
2026-05-16 11:48:33.269,ADC pin 15 raw = 2415  voltage = 2.713 V  angle = 192.9 deg
2026-05-16 11:48:33.279,ADC pin 15 raw = 2412  voltage = 2.709 V  angle = 192.6 deg
2026-05-16 11:48:33.289,ADC pin 15 raw = 2417  voltage = 2.715 V  angle = 193.1 deg
2026-05-16 11:48:33.299,ADC pin 15 raw = 2415  voltage = 2.713 V  angle = 192.9 deg
2026-05-16 11:48:33.309,ADC pin 15 raw = 2416  voltage = 2.714 V  angle = 193.0 deg
2026-05-16 11:48:33.319,ADC pin 15 raw = 2411  voltage = 2.708 V  angle = 192.5 deg
2026-05-16 11:48:33.329,ADC pin 15 raw = 2416  voltage = 2.714 V  angle = 193.0 deg
2026-05-16 11:48:33.339,ADC pin 15 raw = 2412  voltage = 2.709 V  angle = 192.6 deg
2026-05-16 11:48:33.349,ADC pin 15 raw = 2416  voltage = 2.714 V  angle = 193.0 deg
2026-05-16 11:48:33.359,ADC pin 15 raw = 2412  voltage = 2.709 V  angle = 192.6 deg
2026-05-16 11:48:33.369,ADC pin 15 raw = 2416  voltage = 2.714 V  angle = 193.0 deg
2026-05-16 11:48:33.379,ADC pin 15 raw = 2415  voltage = 2.713 V  angle = 192.9 deg
2026-05-16 11:48:33.389,ADC pin 15 raw = 2415  voltage = 2.713 V  angle = 192.9 deg
2026-05-16 11:48:33.399,ADC pin 15 raw = 2413  voltage = 2.711 V  angle = 192.7 deg
2026-05-16 11:48:33.410,ADC pin 15 raw = 2412  voltage = 2.709 V  angle = 192.6 deg
2026-05-16 11:48:33.419,ADC pin 15 raw = 2417  voltage = 2.715 V  angle = 193.1 deg
2026-05-16 11:48:33.429,ADC pin 15 raw = 2413  voltage = 2.711 V  angle = 192.7 deg
2026-05-16 11:48:33.439,ADC pin 15 raw = 2412  voltage = 2.709 V  angle = 192.6 deg
2026-05-16 11:48:33.449,ADC pin 15 raw = 2413  voltage = 2.711 V  angle = 192.7 deg
2026-05-16 11:48:33.459,ADC pin 15 raw = 2414  voltage = 2.712 V  angle = 192.8 deg
2026-05-16 11:48:33.469,ADC pin 15 raw = 2415  voltage = 2.713 V  angle = 192.9 deg
2026-05-16 11:48:33.479,ADC pin 15 raw = 2412  voltage = 2.709 V  angle = 192.6 deg
2026-05-16 11:48:33.489,ADC pin 15 raw = 2413  voltage = 2.711 V  angle = 192.7 deg
2026-05-16 11:48:33.499,ADC pin 15 raw = 2415  voltage = 2.713 V  angle = 192.9 deg
2026-05-16 11:48:33.509,ADC pin 15 raw = 2413  voltage = 2.711 V  angle = 192.7 deg
2026-05-16 11:48:33.519,ADC pin 15 raw = 2413  voltage = 2.711 V  angle = 192.7 deg
2026-05-16 11:48:33.529,ADC pin 15 raw = 2414  voltage = 2.712 V  angle = 192.8 deg
2026-05-16 11:48:33.539,ADC pin 15 raw = 2415  voltage = 2.713 V  angle = 192.9 deg
2026-05-16 11:48:33.549,ADC pin 15 raw = 2416  voltage = 2.714 V  angle = 193.0 deg
2026-05-16 11:48:33.559,ADC pin 15 raw = 2411  voltage = 2.708 V  angle = 192.5 deg
2026-05-16 11:48:33.569,ADC pin 15 raw = 2413  voltage = 2.711 V  angle = 192.7 deg
2026-05-16 11:48:33.579,ADC pin 15 raw = 2412  voltage = 2.709 V  angle = 192.6 deg
2026-05-16 11:48:33.589,ADC pin 15 raw = 2413  voltage = 2.711 V  angle = 192.7 deg
2026-05-16 11:48:33.599,ADC pin 15 raw = 2415  voltage = 2.713 V  angle = 192.9 deg
2026-05-16 11:48:33.609,ADC pin 15 raw = 2413  voltage = 2.711 V  angle = 192.7 deg
2026-05-16 11:48:33.619,ADC pin 15 raw = 2414  voltage = 2.712 V  angle = 192.8 deg
2026-05-16 11:48:33.629,ADC pin 15 raw = 2415  voltage = 2.713 V  angle = 192.9 deg
2026-05-16 11:48:33.639,ADC pin 15 raw = 2412  voltage = 2.709 V  angle = 192.6 deg
2026-05-16 11:48:33.649,ADC pin 15 raw = 2412  voltage = 2.709 V  angle = 192.6 deg
2026-05-16 11:48:33.659,ADC pin 15 raw = 2415  voltage = 2.713 V  angle = 192.9 deg
2026-05-16 11:48:33.669,ADC pin 15 raw = 2414  voltage = 2.712 V  angle = 192.8 deg
2026-05-16 11:48:33.679,ADC pin 15 raw = 2412  voltage = 2.709 V  angle = 192.6 deg
2026-05-16 11:48:33.689,ADC pin 15 raw = 2412  voltage = 2.709 V  angle = 192.6 deg
2026-05-16 11:48:33.699,ADC pin 15 raw = 2416  voltage = 2.714 V  angle = 193.0 deg
2026-05-16 11:48:33.709,ADC pin 15 raw = 2414  voltage = 2.712 V  angle = 192.8 deg
2026-05-16 11:48:33.719,ADC pin 15 raw = 2414  voltage = 2.712 V  angle = 192.8 deg
2026-05-16 11:48:33.729,ADC pin 15 raw = 2414  voltage = 2.712 V  angle = 192.8 deg
2026-05-16 11:48:33.739,ADC pin 15 raw = 2413  voltage = 2.711 V  angle = 192.7 deg
2026-05-16 11:48:33.749,ADC pin 15 raw = 2415  voltage = 2.713 V  angle = 192.9 deg
2026-05-16 11:48:33.759,ADC pin 15 raw = 2414  voltage = 2.712 V  angle = 192.8 deg
2026-05-16 11:48:33.769,ADC pin 15 raw = 2413  voltage = 2.711 V  angle = 192.7 deg
2026-05-16 11:48:33.779,ADC pin 15 raw = 2412  voltage = 2.709 V  angle = 192.6 deg
2026-05-16 11:48:33.789,ADC pin 15 raw = 2416  voltage = 2.714 V  angle = 193.0 deg
2026-05-16 11:48:33.799,ADC pin 15 raw = 2410  voltage = 2.707 V  angle = 192.4 deg
2026-05-16 11:48:33.809,ADC pin 15 raw = 2413  voltage = 2.711 V  angle = 192.7 deg
2026-05-16 11:48:33.819,ADC pin 15 raw = 2416  voltage = 2.714 V  angle = 193.0 deg
2026-05-16 11:48:33.829,ADC pin 15 raw = 2412  voltage = 2.709 V  angle = 192.6 deg
2026-05-16 11:48:33.839,ADC pin 15 raw = 2413  voltage = 2.711 V  angle = 192.7 deg
