timestamp,serial_line
2026-05-16 11:16:49.686,.049 V  angle = 5.4 deg
2026-05-16 11:16:49.696,ADC pin 15 raw = 46  voltage = 0.052 V  angle = 5.7 deg
2026-05-16 11:16:49.706,ADC pin 15 raw = 45  voltage = 0.051 V  angle = 5.5 deg
2026-05-16 11:16:49.716,ADC pin 15 raw = 48  voltage = 0.054 V  angle = 5.9 deg
2026-05-16 11:16:49.726,ADC pin 15 raw = 46  voltage = 0.052 V  angle = 5.7 deg
2026-05-16 11:16:49.736,ADC pin 15 raw = 47  voltage = 0.053 V  angle = 5.8 deg
2026-05-16 11:16:49.746,ADC pin 15 raw = 47  voltage = 0.053 V  angle = 5.8 deg
2026-05-16 11:16:49.756,ADC pin 15 raw = 47  voltage = 0.053 V  angle = 5.8 deg
2026-05-16 11:16:49.766,ADC pin 15 raw = 46  voltage = 0.052 V  angle = 5.7 deg
2026-05-16 11:16:49.776,ADC pin 15 raw = 45  voltage = 0.051 V  angle = 5.5 deg
2026-05-16 11:16:49.786,ADC pin 15 raw = 47  voltage = 0.053 V  angle = 5.8 deg
2026-05-16 11:16:49.796,ADC pin 15 raw = 46  voltage = 0.052 V  angle = 5.7 deg
2026-05-16 11:16:49.806,ADC pin 15 raw = 45  voltage = 0.051 V  angle = 5.5 deg
2026-05-16 11:16:49.816,ADC pin 15 raw = 46  voltage = 0.052 V  angle = 5.7 deg
2026-05-16 11:16:49.829,ADC pin 15 raw = 46  voltage = 0.052 V  angle = 5.7 deg
2026-05-16 11:16:49.849,ADC pin 15 raw = 46  voltage = 0.052 V  angle = 5.7 deg
2026-05-16 11:16:49.850,ADC pin 15 raw = 47  voltage = 0.053 V  angle = 5.8 deg
2026-05-16 11:16:49.856,ADC pin 15 raw = 46  voltage = 0.052 V  angle = 5.7 deg
2026-05-16 11:16:49.869,ADC pin 15 raw = 45  voltage = 0.051 V  angle = 5.5 deg
2026-05-16 11:16:49.876,ADC pin 15 raw = 48  voltage = 0.054 V  angle = 5.9 deg
2026-05-16 11:16:49.886,ADC pin 15 raw = 45  voltage = 0.051 V  angle = 5.5 deg
2026-05-16 11:16:49.896,ADC pin 15 raw = 47  voltage = 0.053 V  angle = 5.8 deg
2026-05-16 11:16:49.906,ADC pin 15 raw = 46  voltage = 0.052 V  angle = 5.7 deg
2026-05-16 11:16:49.916,ADC pin 15 raw = 46  voltage = 0.052 V  angle = 5.7 deg
2026-05-16 11:16:49.926,ADC pin 15 raw = 46  voltage = 0.052 V  angle = 5.7 deg
2026-05-16 11:16:49.936,ADC pin 15 raw = 47  voltage = 0.053 V  angle = 5.8 deg
2026-05-16 11:16:49.946,ADC pin 15 raw = 47  voltage = 0.053 V  angle = 5.8 deg
2026-05-16 11:16:49.956,ADC pin 15 raw = 45  voltage = 0.051 V  angle = 5.5 deg
2026-05-16 11:16:49.967,ADC pin 15 raw = 46  voltage = 0.052 V  angle = 5.7 deg
2026-05-16 11:16:49.976,ADC pin 15 raw = 47  voltage = 0.053 V  angle = 5.8 deg
2026-05-16 11:16:49.986,ADC pin 15 raw = 45  voltage = 0.051 V  angle = 5.5 deg
2026-05-16 11:16:49.996,ADC pin 15 raw = 46  voltage = 0.052 V  angle = 5.7 deg
2026-05-16 11:16:50.006,ADC pin 15 raw = 47  voltage = 0.053 V  angle = 5.8 deg
2026-05-16 11:16:50.017,ADC pin 15 raw = 47  voltage = 0.053 V  angle = 5.8 deg
2026-05-16 11:16:50.026,ADC pin 15 raw = 46  voltage = 0.052 V  angle = 5.7 deg
2026-05-16 11:16:50.036,ADC pin 15 raw = 48  voltage = 0.054 V  angle = 5.9 deg
2026-05-16 11:16:50.046,ADC pin 15 raw = 46  voltage = 0.052 V  angle = 5.7 deg
2026-05-16 11:16:50.057,ADC pin 15 raw = 45  voltage = 0.051 V  angle = 5.5 deg
2026-05-16 11:16:50.067,ADC pin 15 raw = 47  voltage = 0.053 V  angle = 5.8 deg
2026-05-16 11:16:50.076,ADC pin 15 raw = 48  voltage = 0.054 V  angle = 5.9 deg
2026-05-16 11:16:50.086,ADC pin 15 raw = 46  voltage = 0.052 V  angle = 5.7 deg
2026-05-16 11:16:50.097,ADC pin 15 raw = 46  voltage = 0.052 V  angle = 5.7 deg
2026-05-16 11:16:50.107,ADC pin 15 raw = 46  voltage = 0.052 V  angle = 5.7 deg
2026-05-16 11:16:50.117,ADC pin 15 raw = 45  voltage = 0.051 V  angle = 5.5 deg
2026-05-16 11:16:50.126,ADC pin 15 raw = 46  voltage = 0.052 V  angle = 5.7 deg
2026-05-16 11:16:50.136,ADC pin 15 raw = 46  voltage = 0.052 V  angle = 5.7 deg
2026-05-16 11:16:50.146,ADC pin 15 raw = 46  voltage = 0.052 V  angle = 5.7 deg
2026-05-16 11:16:50.156,ADC pin 15 raw = 47  voltage = 0.053 V  angle = 5.8 deg
2026-05-16 11:16:50.166,ADC pin 15 raw = 47  voltage = 0.053 V  angle = 5.8 deg
2026-05-16 11:16:50.176,ADC pin 15 raw = 47  voltage = 0.053 V  angle = 5.8 deg
2026-05-16 11:16:50.187,ADC pin 15 raw = 46  voltage = 0.052 V  angle = 5.7 deg
2026-05-16 11:16:50.196,ADC pin 15 raw = 46  voltage = 0.052 V  angle = 5.7 deg
2026-05-16 11:16:50.206,ADC pin 15 raw = 48  voltage = 0.054 V  angle = 5.9 deg
2026-05-16 11:16:50.217,ADC pin 15 raw = 46  voltage = 0.052 V  angle = 5.7 deg
2026-05-16 11:16:50.227,ADC pin 15 raw = 47  voltage = 0.053 V  angle = 5.8 deg
2026-05-16 11:16:50.237,ADC pin 15 raw = 44  voltage = 0.049 V  angle = 5.4 deg
2026-05-16 11:16:50.247,ADC pin 15 raw = 45  voltage = 0.051 V  angle = 5.5 deg
2026-05-16 11:16:50.257,ADC pin 15 raw = 45  voltage = 0.051 V  angle = 5.5 deg
2026-05-16 11:16:50.267,ADC pin 15 raw = 42  voltage = 0.047 V  angle = 5.2 deg
2026-05-16 11:16:50.276,ADC pin 15 raw = 45  voltage = 0.051 V  angle = 5.5 deg
2026-05-16 11:16:50.287,ADC pin 15 raw = 43  voltage = 0.048 V  angle = 5.3 deg
2026-05-16 11:16:50.297,ADC pin 15 raw = 47  voltage = 0.053 V  angle = 5.8 deg
2026-05-16 11:16:50.307,ADC pin 15 raw = 46  voltage = 0.052 V  angle = 5.7 deg
2026-05-16 11:16:50.317,ADC pin 15 raw = 47  voltage = 0.053 V  angle = 5.8 deg
2026-05-16 11:16:50.327,ADC pin 15 raw = 46  voltage = 0.052 V  angle = 5.7 deg
2026-05-16 11:16:50.337,ADC pin 15 raw = 47  voltage = 0.053 V  angle = 5.8 deg
2026-05-16 11:16:50.347,ADC pin 15 raw = 47  voltage = 0.053 V  angle = 5.8 deg
2026-05-16 11:16:50.358,ADC pin 15 raw = 46  voltage = 0.052 V  angle = 5.7 deg
2026-05-16 11:16:50.367,ADC pin 15 raw = 45  voltage = 0.051 V  angle = 5.5 deg
2026-05-16 11:16:50.377,ADC pin 15 raw = 44  voltage = 0.049 V  angle = 5.4 deg
2026-05-16 11:16:50.387,ADC pin 15 raw = 47  voltage = 0.053 V  angle = 5.8 deg
2026-05-16 11:16:50.397,ADC pin 15 raw = 45  voltage = 0.051 V  angle = 5.5 deg
2026-05-16 11:16:50.407,ADC pin 15 raw = 43  voltage = 0.048 V  angle = 5.3 deg
2026-05-16 11:16:50.417,ADC pin 15 raw = 44  voltage = 0.049 V  angle = 5.4 deg
2026-05-16 11:16:50.427,ADC pin 15 raw = 47  voltage = 0.053 V  angle = 5.8 deg
2026-05-16 11:16:50.437,ADC pin 15 raw = 45  voltage = 0.051 V  angle = 5.5 deg
2026-05-16 11:16:50.447,ADC pin 15 raw = 43  voltage = 0.048 V  angle = 5.3 deg
2026-05-16 11:16:50.457,ADC pin 15 raw = 47  voltage = 0.053 V  angle = 5.8 deg
2026-05-16 11:16:50.466,ADC pin 15 raw = 46  voltage = 0.052 V  angle = 5.7 deg
2026-05-16 11:16:50.477,ADC pin 15 raw = 47  voltage = 0.053 V  angle = 5.8 deg
2026-05-16 11:16:50.486,ADC pin 15 raw = 48  voltage = 0.054 V  angle = 5.9 deg
2026-05-16 11:16:50.497,ADC pin 15 raw = 47  voltage = 0.053 V  angle = 5.8 deg
2026-05-16 11:16:50.507,ADC pin 15 raw = 47  voltage = 0.053 V  angle = 5.8 deg
2026-05-16 11:16:50.517,ADC pin 15 raw = 46  voltage = 0.052 V  angle = 5.7 deg
2026-05-16 11:16:50.527,ADC pin 15 raw = 45  voltage = 0.051 V  angle = 5.5 deg
2026-05-16 11:16:50.536,ADC pin 15 raw = 45  voltage = 0.051 V  angle = 5.5 deg
2026-05-16 11:16:50.546,ADC pin 15 raw = 46  voltage = 0.052 V  angle = 5.7 deg
2026-05-16 11:16:50.557,ADC pin 15 raw = 46  voltage = 0.052 V  angle = 5.7 deg
2026-05-16 11:16:50.567,ADC pin 15 raw = 47  voltage = 0.053 V  angle = 5.8 deg
2026-05-16 11:16:50.576,ADC pin 15 raw = 45  voltage = 0.051 V  angle = 5.5 deg
2026-05-16 11:16:50.586,ADC pin 15 raw = 45  voltage = 0.051 V  angle = 5.5 deg
2026-05-16 11:16:50.597,ADC pin 15 raw = 44  voltage = 0.049 V  angle = 5.4 deg
2026-05-16 11:16:50.607,ADC pin 15 raw = 45  voltage = 0.051 V  angle = 5.5 deg
2026-05-16 11:16:50.617,ADC pin 15 raw = 47  voltage = 0.053 V  angle = 5.8 deg
2026-05-16 11:16:50.626,ADC pin 15 raw = 46  voltage = 0.052 V  angle = 5.7 deg
2026-05-16 11:16:50.637,ADC pin 15 raw = 44  voltage = 0.049 V  angle = 5.4 deg
2026-05-16 11:16:50.647,ADC pin 15 raw = 45  voltage = 0.051 V  angle = 5.5 deg
2026-05-16 11:16:50.657,ADC pin 15 raw = 44  voltage = 0.049 V  angle = 5.4 deg
2026-05-16 11:16:50.667,ADC pin 15 raw = 45  voltage = 0.051 V  angle = 5.5 deg
2026-05-16 11:16:50.677,ADC pin 15 raw = 46  voltage = 0.052 V  angle = 5.7 deg
2026-05-16 11:16:50.688,ADC pin 15 raw = 49  voltage = 0.055 V  angle = 6.0 deg
2026-05-16 11:16:50.697,ADC pin 15 raw = 46  voltage = 0.052 V  angle = 5.7 deg
2026-05-16 11:16:50.707,ADC pin 15 raw = 46  voltage = 0.052 V  angle = 5.7 deg
2026-05-16 11:16:50.717,ADC pin 15 raw = 41  voltage = 0.046 V  angle = 5.1 deg
2026-05-16 11:16:50.726,ADC pin 15 raw = 46  voltage = 0.052 V  angle = 5.7 deg
2026-05-16 11:16:50.736,ADC pin 15 raw = 46  voltage = 0.052 V  angle = 5.7 deg
2026-05-16 11:16:50.747,ADC pin 15 raw = 43  voltage = 0.048 V  angle = 5.3 deg
2026-05-16 11:16:50.771,ADC pin 15 raw = 45  voltage = 0.051 V  angle = 5.5 deg
2026-05-16 11:16:50.771,ADC pin 15 raw = 46  voltage = 0.052 V  angle = 5.7 deg
2026-05-16 11:16:50.776,ADC pin 15 raw = 47  voltage = 0.053 V  angle = 5.8 deg
2026-05-16 11:16:50.786,ADC pin 15 raw = 47  voltage = 0.053 V  angle = 5.8 deg
2026-05-16 11:16:50.796,ADC pin 15 raw = 47  voltage = 0.053 V  angle = 5.8 deg
2026-05-16 11:16:50.807,ADC pin 15 raw = 48  voltage = 0.054 V  angle = 5.9 deg
2026-05-16 11:16:50.816,ADC pin 15 raw = 47  voltage = 0.053 V  angle = 5.8 deg
2026-05-16 11:16:50.826,ADC pin 15 raw = 44  voltage = 0.049 V  angle = 5.4 deg
2026-05-16 11:16:50.836,ADC pin 15 raw = 45  voltage = 0.051 V  angle = 5.5 deg
2026-05-16 11:16:50.846,ADC pin 15 raw = 45  voltage = 0.051 V  angle = 5.5 deg
2026-05-16 11:16:50.857,ADC pin 15 raw = 46  voltage = 0.052 V  angle = 5.7 deg
2026-05-16 11:16:50.866,ADC pin 15 raw = 48  voltage = 0.054 V  angle = 5.9 deg
2026-05-16 11:16:50.876,ADC pin 15 raw = 47  voltage = 0.053 V  angle = 5.8 deg
2026-05-16 11:16:50.886,ADC pin 15 raw = 47  voltage = 0.053 V  angle = 5.8 deg
2026-05-16 11:16:50.896,ADC pin 15 raw = 46  voltage = 0.052 V  angle = 5.7 deg
2026-05-16 11:16:50.907,ADC pin 15 raw = 46  voltage = 0.052 V  angle = 5.7 deg
2026-05-16 11:16:50.916,ADC pin 15 raw = 44  voltage = 0.049 V  angle = 5.4 deg
2026-05-16 11:16:50.926,ADC pin 15 raw = 47  voltage = 0.053 V  angle = 5.8 deg
2026-05-16 11:16:50.936,ADC pin 15 raw = 47  voltage = 0.053 V  angle = 5.8 deg
2026-05-16 11:16:50.946,ADC pin 15 raw = 44  voltage = 0.049 V  angle = 5.4 deg
2026-05-16 11:16:50.956,ADC pin 15 raw = 45  voltage = 0.051 V  angle = 5.5 deg
2026-05-16 11:16:50.966,ADC pin 15 raw = 46  voltage = 0.052 V  angle = 5.7 deg
2026-05-16 11:16:50.977,ADC pin 15 raw = 45  voltage = 0.051 V  angle = 5.5 deg
2026-05-16 11:16:50.986,ADC pin 15 raw = 46  voltage = 0.052 V  angle = 5.7 deg
2026-05-16 11:16:50.996,ADC pin 15 raw = 46  voltage = 0.052 V  angle = 5.7 deg
2026-05-16 11:16:51.006,ADC pin 15 raw = 46  voltage = 0.052 V  angle = 5.7 deg
2026-05-16 11:16:51.016,ADC pin 15 raw = 44  voltage = 0.049 V  angle = 5.4 deg
2026-05-16 11:16:51.026,ADC pin 15 raw = 48  voltage = 0.054 V  angle = 5.9 deg
2026-05-16 11:16:51.036,ADC pin 15 raw = 46  voltage = 0.052 V  angle = 5.7 deg
2026-05-16 11:16:51.046,ADC pin 15 raw = 45  voltage = 0.051 V  angle = 5.5 deg
2026-05-16 11:16:51.056,ADC pin 15 raw = 45  voltage = 0.051 V  angle = 5.5 deg
2026-05-16 11:16:51.066,ADC pin 15 raw = 45  voltage = 0.051 V  angle = 5.5 deg
2026-05-16 11:16:51.076,ADC pin 15 raw = 47  voltage = 0.053 V  angle = 5.8 deg
2026-05-16 11:16:51.086,ADC pin 15 raw = 45  voltage = 0.051 V  angle = 5.5 deg
2026-05-16 11:16:51.096,ADC pin 15 raw = 46  voltage = 0.052 V  angle = 5.7 deg
2026-05-16 11:16:51.106,ADC pin 15 raw = 47  voltage = 0.053 V  angle = 5.8 deg
2026-05-16 11:16:51.116,ADC pin 15 raw = 43  voltage = 0.048 V  angle = 5.3 deg
2026-05-16 11:16:51.126,ADC pin 15 raw = 46  voltage = 0.052 V  angle = 5.7 deg
2026-05-16 11:16:51.136,ADC pin 15 raw = 45  voltage = 0.051 V  angle = 5.5 deg
2026-05-16 11:16:51.146,ADC pin 15 raw = 45  voltage = 0.051 V  angle = 5.5 deg
2026-05-16 11:16:51.156,ADC pin 15 raw = 46  voltage = 0.052 V  angle = 5.7 deg
2026-05-16 11:16:51.166,ADC pin 15 raw = 47  voltage = 0.053 V  angle = 5.8 deg
2026-05-16 11:16:51.176,ADC pin 15 raw = 45  voltage = 0.051 V  angle = 5.5 deg
2026-05-16 11:16:51.186,ADC pin 15 raw = 45  voltage = 0.051 V  angle = 5.5 deg
2026-05-16 11:16:51.196,ADC pin 15 raw = 46  voltage = 0.052 V  angle = 5.7 deg
2026-05-16 11:16:51.206,ADC pin 15 raw = 48  voltage = 0.054 V  angle = 5.9 deg
2026-05-16 11:16:51.216,ADC pin 15 raw = 46  voltage = 0.052 V  angle = 5.7 deg
2026-05-16 11:16:51.226,ADC pin 15 raw = 45  voltage = 0.051 V  angle = 5.5 deg
2026-05-16 11:16:51.236,ADC pin 15 raw = 48  voltage = 0.054 V  angle = 5.9 deg
2026-05-16 11:16:51.246,ADC pin 15 raw = 46  voltage = 0.052 V  angle = 5.7 deg
2026-05-16 11:16:51.257,ADC pin 15 raw = 45  voltage = 0.051 V  angle = 5.5 deg
2026-05-16 11:16:51.266,ADC pin 15 raw = 46  voltage = 0.052 V  angle = 5.7 deg
2026-05-16 11:16:51.276,ADC pin 15 raw = 46  voltage = 0.052 V  angle = 5.7 deg
2026-05-16 11:16:51.286,ADC pin 15 raw = 46  voltage = 0.052 V  angle = 5.7 deg
2026-05-16 11:16:51.296,ADC pin 15 raw = 46  voltage = 0.052 V  angle = 5.7 deg
2026-05-16 11:16:51.307,ADC pin 15 raw = 46  voltage = 0.052 V  angle = 5.7 deg
2026-05-16 11:16:51.316,ADC pin 15 raw = 47  voltage = 0.053 V  angle = 5.8 deg
2026-05-16 11:16:51.330,ADC pin 15 raw = 47  voltage = 0.053 V  angle = 5.8 deg
2026-05-16 11:16:51.339,ADC pin 15 raw = 46  voltage = 0.052 V  angle = 5.7 deg
2026-05-16 11:16:51.354,ADC pin 15 raw = 45  voltage = 0.051 V  angle = 5.5 deg
2026-05-16 11:16:51.357,ADC pin 15 raw = 46  voltage = 0.052 V  angle = 5.7 deg
2026-05-16 11:16:51.366,ADC pin 15 raw = 48  voltage = 0.054 V  angle = 5.9 deg
2026-05-16 11:16:51.376,ADC pin 15 raw = 46  voltage = 0.052 V  angle = 5.7 deg
2026-05-16 11:16:51.386,ADC pin 15 raw = 48  voltage = 0.054 V  angle = 5.9 deg
2026-05-16 11:16:51.396,ADC pin 15 raw = 46  voltage = 0.052 V  angle = 5.7 deg
2026-05-16 11:16:51.406,ADC pin 15 raw = 45  voltage = 0.051 V  angle = 5.5 deg
2026-05-16 11:16:51.416,ADC pin 15 raw = 43  voltage = 0.048 V  angle = 5.3 deg
2026-05-16 11:16:51.426,ADC pin 15 raw = 46  voltage = 0.052 V  angle = 5.7 deg
2026-05-16 11:16:51.436,ADC pin 15 raw = 46  voltage = 0.052 V  angle = 5.7 deg
2026-05-16 11:16:51.446,ADC pin 15 raw = 44  voltage = 0.049 V  angle = 5.4 deg
2026-05-16 11:16:51.456,ADC pin 15 raw = 44  voltage = 0.049 V  angle = 5.4 deg
2026-05-16 11:16:51.466,ADC pin 15 raw = 42  voltage = 0.047 V  angle = 5.2 deg
2026-05-16 11:16:51.476,ADC pin 15 raw = 43  voltage = 0.048 V  angle = 5.3 deg
2026-05-16 11:16:51.486,ADC pin 15 raw = 48  voltage = 0.054 V  angle = 5.9 deg
2026-05-16 11:16:51.496,ADC pin 15 raw = 44  voltage = 0.049 V  angle = 5.4 deg
2026-05-16 11:16:51.506,ADC pin 15 raw = 46  voltage = 0.052 V  angle = 5.7 deg
2026-05-16 11:16:51.516,ADC pin 15 raw = 45  voltage = 0.051 V  angle = 5.5 deg
2026-05-16 11:16:51.526,ADC pin 15 raw = 46  voltage = 0.052 V  angle = 5.7 deg
2026-05-16 11:16:51.537,ADC pin 15 raw = 48  voltage = 0.054 V  angle = 5.9 deg
2026-05-16 11:16:51.547,ADC pin 15 raw = 47  voltage = 0.053 V  angle = 5.8 deg
2026-05-16 11:16:51.557,ADC pin 15 raw = 46  voltage = 0.052 V  angle = 5.7 deg
2026-05-16 11:16:51.567,ADC pin 15 raw = 4095  voltage = 4.600 V  angle = 360.0 deg
2026-05-16 11:16:51.576,ADC pin 15 raw = 45  voltage = 0.051 V  angle = 5.5 deg
2026-05-16 11:16:51.589,ADC pin 15 raw = 2095  voltage = 2.353 V  angle = 172.2 deg
2026-05-16 11:16:51.597,ADC pin 15 raw = 3087  voltage = 3.468 V  angle = 259.8 deg
2026-05-16 11:16:51.607,ADC pin 15 raw = 46  voltage = 0.052 V  angle = 5.7 deg
2026-05-16 11:16:51.617,ADC pin 15 raw = 4095  voltage = 4.600 V  angle = 360.0 deg
2026-05-16 11:16:51.627,ADC pin 15 raw = 4095  voltage = 4.600 V  angle = 360.0 deg
2026-05-16 11:16:51.637,ADC pin 15 raw = 4095  voltage = 4.600 V  angle = 360.0 deg
2026-05-16 11:16:51.650,ADC pin 15 raw = 4095  voltage = 4.600 V  angle = 360.0 deg
2026-05-16 11:16:51.657,ADC pin 15 raw = 47  voltage = 0.053 V  angle = 5.8 deg
2026-05-16 11:16:51.667,ADC pin 15 raw = 45  voltage = 0.051 V  angle = 5.5 deg
2026-05-16 11:16:51.677,ADC pin 15 raw = 46  voltage = 0.052 V  angle = 5.7 deg
2026-05-16 11:16:51.687,ADC pin 15 raw = 46  voltage = 0.052 V  angle = 5.7 deg
2026-05-16 11:16:51.697,ADC pin 15 raw = 44  voltage = 0.049 V  angle = 5.4 deg
2026-05-16 11:16:51.707,ADC pin 15 raw = 42  voltage = 0.047 V  angle = 5.2 deg
2026-05-16 11:16:51.717,ADC pin 15 raw = 46  voltage = 0.052 V  angle = 5.7 deg
2026-05-16 11:16:51.727,ADC pin 15 raw = 45  voltage = 0.051 V  angle = 5.5 deg
2026-05-16 11:16:51.737,ADC pin 15 raw = 47  voltage = 0.053 V  angle = 5.8 deg
2026-05-16 11:16:51.747,ADC pin 15 raw = 4095  voltage = 4.600 V  angle = 360.0 deg
2026-05-16 11:16:51.757,ADC pin 15 raw = 4095  voltage = 4.600 V  angle = 360.0 deg
2026-05-16 11:16:51.768,ADC pin 15 raw = 4095  voltage = 4.600 V  angle = 360.0 deg
2026-05-16 11:16:51.777,ADC pin 15 raw = 4095  voltage = 4.600 V  angle = 360.0 deg
2026-05-16 11:16:51.786,ADC pin 15 raw = 47  voltage = 0.053 V  angle = 5.8 deg
2026-05-16 11:16:51.797,ADC pin 15 raw = 47  voltage = 0.053 V  angle = 5.8 deg
2026-05-16 11:16:51.807,ADC pin 15 raw = 46  voltage = 0.052 V  angle = 5.7 deg
2026-05-16 11:16:51.817,ADC pin 15 raw = 4095  voltage = 4.600 V  angle = 360.0 deg
2026-05-16 11:16:51.827,ADC pin 15 raw = 4095  voltage = 4.600 V  angle = 360.0 deg
2026-05-16 11:16:51.837,ADC pin 15 raw = 45  voltage = 0.051 V  angle = 5.5 deg
2026-05-16 11:16:51.847,ADC pin 15 raw = 45  voltage = 0.051 V  angle = 5.5 deg
2026-05-16 11:16:51.857,ADC pin 15 raw = 47  voltage = 0.053 V  angle = 5.8 deg
2026-05-16 11:16:51.867,ADC pin 15 raw = 47  voltage = 0.053 V  angle = 5.8 deg
2026-05-16 11:16:51.876,ADC pin 15 raw = 43  voltage = 0.048 V  angle = 5.3 deg
2026-05-16 11:16:51.886,ADC pin 15 raw = 45  voltage = 0.051 V  angle = 5.5 deg
2026-05-16 11:16:51.897,ADC pin 15 raw = 46  voltage = 0.052 V  angle = 5.7 deg
2026-05-16 11:16:51.907,ADC pin 15 raw = 4095  voltage = 4.600 V  angle = 360.0 deg
2026-05-16 11:16:51.917,ADC pin 15 raw = 52  voltage = 0.058 V  angle = 6.4 deg
2026-05-16 11:16:51.927,ADC pin 15 raw = 4095  voltage = 4.600 V  angle = 360.0 deg
2026-05-16 11:16:51.937,ADC pin 15 raw = 46  voltage = 0.052 V  angle = 5.7 deg
2026-05-16 11:16:51.947,ADC pin 15 raw = 45  voltage = 0.051 V  angle = 5.5 deg
2026-05-16 11:16:51.957,ADC pin 15 raw = 52  voltage = 0.058 V  angle = 6.4 deg
2026-05-16 11:16:51.967,ADC pin 15 raw = 4095  voltage = 4.600 V  angle = 360.0 deg
2026-05-16 11:16:51.977,ADC pin 15 raw = 4095  voltage = 4.600 V  angle = 360.0 deg
2026-05-16 11:16:51.987,ADC pin 15 raw = 4095  voltage = 4.600 V  angle = 360.0 deg
2026-05-16 11:16:51.997,ADC pin 15 raw = 4095  voltage = 4.600 V  angle = 360.0 deg
2026-05-16 11:16:52.007,ADC pin 15 raw = 4095  voltage = 4.600 V  angle = 360.0 deg
2026-05-16 11:16:52.017,ADC pin 15 raw = 4095  voltage = 4.600 V  angle = 360.0 deg
2026-05-16 11:16:52.027,ADC pin 15 raw = 4095  voltage = 4.600 V  angle = 360.0 deg
2026-05-16 11:16:52.037,ADC pin 15 raw = 4095  voltage = 4.600 V  angle = 360.0 deg
2026-05-16 11:16:52.047,ADC pin 15 raw = 4095  voltage = 4.600 V  angle = 360.0 deg
2026-05-16 11:16:52.057,ADC pin 15 raw = 44  voltage = 0.049 V  angle = 5.4 deg
2026-05-16 11:16:52.067,ADC pin 15 raw = 44  voltage = 0.049 V  angle = 5.4 deg
2026-05-16 11:16:52.077,ADC pin 15 raw = 44  voltage = 0.049 V  angle = 5.4 deg
2026-05-16 11:16:52.087,ADC pin 15 raw = 44  voltage = 0.049 V  angle = 5.4 deg
2026-05-16 11:16:52.097,ADC pin 15 raw = 46  voltage = 0.052 V  angle = 5.7 deg
2026-05-16 11:16:52.108,ADC pin 15 raw = 46  voltage = 0.052 V  angle = 5.7 deg
2026-05-16 11:16:52.117,ADC pin 15 raw = 44  voltage = 0.049 V  angle = 5.4 deg
2026-05-16 11:16:52.127,ADC pin 15 raw = 45  voltage = 0.051 V  angle = 5.5 deg
2026-05-16 11:16:52.137,ADC pin 15 raw = 49  voltage = 0.055 V  angle = 6.0 deg
2026-05-16 11:16:52.147,ADC pin 15 raw = 47  voltage = 0.053 V  angle = 5.8 deg
2026-05-16 11:16:52.157,ADC pin 15 raw = 48  voltage = 0.054 V  angle = 5.9 deg
2026-05-16 11:16:52.167,ADC pin 15 raw = 48  voltage = 0.054 V  angle = 5.9 deg
2026-05-16 11:16:52.177,ADC pin 15 raw = 47  voltage = 0.053 V  angle = 5.8 deg
2026-05-16 11:16:52.187,ADC pin 15 raw = 46  voltage = 0.052 V  angle = 5.7 deg
2026-05-16 11:16:52.197,ADC pin 15 raw = 47  voltage = 0.053 V  angle = 5.8 deg
2026-05-16 11:16:52.207,ADC pin 15 raw = 48  voltage = 0.054 V  angle = 5.9 deg
2026-05-16 11:16:52.217,ADC pin 15 raw = 49  voltage = 0.055 V  angle = 6.0 deg
2026-05-16 11:16:52.227,ADC pin 15 raw = 44  voltage = 0.049 V  angle = 5.4 deg
2026-05-16 11:16:52.237,ADC pin 15 raw = 43  voltage = 0.048 V  angle = 5.3 deg
2026-05-16 11:16:52.247,ADC pin 15 raw = 43  voltage = 0.048 V  angle = 5.3 deg
2026-05-16 11:16:52.257,ADC pin 15 raw = 42  voltage = 0.047 V  angle = 5.2 deg
2026-05-16 11:16:52.267,ADC pin 15 raw = 44  voltage = 0.049 V  angle = 5.4 deg
2026-05-16 11:16:52.277,ADC pin 15 raw = 44  voltage = 0.049 V  angle = 5.4 deg
2026-05-16 11:16:52.287,ADC pin 15 raw = 45  voltage = 0.051 V  angle = 5.5 deg
2026-05-16 11:16:52.296,ADC pin 15 raw = 44  voltage = 0.049 V  angle = 5.4 deg
2026-05-16 11:16:52.306,ADC pin 15 raw = 43  voltage = 0.048 V  angle = 5.3 deg
2026-05-16 11:16:52.317,ADC pin 15 raw = 44  voltage = 0.049 V  angle = 5.4 deg
2026-05-16 11:16:52.327,ADC pin 15 raw = 41  voltage = 0.046 V  angle = 5.1 deg
2026-05-16 11:16:52.337,ADC pin 15 raw = 40  voltage = 0.045 V  angle = 4.9 deg
2026-05-16 11:16:52.347,ADC pin 15 raw = 40  voltage = 0.045 V  angle = 4.9 deg
2026-05-16 11:16:52.357,ADC pin 15 raw = 45  voltage = 0.051 V  angle = 5.5 deg
2026-05-16 11:16:52.367,ADC pin 15 raw = 41  voltage = 0.046 V  angle = 5.1 deg
2026-05-16 11:16:52.377,ADC pin 15 raw = 41  voltage = 0.046 V  angle = 5.1 deg
2026-05-16 11:16:52.387,ADC pin 15 raw = 44  voltage = 0.049 V  angle = 5.4 deg
2026-05-16 11:16:52.397,ADC pin 15 raw = 43  voltage = 0.048 V  angle = 5.3 deg
2026-05-16 11:16:52.407,ADC pin 15 raw = 41  voltage = 0.046 V  angle = 5.1 deg
2026-05-16 11:16:52.417,ADC pin 15 raw = 43  voltage = 0.048 V  angle = 5.3 deg
2026-05-16 11:16:52.427,ADC pin 15 raw = 4095  voltage = 4.600 V  angle = 360.0 deg
2026-05-16 11:16:52.437,ADC pin 15 raw = 44  voltage = 0.049 V  angle = 5.4 deg
2026-05-16 11:16:52.446,ADC pin 15 raw = 46  voltage = 0.052 V  angle = 5.7 deg
2026-05-16 11:16:52.457,ADC pin 15 raw = 46  voltage = 0.052 V  angle = 5.7 deg
2026-05-16 11:16:52.467,ADC pin 15 raw = 44  voltage = 0.049 V  angle = 5.4 deg
2026-05-16 11:16:52.477,ADC pin 15 raw = 44  voltage = 0.049 V  angle = 5.4 deg
2026-05-16 11:16:52.487,ADC pin 15 raw = 45  voltage = 0.051 V  angle = 5.5 deg
2026-05-16 11:16:52.497,ADC pin 15 raw = 42  voltage = 0.047 V  angle = 5.2 deg
2026-05-16 11:16:52.507,ADC pin 15 raw = 44  voltage = 0.049 V  angle = 5.4 deg
2026-05-16 11:16:52.516,ADC pin 15 raw = 45  voltage = 0.051 V  angle = 5.5 deg
2026-05-16 11:16:52.526,ADC pin 15 raw = 48  voltage = 0.054 V  angle = 5.9 deg
2026-05-16 11:16:52.537,ADC pin 15 raw = 46  voltage = 0.052 V  angle = 5.7 deg
2026-05-16 11:16:52.546,ADC pin 15 raw = 44  voltage = 0.049 V  angle = 5.4 deg
2026-05-16 11:16:52.557,ADC pin 15 raw = 45  voltage = 0.051 V  angle = 5.5 deg
2026-05-16 11:16:52.567,ADC pin 15 raw = 44  voltage = 0.049 V  angle = 5.4 deg
2026-05-16 11:16:52.577,ADC pin 15 raw = 46  voltage = 0.052 V  angle = 5.7 deg
2026-05-16 11:16:52.587,ADC pin 15 raw = 46  voltage = 0.052 V  angle = 5.7 deg
2026-05-16 11:16:52.597,ADC pin 15 raw = 45  voltage = 0.051 V  angle = 5.5 deg
2026-05-16 11:16:52.608,ADC pin 15 raw = 47  voltage = 0.053 V  angle = 5.8 deg
2026-05-16 11:16:52.617,ADC pin 15 raw = 47  voltage = 0.053 V  angle = 5.8 deg
2026-05-16 11:16:52.627,ADC pin 15 raw = 47  voltage = 0.053 V  angle = 5.8 deg
2026-05-16 11:16:52.637,ADC pin 15 raw = 46  voltage = 0.052 V  angle = 5.7 deg
2026-05-16 11:16:52.647,ADC pin 15 raw = 45  voltage = 0.051 V  angle = 5.5 deg
2026-05-16 11:16:52.657,ADC pin 15 raw = 46  voltage = 0.052 V  angle = 5.7 deg
2026-05-16 11:16:52.667,ADC pin 15 raw = 45  voltage = 0.051 V  angle = 5.5 deg
2026-05-16 11:16:52.677,ADC pin 15 raw = 46  voltage = 0.052 V  angle = 5.7 deg
2026-05-16 11:16:52.687,ADC pin 15 raw = 45  voltage = 0.051 V  angle = 5.5 deg
2026-05-16 11:16:52.697,ADC pin 15 raw = 45  voltage = 0.051 V  angle = 5.5 deg
2026-05-16 11:16:52.708,ADC pin 15 raw = 47  voltage = 0.053 V  angle = 5.8 deg
2026-05-16 11:16:52.717,ADC pin 15 raw = 47  voltage = 0.053 V  angle = 5.8 deg
2026-05-16 11:16:52.726,ADC pin 15 raw = 45  voltage = 0.051 V  angle = 5.5 deg
2026-05-16 11:16:52.736,ADC pin 15 raw = 44  voltage = 0.049 V  angle = 5.4 deg
2026-05-16 11:16:52.746,ADC pin 15 raw = 44  voltage = 0.049 V  angle = 5.4 deg
2026-05-16 11:16:52.756,ADC pin 15 raw = 45  voltage = 0.051 V  angle = 5.5 deg
2026-05-16 11:16:52.767,ADC pin 15 raw = 44  voltage = 0.049 V  angle = 5.4 deg
2026-05-16 11:16:52.777,ADC pin 15 raw = 46  voltage = 0.052 V  angle = 5.7 deg
2026-05-16 11:16:52.786,ADC pin 15 raw = 48  voltage = 0.054 V  angle = 5.9 deg
2026-05-16 11:16:52.797,ADC pin 15 raw = 44  voltage = 0.049 V  angle = 5.4 deg
2026-05-16 11:16:52.807,ADC pin 15 raw = 45  voltage = 0.051 V  angle = 5.5 deg
2026-05-16 11:16:52.817,ADC pin 15 raw = 45  voltage = 0.051 V  angle = 5.5 deg
2026-05-16 11:16:52.827,ADC pin 15 raw = 48  voltage = 0.054 V  angle = 5.9 deg
2026-05-16 11:16:52.837,ADC pin 15 raw = 47  voltage = 0.053 V  angle = 5.8 deg
2026-05-16 11:16:52.847,ADC pin 15 raw = 62  voltage = 0.070 V  angle = 7.6 deg
2026-05-16 11:16:52.857,ADC pin 15 raw = 110  voltage = 0.124 V  angle = 13.6 deg
2026-05-16 11:16:52.867,ADC pin 15 raw = 143  voltage = 0.161 V  angle = 17.6 deg
2026-05-16 11:16:52.877,ADC pin 15 raw = 175  voltage = 0.197 V  angle = 21.6 deg
2026-05-16 11:16:52.897,ADC pin 15 raw = 201  voltage = 0.226 V  angle = 24.8 deg
2026-05-16 11:16:52.906,ADC pin 15 raw = 239  voltage = 0.268 V  angle = 29.5 deg
2026-05-16 11:16:52.907,ADC pin 15 raw = 271  voltage = 0.304 V  angle = 33.4 deg
2026-05-16 11:16:52.917,ADC pin 15 raw = 304  voltage = 0.341 V  angle = 37.5 deg
2026-05-16 11:16:52.926,ADC pin 15 raw = 348  voltage = 0.391 V  angle = 42.9 deg
2026-05-16 11:16:52.936,ADC pin 15 raw = 387  voltage = 0.435 V  angle = 46.3 deg
2026-05-16 11:16:52.946,ADC pin 15 raw = 412  voltage = 0.463 V  angle = 47.7 deg
2026-05-16 11:16:52.956,ADC pin 15 raw = 452  voltage = 0.508 V  angle = 50.1 deg
2026-05-16 11:16:52.967,ADC pin 15 raw = 483  voltage = 0.543 V  angle = 51.9 deg
2026-05-16 11:16:52.976,ADC pin 15 raw = 510  voltage = 0.573 V  angle = 53.5 deg
2026-05-16 11:16:52.987,ADC pin 15 raw = 562  voltage = 0.631 V  angle = 56.5 deg
2026-05-16 11:16:52.997,ADC pin 15 raw = 596  voltage = 0.669 V  angle = 58.5 deg
2026-05-16 11:16:53.006,ADC pin 15 raw = 637  voltage = 0.716 V  angle = 60.9 deg
2026-05-16 11:16:53.017,ADC pin 15 raw = 667  voltage = 0.749 V  angle = 62.6 deg
2026-05-16 11:16:53.026,ADC pin 15 raw = 707  voltage = 0.794 V  angle = 65.0 deg
2026-05-16 11:16:53.037,ADC pin 15 raw = 748  voltage = 0.840 V  angle = 67.4 deg
2026-05-16 11:16:53.046,ADC pin 15 raw = 780  voltage = 0.876 V  angle = 69.2 deg
2026-05-16 11:16:53.057,ADC pin 15 raw = 814  voltage = 0.914 V  angle = 71.2 deg
2026-05-16 11:16:53.067,ADC pin 15 raw = 853  voltage = 0.958 V  angle = 73.5 deg
2026-05-16 11:16:53.076,ADC pin 15 raw = 881  voltage = 0.990 V  angle = 75.1 deg
2026-05-16 11:16:53.087,ADC pin 15 raw = 916  voltage = 1.029 V  angle = 77.2 deg
2026-05-16 11:16:53.096,ADC pin 15 raw = 952  voltage = 1.069 V  angle = 79.3 deg
2026-05-16 11:16:53.107,ADC pin 15 raw = 993  voltage = 1.115 V  angle = 81.7 deg
2026-05-16 11:16:53.117,ADC pin 15 raw = 1022  voltage = 1.148 V  angle = 83.3 deg
2026-05-16 11:16:53.127,ADC pin 15 raw = 1059  voltage = 1.190 V  angle = 85.5 deg
2026-05-16 11:16:53.137,ADC pin 15 raw = 1096  voltage = 1.231 V  angle = 87.7 deg
2026-05-16 11:16:53.147,ADC pin 15 raw = 1132  voltage = 1.272 V  angle = 89.8 deg
2026-05-16 11:16:53.157,ADC pin 15 raw = 1161  voltage = 1.304 V  angle = 112.1 deg
2026-05-16 11:16:53.167,ADC pin 15 raw = 1195  voltage = 1.342 V  angle = 135.3 deg
2026-05-16 11:16:53.177,ADC pin 15 raw = 1224  voltage = 1.375 V  angle = 136.5 deg
2026-05-16 11:16:53.187,ADC pin 15 raw = 1261  voltage = 1.417 V  angle = 138.0 deg
2026-05-16 11:16:53.197,ADC pin 15 raw = 1292  voltage = 1.451 V  angle = 139.3 deg
2026-05-16 11:16:53.207,ADC pin 15 raw = 1320  voltage = 1.483 V  angle = 140.5 deg
2026-05-16 11:16:53.217,ADC pin 15 raw = 1347  voltage = 1.513 V  angle = 141.6 deg
2026-05-16 11:16:53.227,ADC pin 15 raw = 1391  voltage = 1.563 V  angle = 143.4 deg
2026-05-16 11:16:53.237,ADC pin 15 raw = 1417  voltage = 1.592 V  angle = 144.4 deg
2026-05-16 11:16:53.247,ADC pin 15 raw = 1446  voltage = 1.624 V  angle = 145.6 deg
2026-05-16 11:16:53.257,ADC pin 15 raw = 1478  voltage = 1.660 V  angle = 146.9 deg
2026-05-16 11:16:53.267,ADC pin 15 raw = 1510  voltage = 1.696 V  angle = 148.2 deg
2026-05-16 11:16:53.276,ADC pin 15 raw = 1535  voltage = 1.724 V  angle = 149.3 deg
2026-05-16 11:16:53.287,ADC pin 15 raw = 1579  voltage = 1.774 V  angle = 151.1 deg
2026-05-16 11:16:53.297,ADC pin 15 raw = 1603  voltage = 1.801 V  angle = 152.0 deg
2026-05-16 11:16:53.307,ADC pin 15 raw = 1628  voltage = 1.829 V  angle = 153.1 deg
2026-05-16 11:16:53.317,ADC pin 15 raw = 1656  voltage = 1.860 V  angle = 154.2 deg
2026-05-16 11:16:53.327,ADC pin 15 raw = 1679  voltage = 1.886 V  angle = 155.2 deg
2026-05-16 11:16:53.337,ADC pin 15 raw = 1706  voltage = 1.916 V  angle = 156.3 deg
2026-05-16 11:16:53.347,ADC pin 15 raw = 1736  voltage = 1.950 V  angle = 157.5 deg
2026-05-16 11:16:53.357,ADC pin 15 raw = 1762  voltage = 1.979 V  angle = 158.6 deg
2026-05-16 11:16:53.367,ADC pin 15 raw = 1791  voltage = 2.012 V  angle = 159.8 deg
2026-05-16 11:16:53.377,ADC pin 15 raw = 1815  voltage = 2.039 V  angle = 160.7 deg
2026-05-16 11:16:53.387,ADC pin 15 raw = 1846  voltage = 2.074 V  angle = 162.0 deg
2026-05-16 11:16:53.397,ADC pin 15 raw = 1874  voltage = 2.105 V  angle = 163.2 deg
2026-05-16 11:16:53.408,ADC pin 15 raw = 1905  voltage = 2.140 V  angle = 164.4 deg
2026-05-16 11:16:53.417,ADC pin 15 raw = 1936  voltage = 2.175 V  angle = 165.7 deg
2026-05-16 11:16:53.427,ADC pin 15 raw = 1967  voltage = 2.210 V  angle = 167.0 deg
2026-05-16 11:16:53.437,ADC pin 15 raw = 1996  voltage = 2.242 V  angle = 168.2 deg
2026-05-16 11:16:53.447,ADC pin 15 raw = 2028  voltage = 2.278 V  angle = 169.5 deg
2026-05-16 11:16:53.457,ADC pin 15 raw = 2061  voltage = 2.315 V  angle = 170.8 deg
2026-05-16 11:16:53.467,ADC pin 15 raw = 2094  voltage = 2.352 V  angle = 172.2 deg
2026-05-16 11:16:53.477,ADC pin 15 raw = 2125  voltage = 2.387 V  angle = 173.4 deg
2026-05-16 11:16:53.487,ADC pin 15 raw = 2168  voltage = 2.435 V  angle = 175.2 deg
2026-05-16 11:16:53.497,ADC pin 15 raw = 2195  voltage = 2.466 V  angle = 176.3 deg
2026-05-16 11:16:53.507,ADC pin 15 raw = 2221  voltage = 2.495 V  angle = 177.4 deg
2026-05-16 11:16:53.517,ADC pin 15 raw = 2254  voltage = 2.532 V  angle = 178.7 deg
2026-05-16 11:16:53.527,ADC pin 15 raw = 2289  voltage = 2.571 V  angle = 180.4 deg
2026-05-16 11:16:53.537,ADC pin 15 raw = 2324  voltage = 2.611 V  angle = 183.9 deg
2026-05-16 11:16:53.547,ADC pin 15 raw = 2337  voltage = 2.625 V  angle = 185.2 deg
2026-05-16 11:16:53.557,ADC pin 15 raw = 2371  voltage = 2.663 V  angle = 188.6 deg
2026-05-16 11:16:53.567,ADC pin 15 raw = 2393  voltage = 2.688 V  angle = 190.7 deg
2026-05-16 11:16:53.577,ADC pin 15 raw = 2424  voltage = 2.723 V  angle = 193.8 deg
2026-05-16 11:16:53.587,ADC pin 15 raw = 2459  voltage = 2.762 V  angle = 197.3 deg
2026-05-16 11:16:53.597,ADC pin 15 raw = 2481  voltage = 2.787 V  angle = 199.5 deg
2026-05-16 11:16:53.608,ADC pin 15 raw = 2516  voltage = 2.826 V  angle = 203.0 deg
2026-05-16 11:16:53.617,ADC pin 15 raw = 2548  voltage = 2.862 V  angle = 206.2 deg
2026-05-16 11:16:53.627,ADC pin 15 raw = 2559  voltage = 2.875 V  angle = 207.2 deg
2026-05-16 11:16:53.637,ADC pin 15 raw = 2609  voltage = 2.931 V  angle = 212.2 deg
2026-05-16 11:16:53.647,ADC pin 15 raw = 2639  voltage = 2.964 V  angle = 215.2 deg
2026-05-16 11:16:53.657,ADC pin 15 raw = 2670  voltage = 2.999 V  angle = 218.3 deg
2026-05-16 11:16:53.667,ADC pin 15 raw = 2704  voltage = 3.037 V  angle = 221.7 deg
2026-05-16 11:16:53.677,ADC pin 15 raw = 2730  voltage = 3.067 V  angle = 224.3 deg
2026-05-16 11:16:53.687,ADC pin 15 raw = 2765  voltage = 3.106 V  angle = 227.7 deg
2026-05-16 11:16:53.697,ADC pin 15 raw = 2806  voltage = 3.152 V  angle = 231.8 deg
2026-05-16 11:16:53.707,ADC pin 15 raw = 2832  voltage = 3.181 V  angle = 234.4 deg
2026-05-16 11:16:53.717,ADC pin 15 raw = 2856  voltage = 3.208 V  angle = 236.8 deg
2026-05-16 11:16:53.727,ADC pin 15 raw = 2892  voltage = 3.249 V  angle = 240.4 deg
2026-05-16 11:16:53.737,ADC pin 15 raw = 2914  voltage = 3.273 V  angle = 242.6 deg
2026-05-16 11:16:53.747,ADC pin 15 raw = 2944  voltage = 3.307 V  angle = 245.5 deg
2026-05-16 11:16:53.759,ADC pin 15 raw = 2966  voltage = 3.332 V  angle = 247.7 deg
2026-05-16 11:16:53.767,ADC pin 15 raw = 2998  voltage = 3.368 V  angle = 250.9 deg
2026-05-16 11:16:53.777,ADC pin 15 raw = 3020  voltage = 3.392 V  angle = 253.1 deg
2026-05-16 11:16:53.787,ADC pin 15 raw = 3048  voltage = 3.424 V  angle = 255.9 deg
2026-05-16 11:16:53.797,ADC pin 15 raw = 3081  voltage = 3.461 V  angle = 259.2 deg
2026-05-16 11:16:53.807,ADC pin 15 raw = 3105  voltage = 3.488 V  angle = 261.5 deg
2026-05-16 11:16:53.817,ADC pin 15 raw = 3123  voltage = 3.508 V  angle = 263.3 deg
2026-05-16 11:16:53.827,ADC pin 15 raw = 3152  voltage = 3.541 V  angle = 266.2 deg
2026-05-16 11:16:53.837,ADC pin 15 raw = 3180  voltage = 3.572 V  angle = 269.0 deg
2026-05-16 11:16:53.847,ADC pin 15 raw = 3199  voltage = 3.594 V  angle = 270.9 deg
2026-05-16 11:16:53.857,ADC pin 15 raw = 3223  voltage = 3.620 V  angle = 273.3 deg
2026-05-16 11:16:53.867,ADC pin 15 raw = 3246  voltage = 3.646 V  angle = 275.6 deg
2026-05-16 11:16:53.877,ADC pin 15 raw = 3271  voltage = 3.674 V  angle = 278.1 deg
2026-05-16 11:16:53.887,ADC pin 15 raw = 3308  voltage = 3.716 V  angle = 281.7 deg
2026-05-16 11:16:53.897,ADC pin 15 raw = 3337  voltage = 3.749 V  angle = 284.6 deg
2026-05-16 11:16:53.907,ADC pin 15 raw = 3379  voltage = 3.796 V  angle = 288.8 deg
2026-05-16 11:16:53.917,ADC pin 15 raw = 3407  voltage = 3.827 V  angle = 291.6 deg
2026-05-16 11:16:53.927,ADC pin 15 raw = 3455  voltage = 3.881 V  angle = 296.4 deg
2026-05-16 11:16:53.937,ADC pin 15 raw = 3502  voltage = 3.934 V  angle = 301.0 deg
2026-05-16 11:16:53.947,ADC pin 15 raw = 3548  voltage = 3.986 V  angle = 305.6 deg
2026-05-16 11:16:53.957,ADC pin 15 raw = 3587  voltage = 4.029 V  angle = 309.5 deg
2026-05-16 11:16:53.967,ADC pin 15 raw = 3643  voltage = 4.092 V  angle = 315.0 deg
2026-05-16 11:16:53.977,ADC pin 15 raw = 3697  voltage = 4.153 V  angle = 320.4 deg
2026-05-16 11:16:53.987,ADC pin 15 raw = 3739  voltage = 4.200 V  angle = 324.6 deg
2026-05-16 11:16:53.996,ADC pin 15 raw = 3787  voltage = 4.254 V  angle = 329.4 deg
2026-05-16 11:16:54.007,ADC pin 15 raw = 3854  voltage = 4.329 V  angle = 336.0 deg
2026-05-16 11:16:54.016,ADC pin 15 raw = 3918  voltage = 4.401 V  angle = 342.4 deg
2026-05-16 11:16:54.026,ADC pin 15 raw = 3989  voltage = 4.481 V  angle = 349.5 deg
2026-05-16 11:16:54.036,ADC pin 15 raw = 4063  voltage = 4.564 V  angle = 356.8 deg
2026-05-16 11:16:54.046,ADC pin 15 raw = 4095  voltage = 4.600 V  angle = 360.0 deg
2026-05-16 11:16:54.056,ADC pin 15 raw = 4095  voltage = 4.600 V  angle = 360.0 deg
2026-05-16 11:16:54.067,ADC pin 15 raw = 4095  voltage = 4.600 V  angle = 360.0 deg
2026-05-16 11:16:54.076,ADC pin 15 raw = 4095  voltage = 4.600 V  angle = 360.0 deg
2026-05-16 11:16:54.086,ADC pin 15 raw = 4095  voltage = 4.600 V  angle = 360.0 deg
2026-05-16 11:16:54.096,ADC pin 15 raw = 4095  voltage = 4.600 V  angle = 360.0 deg
2026-05-16 11:16:54.106,ADC pin 15 raw = 4095  voltage = 4.600 V  angle = 360.0 deg
2026-05-16 11:16:54.117,ADC pin 15 raw = 4095  voltage = 4.600 V  angle = 360.0 deg
2026-05-16 11:16:54.126,ADC pin 15 raw = 4095  voltage = 4.600 V  angle = 360.0 deg
2026-05-16 11:16:54.137,ADC pin 15 raw = 4095  voltage = 4.600 V  angle = 360.0 deg
2026-05-16 11:16:54.146,ADC pin 15 raw = 4095  voltage = 4.600 V  angle = 360.0 deg
2026-05-16 11:16:54.156,ADC pin 15 raw = 4095  voltage = 4.600 V  angle = 360.0 deg
2026-05-16 11:16:54.167,ADC pin 15 raw = 4095  voltage = 4.600 V  angle = 360.0 deg
2026-05-16 11:16:54.176,ADC pin 15 raw = 4095  voltage = 4.600 V  angle = 360.0 deg
2026-05-16 11:16:54.187,ADC pin 15 raw = 4095  voltage = 4.600 V  angle = 360.0 deg
2026-05-16 11:16:54.197,ADC pin 15 raw = 4095  voltage = 4.600 V  angle = 360.0 deg
2026-05-16 11:16:54.207,ADC pin 15 raw = 4095  voltage = 4.600 V  angle = 360.0 deg
2026-05-16 11:16:54.217,ADC pin 15 raw = 4095  voltage = 4.600 V  angle = 360.0 deg
2026-05-16 11:16:54.227,ADC pin 15 raw = 4095  voltage = 4.600 V  angle = 360.0 deg
2026-05-16 11:16:54.237,ADC pin 15 raw = 4095  voltage = 4.600 V  angle = 360.0 deg
2026-05-16 11:16:54.247,ADC pin 15 raw = 4095  voltage = 4.600 V  angle = 360.0 deg
2026-05-16 11:16:54.257,ADC pin 15 raw = 4095  voltage = 4.600 V  angle = 360.0 deg
2026-05-16 11:16:54.267,ADC pin 15 raw = 4095  voltage = 4.600 V  angle = 360.0 deg
2026-05-16 11:16:54.277,ADC pin 15 raw = 4095  voltage = 4.600 V  angle = 360.0 deg
2026-05-16 11:16:54.287,ADC pin 15 raw = 4095  voltage = 4.600 V  angle = 360.0 deg
2026-05-16 11:16:54.297,ADC pin 15 raw = 4095  voltage = 4.600 V  angle = 360.0 deg
2026-05-16 11:16:54.307,ADC pin 15 raw = 4095  voltage = 4.600 V  angle = 360.0 deg
2026-05-16 11:16:54.317,ADC pin 15 raw = 4095  voltage = 4.600 V  angle = 360.0 deg
2026-05-16 11:16:54.327,ADC pin 15 raw = 4095  voltage = 4.600 V  angle = 360.0 deg
2026-05-16 11:16:54.337,ADC pin 15 raw = 4095  voltage = 4.600 V  angle = 360.0 deg
2026-05-16 11:16:54.347,ADC pin 15 raw = 4095  voltage = 4.600 V  angle = 360.0 deg
2026-05-16 11:16:54.357,ADC pin 15 raw = 4095  voltage = 4.600 V  angle = 360.0 deg
2026-05-16 11:16:54.367,ADC pin 15 raw = 4095  voltage = 4.600 V  angle = 360.0 deg
2026-05-16 11:16:54.377,ADC pin 15 raw = 4095  voltage = 4.600 V  angle = 360.0 deg
2026-05-16 11:16:54.387,ADC pin 15 raw = 4095  voltage = 4.600 V  angle = 360.0 deg
2026-05-16 11:16:54.397,ADC pin 15 raw = 4095  voltage = 4.600 V  angle = 360.0 deg
2026-05-16 11:16:54.407,ADC pin 15 raw = 4095  voltage = 4.600 V  angle = 360.0 deg
2026-05-16 11:16:54.417,ADC pin 15 raw = 4095  voltage = 4.600 V  angle = 360.0 deg
2026-05-16 11:16:54.427,ADC pin 15 raw = 4095  voltage = 4.600 V  angle = 360.0 deg
2026-05-16 11:16:54.437,ADC pin 15 raw = 4095  voltage = 4.600 V  angle = 360.0 deg
2026-05-16 11:16:54.447,ADC pin 15 raw = 4095  voltage = 4.600 V  angle = 360.0 deg
2026-05-16 11:16:54.457,ADC pin 15 raw = 4095  voltage = 4.600 V  angle = 360.0 deg
2026-05-16 11:16:54.467,ADC pin 15 raw = 4095  voltage = 4.600 V  angle = 360.0 deg
2026-05-16 11:16:54.477,ADC pin 15 raw = 4095  voltage = 4.600 V  angle = 360.0 deg
2026-05-16 11:16:54.487,ADC pin 15 raw = 4095  voltage = 4.600 V  angle = 360.0 deg
2026-05-16 11:16:54.497,ADC pin 15 raw = 4095  voltage = 4.600 V  angle = 360.0 deg
2026-05-16 11:16:54.507,ADC pin 15 raw = 4095  voltage = 4.600 V  angle = 360.0 deg
2026-05-16 11:16:54.517,ADC pin 15 raw = 4095  voltage = 4.600 V  angle = 360.0 deg
2026-05-16 11:16:54.527,ADC pin 15 raw = 4095  voltage = 4.600 V  angle = 360.0 deg
2026-05-16 11:16:54.537,ADC pin 15 raw = 4095  voltage = 4.600 V  angle = 360.0 deg
2026-05-16 11:16:54.547,ADC pin 15 raw = 4095  voltage = 4.600 V  angle = 360.0 deg
2026-05-16 11:16:54.557,ADC pin 15 raw = 4095  voltage = 4.600 V  angle = 360.0 deg
2026-05-16 11:16:54.567,ADC pin 15 raw = 4095  voltage = 4.600 V  angle = 360.0 deg
2026-05-16 11:16:54.583,ADC pin 15 raw = 4095  voltage = 4.600 V  angle = 360.0 deg
2026-05-16 11:16:54.589,ADC pin 15 raw = 4095  voltage = 4.600 V  angle = 360.0 deg
2026-05-16 11:16:54.600,ADC pin 15 raw = 4095  voltage = 4.600 V  angle = 360.0 deg
2026-05-16 11:16:54.607,ADC pin 15 raw = 4095  voltage = 4.600 V  angle = 360.0 deg
2026-05-16 11:16:54.617,ADC pin 15 raw = 4095  voltage = 4.600 V  angle = 360.0 deg
2026-05-16 11:16:54.626,ADC pin 15 raw = 4095  voltage = 4.600 V  angle = 360.0 deg
2026-05-16 11:16:54.636,ADC pin 15 raw = 4095  voltage = 4.600 V  angle = 360.0 deg
2026-05-16 11:16:54.646,ADC pin 15 raw = 4095  voltage = 4.600 V  angle = 360.0 deg
2026-05-16 11:16:54.656,ADC pin 15 raw = 4095  voltage = 4.600 V  angle = 360.0 deg
2026-05-16 11:16:54.666,ADC pin 15 raw = 4095  voltage = 4.600 V  angle = 360.0 deg
2026-05-16 11:16:54.676,ADC pin 15 raw = 4095  voltage = 4.600 V  angle = 360.0 deg
2026-05-16 11:16:54.686,ADC pin 15 raw = 4095  voltage = 4.600 V  angle = 360.0 deg
2026-05-16 11:16:54.696,ADC pin 15 raw = 4095  voltage = 4.600 V  angle = 360.0 deg
2026-05-16 11:16:54.707,ADC pin 15 raw = 4095  voltage = 4.600 V  angle = 360.0 deg
2026-05-16 11:16:54.716,ADC pin 15 raw = 4095  voltage = 4.600 V  angle = 360.0 deg
2026-05-16 11:16:54.726,ADC pin 15 raw = 4095  voltage = 4.600 V  angle = 360.0 deg
2026-05-16 11:16:54.736,ADC pin 15 raw = 4095  voltage = 4.600 V  angle = 360.0 deg
2026-05-16 11:16:54.746,ADC pin 15 raw = 4095  voltage = 4.600 V  angle = 360.0 deg
2026-05-16 11:16:54.758,ADC pin 15 raw = 4095  voltage = 4.600 V  angle = 360.0 deg
2026-05-16 11:16:54.766,ADC pin 15 raw = 4095  voltage = 4.600 V  angle = 360.0 deg
2026-05-16 11:16:54.777,ADC pin 15 raw = 4095  voltage = 4.600 V  angle = 360.0 deg
2026-05-16 11:16:54.787,ADC pin 15 raw = 4095  voltage = 4.600 V  angle = 360.0 deg
2026-05-16 11:16:54.796,ADC pin 15 raw = 4090  voltage = 4.594 V  angle = 359.5 deg
2026-05-16 11:16:54.807,ADC pin 15 raw = 4021  voltage = 4.517 V  angle = 352.6 deg
2026-05-16 11:16:54.816,ADC pin 15 raw = 3934  voltage = 4.419 V  angle = 344.0 deg
2026-05-16 11:16:54.827,ADC pin 15 raw = 3859  voltage = 4.335 V  angle = 336.5 deg
2026-05-16 11:16:54.837,ADC pin 15 raw = 3791  voltage = 4.259 V  angle = 329.8 deg
2026-05-16 11:16:54.847,ADC pin 15 raw = 3711  voltage = 4.169 V  angle = 321.8 deg
2026-05-16 11:16:54.857,ADC pin 15 raw = 3643  voltage = 4.092 V  angle = 315.0 deg
2026-05-16 11:16:54.867,ADC pin 15 raw = 3557  voltage = 3.996 V  angle = 306.5 deg
2026-05-16 11:16:54.877,ADC pin 15 raw = 3490  voltage = 3.920 V  angle = 299.8 deg
2026-05-16 11:16:54.887,ADC pin 15 raw = 3420  voltage = 3.842 V  angle = 292.9 deg
2026-05-16 11:16:54.896,ADC pin 15 raw = 3362  voltage = 3.777 V  angle = 287.1 deg
2026-05-16 11:16:54.907,ADC pin 15 raw = 3309  voltage = 3.717 V  angle = 281.8 deg
2026-05-16 11:16:54.917,ADC pin 15 raw = 3247  voltage = 3.647 V  angle = 275.7 deg
2026-05-16 11:16:54.926,ADC pin 15 raw = 3196  voltage = 3.590 V  angle = 270.6 deg
2026-05-16 11:16:54.936,ADC pin 15 raw = 3137  voltage = 3.524 V  angle = 264.7 deg
2026-05-16 11:16:54.946,ADC pin 15 raw = 3087  voltage = 3.468 V  angle = 259.8 deg
2026-05-16 11:16:54.956,ADC pin 15 raw = 3028  voltage = 3.401 V  angle = 253.9 deg
2026-05-16 11:16:54.966,ADC pin 15 raw = 2987  voltage = 3.355 V  angle = 249.8 deg
2026-05-16 11:16:54.976,ADC pin 15 raw = 2931  voltage = 3.292 V  angle = 244.2 deg
2026-05-16 11:16:54.987,ADC pin 15 raw = 2883  voltage = 3.239 V  angle = 239.5 deg
2026-05-16 11:16:54.996,ADC pin 15 raw = 2833  voltage = 3.182 V  angle = 234.5 deg
2026-05-16 11:16:55.006,ADC pin 15 raw = 2784  voltage = 3.127 V  angle = 229.6 deg
2026-05-16 11:16:55.016,ADC pin 15 raw = 2725  voltage = 3.061 V  angle = 223.8 deg
2026-05-16 11:16:55.026,ADC pin 15 raw = 2672  voltage = 3.002 V  angle = 218.5 deg
2026-05-16 11:16:55.037,ADC pin 15 raw = 2618  voltage = 2.941 V  angle = 213.1 deg
2026-05-16 11:16:55.047,ADC pin 15 raw = 2558  voltage = 2.873 V  angle = 207.1 deg
2026-05-16 11:16:55.057,ADC pin 15 raw = 2506  voltage = 2.815 V  angle = 202.0 deg
2026-05-16 11:16:55.067,ADC pin 15 raw = 2456  voltage = 2.759 V  angle = 197.0 deg
2026-05-16 11:16:55.076,ADC pin 15 raw = 2398  voltage = 2.694 V  angle = 191.2 deg
2026-05-16 11:16:55.086,ADC pin 15 raw = 2348  voltage = 2.638 V  angle = 186.3 deg
2026-05-16 11:16:55.097,ADC pin 15 raw = 2293  voltage = 2.576 V  angle = 180.8 deg
2026-05-16 11:16:55.106,ADC pin 15 raw = 2233  voltage = 2.508 V  angle = 177.9 deg
2026-05-16 11:16:55.116,ADC pin 15 raw = 2180  voltage = 2.449 V  angle = 175.7 deg
2026-05-16 11:16:55.126,ADC pin 15 raw = 2122  voltage = 2.384 V  angle = 173.3 deg
2026-05-16 11:16:55.136,ADC pin 15 raw = 2066  voltage = 2.321 V  angle = 171.0 deg
2026-05-16 11:16:55.147,ADC pin 15 raw = 2003  voltage = 2.250 V  angle = 168.4 deg
2026-05-16 11:16:55.156,ADC pin 15 raw = 1948  voltage = 2.188 V  angle = 166.2 deg
2026-05-16 11:16:55.167,ADC pin 15 raw = 1888  voltage = 2.121 V  angle = 163.7 deg
2026-05-16 11:16:55.177,ADC pin 15 raw = 1829  voltage = 2.055 V  angle = 161.3 deg
2026-05-16 11:16:55.186,ADC pin 15 raw = 1777  voltage = 1.996 V  angle = 159.2 deg
2026-05-16 11:16:55.197,ADC pin 15 raw = 1719  voltage = 1.931 V  angle = 156.8 deg
2026-05-16 11:16:55.207,ADC pin 15 raw = 1668  voltage = 1.874 V  angle = 154.7 deg
2026-05-16 11:16:55.217,ADC pin 15 raw = 1624  voltage = 1.824 V  angle = 152.9 deg
2026-05-16 11:16:55.227,ADC pin 15 raw = 1572  voltage = 1.766 V  angle = 150.8 deg
2026-05-16 11:16:55.237,ADC pin 15 raw = 1517  voltage = 1.704 V  angle = 148.5 deg
2026-05-16 11:16:55.247,ADC pin 15 raw = 1474  voltage = 1.656 V  angle = 146.8 deg
2026-05-16 11:16:55.257,ADC pin 15 raw = 1427  voltage = 1.603 V  angle = 144.8 deg
2026-05-16 11:16:55.267,ADC pin 15 raw = 1380  voltage = 1.550 V  angle = 142.9 deg
2026-05-16 11:16:55.277,ADC pin 15 raw = 1329  voltage = 1.493 V  angle = 140.8 deg
2026-05-16 11:16:55.287,ADC pin 15 raw = 1289  voltage = 1.448 V  angle = 139.2 deg
2026-05-16 11:16:55.297,ADC pin 15 raw = 1242  voltage = 1.395 V  angle = 137.3 deg
2026-05-16 11:16:55.307,ADC pin 15 raw = 1201  voltage = 1.349 V  angle = 135.6 deg
2026-05-16 11:16:55.317,ADC pin 15 raw = 1164  voltage = 1.308 V  angle = 114.7 deg
2026-05-16 11:16:55.327,ADC pin 15 raw = 1127  voltage = 1.266 V  angle = 89.5 deg
2026-05-16 11:16:55.337,ADC pin 15 raw = 1086  voltage = 1.220 V  angle = 87.1 deg
2026-05-16 11:16:55.347,ADC pin 15 raw = 1054  voltage = 1.184 V  angle = 85.2 deg
2026-05-16 11:16:55.357,ADC pin 15 raw = 1015  voltage = 1.140 V  angle = 82.9 deg
2026-05-16 11:16:55.367,ADC pin 15 raw = 977  voltage = 1.097 V  angle = 80.7 deg
2026-05-16 11:16:55.377,ADC pin 15 raw = 951  voltage = 1.068 V  angle = 79.2 deg
2026-05-16 11:16:55.387,ADC pin 15 raw = 913  voltage = 1.026 V  angle = 77.0 deg
2026-05-16 11:16:55.397,ADC pin 15 raw = 880  voltage = 0.989 V  angle = 75.1 deg
2026-05-16 11:16:55.408,ADC pin 15 raw = 850  voltage = 0.955 V  angle = 73.3 deg
2026-05-16 11:16:55.417,ADC pin 15 raw = 815  voltage = 0.916 V  angle = 71.3 deg
2026-05-16 11:16:55.427,ADC pin 15 raw = 773  voltage = 0.868 V  angle = 68.8 deg
2026-05-16 11:16:55.437,ADC pin 15 raw = 742  voltage = 0.834 V  angle = 67.0 deg
2026-05-16 11:16:55.447,ADC pin 15 raw = 696  voltage = 0.782 V  angle = 64.3 deg
2026-05-16 11:16:55.457,ADC pin 15 raw = 657  voltage = 0.738 V  angle = 62.0 deg
2026-05-16 11:16:55.467,ADC pin 15 raw = 607  voltage = 0.682 V  angle = 59.1 deg
2026-05-16 11:16:55.477,ADC pin 15 raw = 562  voltage = 0.631 V  angle = 56.5 deg
2026-05-16 11:16:55.487,ADC pin 15 raw = 508  voltage = 0.571 V  angle = 53.3 deg
2026-05-16 11:16:55.497,ADC pin 15 raw = 461  voltage = 0.518 V  angle = 50.6 deg
2026-05-16 11:16:55.508,ADC pin 15 raw = 418  voltage = 0.470 V  angle = 48.1 deg
2026-05-16 11:16:55.517,ADC pin 15 raw = 369  voltage = 0.415 V  angle = 45.2 deg
2026-05-16 11:16:55.527,ADC pin 15 raw = 314  voltage = 0.353 V  angle = 38.7 deg
2026-05-16 11:16:55.537,ADC pin 15 raw = 267  voltage = 0.300 V  angle = 32.9 deg
2026-05-16 11:16:55.547,ADC pin 15 raw = 207  voltage = 0.233 V  angle = 25.5 deg
2026-05-16 11:16:55.558,ADC pin 15 raw = 145  voltage = 0.163 V  angle = 17.9 deg
2026-05-16 11:16:55.567,ADC pin 15 raw = 68  voltage = 0.076 V  angle = 8.4 deg
2026-05-16 11:16:55.577,ADC pin 15 raw = 48  voltage = 0.054 V  angle = 5.9 deg
2026-05-16 11:16:55.587,ADC pin 15 raw = 46  voltage = 0.052 V  angle = 5.7 deg
2026-05-16 11:16:55.597,ADC pin 15 raw = 44  voltage = 0.049 V  angle = 5.4 deg
2026-05-16 11:16:55.607,ADC pin 15 raw = 47  voltage = 0.053 V  angle = 5.8 deg
2026-05-16 11:16:55.617,ADC pin 15 raw = 45  voltage = 0.051 V  angle = 5.5 deg
2026-05-16 11:16:55.627,ADC pin 15 raw = 45  voltage = 0.051 V  angle = 5.5 deg
2026-05-16 11:16:55.637,ADC pin 15 raw = 45  voltage = 0.051 V  angle = 5.5 deg
2026-05-16 11:16:55.647,ADC pin 15 raw = 41  voltage = 0.046 V  angle = 5.1 deg
2026-05-16 11:16:55.658,ADC pin 15 raw = 44  voltage = 0.049 V  angle = 5.4 deg
2026-05-16 11:16:55.667,ADC pin 15 raw = 46  voltage = 0.052 V  angle = 5.7 deg
2026-05-16 11:16:55.677,ADC pin 15 raw = 46  voltage = 0.052 V  angle = 5.7 deg
2026-05-16 11:16:55.687,ADC pin 15 raw = 46  voltage = 0.052 V  angle = 5.7 deg
2026-05-16 11:16:55.697,ADC pin 15 raw = 45  voltage = 0.051 V  angle = 5.5 deg
2026-05-16 11:16:55.707,ADC pin 15 raw = 46  voltage = 0.052 V  angle = 5.7 deg
2026-05-16 11:16:55.717,ADC pin 15 raw = 46  voltage = 0.052 V  angle = 5.7 deg
2026-05-16 11:16:55.727,ADC pin 15 raw = 45  voltage = 0.051 V  angle = 5.5 deg
2026-05-16 11:16:55.737,ADC pin 15 raw = 42  voltage = 0.047 V  angle = 5.2 deg
2026-05-16 11:16:55.747,ADC pin 15 raw = 44  voltage = 0.049 V  angle = 5.4 deg
2026-05-16 11:16:55.757,ADC pin 15 raw = 44  voltage = 0.049 V  angle = 5.4 deg
2026-05-16 11:16:55.767,ADC pin 15 raw = 44  voltage = 0.049 V  angle = 5.4 deg
2026-05-16 11:16:55.777,ADC pin 15 raw = 44  voltage = 0.049 V  angle = 5.4 deg
2026-05-16 11:16:55.787,ADC pin 15 raw = 47  voltage = 0.053 V  angle = 5.8 deg
2026-05-16 11:16:55.797,ADC pin 15 raw = 42  voltage = 0.047 V  angle = 5.2 deg
2026-05-16 11:16:55.808,ADC pin 15 raw = 45  voltage = 0.051 V  angle = 5.5 deg
2026-05-16 11:16:55.817,ADC pin 15 raw = 44  voltage = 0.049 V  angle = 5.4 deg
2026-05-16 11:16:55.827,ADC pin 15 raw = 45  voltage = 0.051 V  angle = 5.5 deg
2026-05-16 11:16:55.837,ADC pin 15 raw = 43  voltage = 0.048 V  angle = 5.3 deg
2026-05-16 11:16:55.847,ADC pin 15 raw = 44  voltage = 0.049 V  angle = 5.4 deg
2026-05-16 11:16:55.857,ADC pin 15 raw = 45  voltage = 0.051 V  angle = 5.5 deg
2026-05-16 11:16:55.867,ADC pin 15 raw = 45  voltage = 0.051 V  angle = 5.5 deg
2026-05-16 11:16:55.877,ADC pin 15 raw = 45  voltage = 0.051 V  angle = 5.5 deg
2026-05-16 11:16:55.887,ADC pin 15 raw = 47  voltage = 0.053 V  angle = 5.8 deg
2026-05-16 11:16:55.897,ADC pin 15 raw = 47  voltage = 0.053 V  angle = 5.8 deg
2026-05-16 11:16:55.907,ADC pin 15 raw = 47  voltage = 0.053 V  angle = 5.8 deg
2026-05-16 11:16:55.917,ADC pin 15 raw = 48  voltage = 0.054 V  angle = 5.9 deg
2026-05-16 11:16:55.927,ADC pin 15 raw = 45  voltage = 0.051 V  angle = 5.5 deg
2026-05-16 11:16:55.937,ADC pin 15 raw = 46  voltage = 0.052 V  angle = 5.7 deg
2026-05-16 11:16:55.947,ADC pin 15 raw = 47  voltage = 0.053 V  angle = 5.8 deg
2026-05-16 11:16:55.958,ADC pin 15 raw = 47  voltage = 0.053 V  angle = 5.8 deg
2026-05-16 11:16:55.967,ADC pin 15 raw = 46  voltage = 0.052 V  angle = 5.7 deg
2026-05-16 11:16:55.977,ADC pin 15 raw = 44  voltage = 0.049 V  angle = 5.4 deg
2026-05-16 11:16:55.986,ADC pin 15 raw = 48  voltage = 0.054 V  angle = 5.9 deg
2026-05-16 11:16:55.996,ADC pin 15 raw = 46  voltage = 0.052 V  angle = 5.7 deg
2026-05-16 11:16:56.007,ADC pin 15 raw = 46  voltage = 0.052 V  angle = 5.7 deg
2026-05-16 11:16:56.016,ADC pin 15 raw = 44  voltage = 0.049 V  angle = 5.4 deg
2026-05-16 11:16:56.026,ADC pin 15 raw = 49  voltage = 0.055 V  angle = 6.0 deg
2026-05-16 11:16:56.036,ADC pin 15 raw = 49  voltage = 0.055 V  angle = 6.0 deg
2026-05-16 11:16:56.046,ADC pin 15 raw = 55  voltage = 0.062 V  angle = 6.8 deg
2026-05-16 11:16:56.056,ADC pin 15 raw = 68  voltage = 0.076 V  angle = 8.4 deg
2026-05-16 11:16:56.066,ADC pin 15 raw = 89  voltage = 0.100 V  angle = 11.0 deg
2026-05-16 11:16:56.076,ADC pin 15 raw = 137  voltage = 0.154 V  angle = 16.9 deg
2026-05-16 11:16:56.086,ADC pin 15 raw = 178  voltage = 0.200 V  angle = 21.9 deg
2026-05-16 11:16:56.097,ADC pin 15 raw = 239  voltage = 0.268 V  angle = 29.5 deg
2026-05-16 11:16:56.106,ADC pin 15 raw = 282  voltage = 0.317 V  angle = 34.8 deg
2026-05-16 11:16:56.117,ADC pin 15 raw = 328  voltage = 0.368 V  angle = 40.4 deg
2026-05-16 11:16:56.126,ADC pin 15 raw = 389  voltage = 0.437 V  angle = 46.4 deg
2026-05-16 11:16:56.137,ADC pin 15 raw = 431  voltage = 0.484 V  angle = 48.9 deg
2026-05-16 11:16:56.173,ADC pin 15 raw = 479  voltage = 0.538 V  angle = 51.7 deg
2026-05-16 11:16:56.174,ADC pin 15 raw = 535  voltage = 0.601 V  angle = 54.9 deg
2026-05-16 11:16:56.174,ADC pin 15 raw = 583  voltage = 0.655 V  angle = 57.7 deg
2026-05-16 11:16:56.176,ADC pin 15 raw = 633  voltage = 0.711 V  angle = 60.6 deg
2026-05-16 11:16:56.186,ADC pin 15 raw = 678  voltage = 0.762 V  angle = 63.3 deg
2026-05-16 11:16:56.196,ADC pin 15 raw = 727  voltage = 0.817 V  angle = 66.1 deg
2026-05-16 11:16:56.206,ADC pin 15 raw = 778  voltage = 0.874 V  angle = 69.1 deg
2026-05-16 11:16:56.217,ADC pin 15 raw = 824  voltage = 0.926 V  angle = 71.8 deg
2026-05-16 11:16:56.226,ADC pin 15 raw = 870  voltage = 0.977 V  angle = 74.5 deg
2026-05-16 11:16:56.236,ADC pin 15 raw = 916  voltage = 1.029 V  angle = 77.2 deg
2026-05-16 11:16:56.246,ADC pin 15 raw = 961  voltage = 1.080 V  angle = 79.8 deg
2026-05-16 11:16:56.256,ADC pin 15 raw = 1006  voltage = 1.130 V  angle = 82.4 deg
2026-05-16 11:16:56.267,ADC pin 15 raw = 1050  voltage = 1.179 V  angle = 85.0 deg
2026-05-16 11:16:56.276,ADC pin 15 raw = 1097  voltage = 1.232 V  angle = 87.7 deg
2026-05-16 11:16:56.287,ADC pin 15 raw = 1136  voltage = 1.276 V  angle = 90.0 deg
2026-05-16 11:16:56.297,ADC pin 15 raw = 1191  voltage = 1.338 V  angle = 135.2 deg
2026-05-16 11:16:56.307,ADC pin 15 raw = 1232  voltage = 1.384 V  angle = 136.8 deg
2026-05-16 11:16:56.317,ADC pin 15 raw = 1276  voltage = 1.433 V  angle = 138.6 deg
2026-05-16 11:16:56.327,ADC pin 15 raw = 1321  voltage = 1.484 V  angle = 140.5 deg
2026-05-16 11:16:56.337,ADC pin 15 raw = 1356  voltage = 1.523 V  angle = 141.9 deg
2026-05-16 11:16:56.347,ADC pin 15 raw = 1391  voltage = 1.563 V  angle = 143.4 deg
2026-05-16 11:16:56.357,ADC pin 15 raw = 1422  voltage = 1.597 V  angle = 144.6 deg
2026-05-16 11:16:56.367,ADC pin 15 raw = 1450  voltage = 1.629 V  angle = 145.8 deg
2026-05-16 11:16:56.377,ADC pin 15 raw = 1475  voltage = 1.657 V  angle = 146.8 deg
2026-05-16 11:16:56.387,ADC pin 15 raw = 1503  voltage = 1.688 V  angle = 148.0 deg
2026-05-16 11:16:56.397,ADC pin 15 raw = 1532  voltage = 1.721 V  angle = 149.1 deg
2026-05-16 11:16:56.407,ADC pin 15 raw = 1550  voltage = 1.741 V  angle = 149.9 deg
2026-05-16 11:16:56.417,ADC pin 15 raw = 1585  voltage = 1.780 V  angle = 151.3 deg
2026-05-16 11:16:56.427,ADC pin 15 raw = 1608  voltage = 1.806 V  angle = 152.3 deg
2026-05-16 11:16:56.437,ADC pin 15 raw = 1627  voltage = 1.828 V  angle = 153.0 deg
2026-05-16 11:16:56.447,ADC pin 15 raw = 1642  voltage = 1.844 V  angle = 153.6 deg
2026-05-16 11:16:56.457,ADC pin 15 raw = 1661  voltage = 1.866 V  angle = 154.4 deg
2026-05-16 11:16:56.467,ADC pin 15 raw = 1675  voltage = 1.882 V  angle = 155.0 deg
2026-05-16 11:16:56.477,ADC pin 15 raw = 1685  voltage = 1.893 V  angle = 155.4 deg
2026-05-16 11:16:56.487,ADC pin 15 raw = 1696  voltage = 1.905 V  angle = 155.9 deg
2026-05-16 11:16:56.497,ADC pin 15 raw = 1703  voltage = 1.913 V  angle = 156.1 deg
2026-05-16 11:16:56.508,ADC pin 15 raw = 1721  voltage = 1.933 V  angle = 156.9 deg
2026-05-16 11:16:56.517,ADC pin 15 raw = 1728  voltage = 1.941 V  angle = 157.2 deg
2026-05-16 11:16:56.527,ADC pin 15 raw = 1743  voltage = 1.958 V  angle = 157.8 deg
2026-05-16 11:16:56.537,ADC pin 15 raw = 1752  voltage = 1.968 V  angle = 158.2 deg
2026-05-16 11:16:56.547,ADC pin 15 raw = 1763  voltage = 1.980 V  angle = 158.6 deg
2026-05-16 11:16:56.557,ADC pin 15 raw = 1776  voltage = 1.995 V  angle = 159.1 deg
2026-05-16 11:16:56.567,ADC pin 15 raw = 1790  voltage = 2.011 V  angle = 159.7 deg
2026-05-16 11:16:56.577,ADC pin 15 raw = 1808  voltage = 2.031 V  angle = 160.5 deg
2026-05-16 11:16:56.587,ADC pin 15 raw = 1811  voltage = 2.034 V  angle = 160.6 deg
2026-05-16 11:16:56.597,ADC pin 15 raw = 1829  voltage = 2.055 V  angle = 161.3 deg
2026-05-16 11:16:56.607,ADC pin 15 raw = 1839  voltage = 2.066 V  angle = 161.7 deg
2026-05-16 11:16:56.617,ADC pin 15 raw = 1852  voltage = 2.080 V  angle = 162.3 deg
2026-05-16 11:16:56.627,ADC pin 15 raw = 1864  voltage = 2.094 V  angle = 162.7 deg
2026-05-16 11:16:56.637,ADC pin 15 raw = 1877  voltage = 2.108 V  angle = 163.3 deg
2026-05-16 11:16:56.647,ADC pin 15 raw = 1894  voltage = 2.128 V  angle = 164.0 deg
2026-05-16 11:16:56.657,ADC pin 15 raw = 1911  voltage = 2.147 V  angle = 164.7 deg
2026-05-16 11:16:56.667,ADC pin 15 raw = 1925  voltage = 2.162 V  angle = 165.2 deg
2026-05-16 11:16:56.677,ADC pin 15 raw = 1948  voltage = 2.188 V  angle = 166.2 deg
2026-05-16 11:16:56.687,ADC pin 15 raw = 1962  voltage = 2.204 V  angle = 166.8 deg
2026-05-16 11:16:56.697,ADC pin 15 raw = 1975  voltage = 2.219 V  angle = 167.3 deg
2026-05-16 11:16:56.707,ADC pin 15 raw = 1998  voltage = 2.244 V  angle = 168.2 deg
2026-05-16 11:16:56.717,ADC pin 15 raw = 2013  voltage = 2.261 V  angle = 168.9 deg
2026-05-16 11:16:56.727,ADC pin 15 raw = 2035  voltage = 2.286 V  angle = 169.8 deg
2026-05-16 11:16:56.737,ADC pin 15 raw = 2061  voltage = 2.315 V  angle = 170.8 deg
2026-05-16 11:16:56.747,ADC pin 15 raw = 2090  voltage = 2.348 V  angle = 172.0 deg
2026-05-16 11:16:56.757,ADC pin 15 raw = 2113  voltage = 2.374 V  angle = 173.0 deg
2026-05-16 11:16:56.767,ADC pin 15 raw = 2132  voltage = 2.395 V  angle = 173.7 deg
2026-05-16 11:16:56.777,ADC pin 15 raw = 2159  voltage = 2.425 V  angle = 174.8 deg
2026-05-16 11:16:56.787,ADC pin 15 raw = 2178  voltage = 2.447 V  angle = 175.6 deg
2026-05-16 11:16:56.797,ADC pin 15 raw = 2208  voltage = 2.480 V  angle = 176.8 deg
2026-05-16 11:16:56.808,ADC pin 15 raw = 2229  voltage = 2.504 V  angle = 177.7 deg
2026-05-16 11:16:56.817,ADC pin 15 raw = 2255  voltage = 2.533 V  angle = 178.8 deg
2026-05-16 11:16:56.827,ADC pin 15 raw = 2281  voltage = 2.562 V  angle = 179.8 deg
2026-05-16 11:16:56.837,ADC pin 15 raw = 2303  voltage = 2.587 V  angle = 181.8 deg
2026-05-16 11:16:56.847,ADC pin 15 raw = 2331  voltage = 2.618 V  angle = 184.6 deg
2026-05-16 11:16:56.857,ADC pin 15 raw = 2347  voltage = 2.636 V  angle = 186.2 deg
2026-05-16 11:16:56.867,ADC pin 15 raw = 2371  voltage = 2.663 V  angle = 188.6 deg
2026-05-16 11:16:56.877,ADC pin 15 raw = 2388  voltage = 2.682 V  angle = 190.2 deg
2026-05-16 11:16:56.887,ADC pin 15 raw = 2421  voltage = 2.720 V  angle = 193.5 deg
2026-05-16 11:16:56.897,ADC pin 15 raw = 2437  voltage = 2.738 V  angle = 195.1 deg
2026-05-16 11:16:56.907,ADC pin 15 raw = 2474  voltage = 2.779 V  angle = 198.8 deg
2026-05-16 11:16:56.917,ADC pin 15 raw = 2488  voltage = 2.795 V  angle = 200.2 deg
2026-05-16 11:16:56.927,ADC pin 15 raw = 2510  voltage = 2.820 V  angle = 202.4 deg
2026-05-16 11:16:56.937,ADC pin 15 raw = 2534  voltage = 2.846 V  angle = 204.8 deg
2026-05-16 11:16:56.947,ADC pin 15 raw = 2559  voltage = 2.875 V  angle = 207.2 deg
2026-05-16 11:16:56.957,ADC pin 15 raw = 2598  voltage = 2.918 V  angle = 211.1 deg
2026-05-16 11:16:56.967,ADC pin 15 raw = 2630  voltage = 2.954 V  angle = 214.3 deg
2026-05-16 11:16:56.977,ADC pin 15 raw = 2650  voltage = 2.977 V  angle = 216.3 deg
2026-05-16 11:16:56.987,ADC pin 15 raw = 2691  voltage = 3.023 V  angle = 220.4 deg
2026-05-16 11:16:56.997,ADC pin 15 raw = 2723  voltage = 3.059 V  angle = 223.6 deg
2026-05-16 11:16:57.007,ADC pin 15 raw = 2751  voltage = 3.090 V  angle = 226.3 deg
2026-05-16 11:16:57.017,ADC pin 15 raw = 2787  voltage = 3.131 V  angle = 229.9 deg
2026-05-16 11:16:57.027,ADC pin 15 raw = 2824  voltage = 3.172 V  angle = 233.6 deg
2026-05-16 11:16:57.037,ADC pin 15 raw = 2835  voltage = 3.185 V  angle = 234.7 deg
2026-05-16 11:16:57.047,ADC pin 15 raw = 2873  voltage = 3.227 V  angle = 238.5 deg
2026-05-16 11:16:57.057,ADC pin 15 raw = 2907  voltage = 3.265 V  angle = 241.9 deg
2026-05-16 11:16:57.067,ADC pin 15 raw = 2939  voltage = 3.301 V  angle = 245.0 deg
2026-05-16 11:16:57.077,ADC pin 15 raw = 2969  voltage = 3.335 V  angle = 248.0 deg
2026-05-16 11:16:57.087,ADC pin 15 raw = 3006  voltage = 3.377 V  angle = 251.7 deg
2026-05-16 11:16:57.097,ADC pin 15 raw = 3043  voltage = 3.418 V  angle = 255.4 deg
2026-05-16 11:16:57.107,ADC pin 15 raw = 3069  voltage = 3.447 V  angle = 258.0 deg
2026-05-16 11:16:57.117,ADC pin 15 raw = 3111  voltage = 3.495 V  angle = 262.1 deg
2026-05-16 11:16:57.127,ADC pin 15 raw = 3137  voltage = 3.524 V  angle = 264.7 deg
2026-05-16 11:16:57.137,ADC pin 15 raw = 3166  voltage = 3.556 V  angle = 267.6 deg
2026-05-16 11:16:57.147,ADC pin 15 raw = 3204  voltage = 3.599 V  angle = 271.4 deg
2026-05-16 11:16:57.157,ADC pin 15 raw = 3230  voltage = 3.628 V  angle = 274.0 deg
2026-05-16 11:16:57.167,ADC pin 15 raw = 3266  voltage = 3.669 V  angle = 277.6 deg
2026-05-16 11:16:57.177,ADC pin 15 raw = 3313  voltage = 3.722 V  angle = 282.2 deg
2026-05-16 11:16:57.187,ADC pin 15 raw = 3345  voltage = 3.758 V  angle = 285.4 deg
2026-05-16 11:16:57.197,ADC pin 15 raw = 3387  voltage = 3.805 V  angle = 289.6 deg
2026-05-16 11:16:57.207,ADC pin 15 raw = 3429  voltage = 3.852 V  angle = 293.8 deg
2026-05-16 11:16:57.218,ADC pin 15 raw = 3473  voltage = 3.901 V  angle = 298.1 deg
2026-05-16 11:16:57.227,ADC pin 15 raw = 3523  voltage = 3.957 V  angle = 303.1 deg
2026-05-16 11:16:57.237,ADC pin 15 raw = 3570  voltage = 4.010 V  angle = 307.8 deg
2026-05-16 11:16:57.247,ADC pin 15 raw = 3644  voltage = 4.093 V  angle = 315.1 deg
2026-05-16 11:16:57.257,ADC pin 15 raw = 3695  voltage = 4.151 V  angle = 320.2 deg
2026-05-16 11:16:57.267,ADC pin 15 raw = 3765  voltage = 4.229 V  angle = 327.2 deg
2026-05-16 11:16:57.277,ADC pin 15 raw = 3826  voltage = 4.298 V  angle = 333.2 deg
2026-05-16 11:16:57.287,ADC pin 15 raw = 3916  voltage = 4.399 V  angle = 342.2 deg
2026-05-16 11:16:57.297,ADC pin 15 raw = 3995  voltage = 4.488 V  angle = 350.1 deg
2026-05-16 11:16:57.309,ADC pin 15 raw = 4085  voltage = 4.589 V  angle = 359.0 deg
2026-05-16 11:16:57.317,ADC pin 15 raw = 4095  voltage = 4.600 V  angle = 360.0 deg
2026-05-16 11:16:57.327,ADC pin 15 raw = 4095  voltage = 4.600 V  angle = 360.0 deg
2026-05-16 11:16:57.337,ADC pin 15 raw = 4095  voltage = 4.600 V  angle = 360.0 deg
2026-05-16 11:16:57.347,ADC pin 15 raw = 4095  voltage = 4.600 V  angle = 360.0 deg
2026-05-16 11:16:57.357,ADC pin 15 raw = 4095  voltage = 4.600 V  angle = 360.0 deg
2026-05-16 11:16:57.367,ADC pin 15 raw = 4095  voltage = 4.600 V  angle = 360.0 deg
2026-05-16 11:16:57.377,ADC pin 15 raw = 4095  voltage = 4.600 V  angle = 360.0 deg
2026-05-16 11:16:57.387,ADC pin 15 raw = 4095  voltage = 4.600 V  angle = 360.0 deg
2026-05-16 11:16:57.397,ADC pin 15 raw = 4095  voltage = 4.600 V  angle = 360.0 deg
2026-05-16 11:16:57.408,ADC pin 15 raw = 4095  voltage = 4.600 V  angle = 360.0 deg
2026-05-16 11:16:57.417,ADC pin 15 raw = 4095  voltage = 4.600 V  angle = 360.0 deg
2026-05-16 11:16:57.427,ADC pin 15 raw = 4095  voltage = 4.600 V  angle = 360.0 deg
2026-05-16 11:16:57.437,ADC pin 15 raw = 4095  voltage = 4.600 V  angle = 360.0 deg
2026-05-16 11:16:57.447,ADC pin 15 raw = 4095  voltage = 4.600 V  angle = 360.0 deg
2026-05-16 11:16:57.457,ADC pin 15 raw = 4095  voltage = 4.600 V  angle = 360.0 deg
2026-05-16 11:16:57.467,ADC pin 15 raw = 4095  voltage = 4.600 V  angle = 360.0 deg
2026-05-16 11:16:57.477,ADC pin 15 raw = 4095  voltage = 4.600 V  angle = 360.0 deg
2026-05-16 11:16:57.487,ADC pin 15 raw = 4095  voltage = 4.600 V  angle = 360.0 deg
2026-05-16 11:16:57.497,ADC pin 15 raw = 4095  voltage = 4.600 V  angle = 360.0 deg
2026-05-16 11:16:57.508,ADC pin 15 raw = 4095  voltage = 4.600 V  angle = 360.0 deg
2026-05-16 11:16:57.517,ADC pin 15 raw = 4095  voltage = 4.600 V  angle = 360.0 deg
2026-05-16 11:16:57.527,ADC pin 15 raw = 4095  voltage = 4.600 V  angle = 360.0 deg
2026-05-16 11:16:57.537,ADC pin 15 raw = 4095  voltage = 4.600 V  angle = 360.0 deg
2026-05-16 11:16:57.547,ADC pin 15 raw = 4095  voltage = 4.600 V  angle = 360.0 deg
2026-05-16 11:16:57.558,ADC pin 15 raw = 4095  voltage = 4.600 V  angle = 360.0 deg
2026-05-16 11:16:57.567,ADC pin 15 raw = 4095  voltage = 4.600 V  angle = 360.0 deg
2026-05-16 11:16:57.577,ADC pin 15 raw = 4095  voltage = 4.600 V  angle = 360.0 deg
2026-05-16 11:16:57.587,ADC pin 15 raw = 4095  voltage = 4.600 V  angle = 360.0 deg
2026-05-16 11:16:57.597,ADC pin 15 raw = 4095  voltage = 4.600 V  angle = 360.0 deg
2026-05-16 11:16:57.607,ADC pin 15 raw = 4095  voltage = 4.600 V  angle = 360.0 deg
2026-05-16 11:16:57.617,ADC pin 15 raw = 4095  voltage = 4.600 V  angle = 360.0 deg
2026-05-16 11:16:57.627,ADC pin 15 raw = 4095  voltage = 4.600 V  angle = 360.0 deg
2026-05-16 11:16:57.637,ADC pin 15 raw = 4095  voltage = 4.600 V  angle = 360.0 deg
2026-05-16 11:16:57.647,ADC pin 15 raw = 4095  voltage = 4.600 V  angle = 360.0 deg
2026-05-16 11:16:57.657,ADC pin 15 raw = 4095  voltage = 4.600 V  angle = 360.0 deg
2026-05-16 11:16:57.667,ADC pin 15 raw = 4095  voltage = 4.600 V  angle = 360.0 deg
2026-05-16 11:16:57.677,ADC pin 15 raw = 4095  voltage = 4.600 V  angle = 360.0 deg
2026-05-16 11:16:57.687,ADC pin 15 raw = 4095  voltage = 4.600 V  angle = 360.0 deg
2026-05-16 11:16:57.697,ADC pin 15 raw = 4095  voltage = 4.600 V  angle = 360.0 deg
2026-05-16 11:16:57.708,ADC pin 15 raw = 4095  voltage = 4.600 V  angle = 360.0 deg
2026-05-16 11:16:57.717,ADC pin 15 raw = 4095  voltage = 4.600 V  angle = 360.0 deg
2026-05-16 11:16:57.727,ADC pin 15 raw = 4095  voltage = 4.600 V  angle = 360.0 deg
2026-05-16 11:16:57.737,ADC pin 15 raw = 4095  voltage = 4.600 V  angle = 360.0 deg
2026-05-16 11:16:57.747,ADC pin 15 raw = 4095  voltage = 4.600 V  angle = 360.0 deg
2026-05-16 11:16:57.758,ADC pin 15 raw = 4095  voltage = 4.600 V  angle = 360.0 deg
2026-05-16 11:16:57.767,ADC pin 15 raw = 4095  voltage = 4.600 V  angle = 360.0 deg
2026-05-16 11:16:57.777,ADC pin 15 raw = 4095  voltage = 4.600 V  angle = 360.0 deg
2026-05-16 11:16:57.787,ADC pin 15 raw = 4095  voltage = 4.600 V  angle = 360.0 deg
2026-05-16 11:16:57.797,ADC pin 15 raw = 4095  voltage = 4.600 V  angle = 360.0 deg
2026-05-16 11:16:57.808,ADC pin 15 raw = 4095  voltage = 4.600 V  angle = 360.0 deg
2026-05-16 11:16:57.817,ADC pin 15 raw = 4095  voltage = 4.600 V  angle = 360.0 deg
2026-05-16 11:16:57.827,ADC pin 15 raw = 4095  voltage = 4.600 V  angle = 360.0 deg
2026-05-16 11:16:57.837,ADC pin 15 raw = 4095  voltage = 4.600 V  angle = 360.0 deg
2026-05-16 11:16:57.847,ADC pin 15 raw = 4095  voltage = 4.600 V  angle = 360.0 deg
2026-05-16 11:16:57.866,ADC pin 15 raw = 4095  voltage = 4.600 V  angle = 360.0 deg
2026-05-16 11:16:57.869,ADC pin 15 raw = 4095  voltage = 4.600 V  angle = 360.0 deg
2026-05-16 11:16:57.876,ADC pin 15 raw = 4095  voltage = 4.600 V  angle = 360.0 deg
2026-05-16 11:16:57.887,ADC pin 15 raw = 4095  voltage = 4.600 V  angle = 360.0 deg
2026-05-16 11:16:57.896,ADC pin 15 raw = 4095  voltage = 4.600 V  angle = 360.0 deg
2026-05-16 11:16:57.906,ADC pin 15 raw = 4095  voltage = 4.600 V  angle = 360.0 deg
2026-05-16 11:16:57.917,ADC pin 15 raw = 4095  voltage = 4.600 V  angle = 360.0 deg
2026-05-16 11:16:57.926,ADC pin 15 raw = 4095  voltage = 4.600 V  angle = 360.0 deg
2026-05-16 11:16:57.937,ADC pin 15 raw = 4095  voltage = 4.600 V  angle = 360.0 deg
2026-05-16 11:16:57.947,ADC pin 15 raw = 4095  voltage = 4.600 V  angle = 360.0 deg
2026-05-16 11:16:57.957,ADC pin 15 raw = 4095  voltage = 4.600 V  angle = 360.0 deg
2026-05-16 11:16:57.967,ADC pin 15 raw = 4095  voltage = 4.600 V  angle = 360.0 deg
2026-05-16 11:16:57.977,ADC pin 15 raw = 4095  voltage = 4.600 V  angle = 360.0 deg
2026-05-16 11:16:57.987,ADC pin 15 raw = 4095  voltage = 4.600 V  angle = 360.0 deg
2026-05-16 11:16:57.997,ADC pin 15 raw = 4095  voltage = 4.600 V  angle = 360.0 deg
2026-05-16 11:16:58.007,ADC pin 15 raw = 4095  voltage = 4.600 V  angle = 360.0 deg
2026-05-16 11:16:58.017,ADC pin 15 raw = 4095  voltage = 4.600 V  angle = 360.0 deg
2026-05-16 11:16:58.027,ADC pin 15 raw = 4095  voltage = 4.600 V  angle = 360.0 deg
2026-05-16 11:16:58.037,ADC pin 15 raw = 4095  voltage = 4.600 V  angle = 360.0 deg
2026-05-16 11:16:58.047,ADC pin 15 raw = 4095  voltage = 4.600 V  angle = 360.0 deg
2026-05-16 11:16:58.057,ADC pin 15 raw = 4095  voltage = 4.600 V  angle = 360.0 deg
2026-05-16 11:16:58.067,ADC pin 15 raw = 4095  voltage = 4.600 V  angle = 360.0 deg
2026-05-16 11:16:58.077,ADC pin 15 raw = 4095  voltage = 4.600 V  angle = 360.0 deg
2026-05-16 11:16:58.087,ADC pin 15 raw = 4095  voltage = 4.600 V  angle = 360.0 deg
2026-05-16 11:16:58.097,ADC pin 15 raw = 4095  voltage = 4.600 V  angle = 360.0 deg
2026-05-16 11:16:58.107,ADC pin 15 raw = 4095  voltage = 4.600 V  angle = 360.0 deg
2026-05-16 11:16:58.117,ADC pin 15 raw = 4095  voltage = 4.600 V  angle = 360.0 deg
2026-05-16 11:16:58.127,ADC pin 15 raw = 4095  voltage = 4.600 V  angle = 360.0 deg
2026-05-16 11:16:58.137,ADC pin 15 raw = 4095  voltage = 4.600 V  angle = 360.0 deg
2026-05-16 11:16:58.147,ADC pin 15 raw = 4095  voltage = 4.600 V  angle = 360.0 deg
2026-05-16 11:16:58.157,ADC pin 15 raw = 4095  voltage = 4.600 V  angle = 360.0 deg
2026-05-16 11:16:58.167,ADC pin 15 raw = 4095  voltage = 4.600 V  angle = 360.0 deg
2026-05-16 11:16:58.177,ADC pin 15 raw = 4095  voltage = 4.600 V  angle = 360.0 deg
2026-05-16 11:16:58.187,ADC pin 15 raw = 4095  voltage = 4.600 V  angle = 360.0 deg
2026-05-16 11:16:58.197,ADC pin 15 raw = 4095  voltage = 4.600 V  angle = 360.0 deg
2026-05-16 11:16:58.206,ADC pin 15 raw = 4095  voltage = 4.600 V  angle = 360.0 deg
2026-05-16 11:16:58.217,ADC pin 15 raw = 4095  voltage = 4.600 V  angle = 360.0 deg
2026-05-16 11:16:58.227,ADC pin 15 raw = 4095  voltage = 4.600 V  angle = 360.0 deg
2026-05-16 11:16:58.237,ADC pin 15 raw = 4095  voltage = 4.600 V  angle = 360.0 deg
2026-05-16 11:16:58.247,ADC pin 15 raw = 4095  voltage = 4.600 V  angle = 360.0 deg
2026-05-16 11:16:58.256,ADC pin 15 raw = 4095  voltage = 4.600 V  angle = 360.0 deg
2026-05-16 11:16:58.267,ADC pin 15 raw = 4095  voltage = 4.600 V  angle = 360.0 deg
2026-05-16 11:16:58.277,ADC pin 15 raw = 4095  voltage = 4.600 V  angle = 360.0 deg
2026-05-16 11:16:58.287,ADC pin 15 raw = 4095  voltage = 4.600 V  angle = 360.0 deg
2026-05-16 11:16:58.297,ADC pin 15 raw = 4095  voltage = 4.600 V  angle = 360.0 deg
2026-05-16 11:16:58.307,ADC pin 15 raw = 4095  voltage = 4.600 V  angle = 360.0 deg
2026-05-16 11:16:58.317,ADC pin 15 raw = 4095  voltage = 4.600 V  angle = 360.0 deg
2026-05-16 11:16:58.327,ADC pin 15 raw = 4095  voltage = 4.600 V  angle = 360.0 deg
2026-05-16 11:16:58.337,ADC pin 15 raw = 4095  voltage = 4.600 V  angle = 360.0 deg
2026-05-16 11:16:58.347,ADC pin 15 raw = 4095  voltage = 4.600 V  angle = 360.0 deg
2026-05-16 11:16:58.357,ADC pin 15 raw = 4095  voltage = 4.600 V  angle = 360.0 deg
2026-05-16 11:16:58.367,ADC pin 15 raw = 4095  voltage = 4.600 V  angle = 360.0 deg
2026-05-16 11:16:58.377,ADC pin 15 raw = 4095  voltage = 4.600 V  angle = 360.0 deg
2026-05-16 11:16:58.387,ADC pin 15 raw = 4095  voltage = 4.600 V  angle = 360.0 deg
2026-05-16 11:16:58.397,ADC pin 15 raw = 4095  voltage = 4.600 V  angle = 360.0 deg
2026-05-16 11:16:58.407,ADC pin 15 raw = 4095  voltage = 4.600 V  angle = 360.0 deg
2026-05-16 11:16:58.417,ADC pin 15 raw = 4095  voltage = 4.600 V  angle = 360.0 deg
2026-05-16 11:16:58.427,ADC pin 15 raw = 4095  voltage = 4.600 V  angle = 360.0 deg
2026-05-16 11:16:58.437,ADC pin 15 raw = 4095  voltage = 4.600 V  angle = 360.0 deg
2026-05-16 11:16:58.446,ADC pin 15 raw = 4095  voltage = 4.600 V  angle = 360.0 deg
2026-05-16 11:16:58.456,ADC pin 15 raw = 4095  voltage = 4.600 V  angle = 360.0 deg
2026-05-16 11:16:58.467,ADC pin 15 raw = 4095  voltage = 4.600 V  angle = 360.0 deg
2026-05-16 11:16:58.476,ADC pin 15 raw = 4095  voltage = 4.600 V  angle = 360.0 deg
2026-05-16 11:16:58.486,ADC pin 15 raw = 4095  voltage = 4.600 V  angle = 360.0 deg
2026-05-16 11:16:58.496,ADC pin 15 raw = 4095  voltage = 4.600 V  angle = 360.0 deg
2026-05-16 11:16:58.507,ADC pin 15 raw = 4095  voltage = 4.600 V  angle = 360.0 deg
2026-05-16 11:16:58.517,ADC pin 15 raw = 4095  voltage = 4.600 V  angle = 360.0 deg
2026-05-16 11:16:58.526,ADC pin 15 raw = 4095  voltage = 4.600 V  angle = 360.0 deg
2026-05-16 11:16:58.536,ADC pin 15 raw = 4095  voltage = 4.600 V  angle = 360.0 deg
2026-05-16 11:16:58.546,ADC pin 15 raw = 4095  voltage = 4.600 V  angle = 360.0 deg
2026-05-16 11:16:58.556,ADC pin 15 raw = 4095  voltage = 4.600 V  angle = 360.0 deg
2026-05-16 11:16:58.566,ADC pin 15 raw = 4095  voltage = 4.600 V  angle = 360.0 deg
2026-05-16 11:16:58.577,ADC pin 15 raw = 4095  voltage = 4.600 V  angle = 360.0 deg
2026-05-16 11:16:58.586,ADC pin 15 raw = 4095  voltage = 4.600 V  angle = 360.0 deg
2026-05-16 11:16:58.597,ADC pin 15 raw = 4095  voltage = 4.600 V  angle = 360.0 deg
2026-05-16 11:16:58.607,ADC pin 15 raw = 4095  voltage = 4.600 V  angle = 360.0 deg
2026-05-16 11:16:58.616,ADC pin 15 raw = 4095  voltage = 4.600 V  angle = 360.0 deg
2026-05-16 11:16:58.626,ADC pin 15 raw = 4095  voltage = 4.600 V  angle = 360.0 deg
2026-05-16 11:16:58.636,ADC pin 15 raw = 4082  voltage = 4.585 V  angle = 358.7 deg
2026-05-16 11:16:58.647,ADC pin 15 raw = 4057  voltage = 4.557 V  angle = 356.2 deg
2026-05-16 11:16:58.657,ADC pin 15 raw = 4023  voltage = 4.519 V  angle = 352.8 deg
2026-05-16 11:16:58.667,ADC pin 15 raw = 3992  voltage = 4.484 V  angle = 349.8 deg
2026-05-16 11:16:58.677,ADC pin 15 raw = 3963  voltage = 4.452 V  angle = 346.9 deg
2026-05-16 11:16:58.687,ADC pin 15 raw = 3926  voltage = 4.410 V  angle = 343.2 deg
2026-05-16 11:16:58.697,ADC pin 15 raw = 3892  voltage = 4.372 V  angle = 339.8 deg
2026-05-16 11:16:58.707,ADC pin 15 raw = 3854  voltage = 4.329 V  angle = 336.0 deg
2026-05-16 11:16:58.717,ADC pin 15 raw = 3826  voltage = 4.298 V  angle = 333.2 deg
2026-05-16 11:16:58.727,ADC pin 15 raw = 3793  voltage = 4.261 V  angle = 330.0 deg
2026-05-16 11:16:58.737,ADC pin 15 raw = 3770  voltage = 4.235 V  angle = 327.7 deg
2026-05-16 11:16:58.747,ADC pin 15 raw = 3749  voltage = 4.211 V  angle = 325.6 deg
2026-05-16 11:16:58.757,ADC pin 15 raw = 3725  voltage = 4.184 V  angle = 323.2 deg
2026-05-16 11:16:58.767,ADC pin 15 raw = 3706  voltage = 4.163 V  angle = 321.3 deg
2026-05-16 11:16:58.777,ADC pin 15 raw = 3686  voltage = 4.141 V  angle = 319.3 deg
2026-05-16 11:16:58.787,ADC pin 15 raw = 3659  voltage = 4.110 V  angle = 316.6 deg
2026-05-16 11:16:58.797,ADC pin 15 raw = 3631  voltage = 4.079 V  angle = 313.9 deg
2026-05-16 11:16:58.807,ADC pin 15 raw = 3591  voltage = 4.034 V  angle = 309.9 deg
2026-05-16 11:16:58.817,ADC pin 15 raw = 3566  voltage = 4.006 V  angle = 307.4 deg
2026-05-16 11:16:58.827,ADC pin 15 raw = 3543  voltage = 3.980 V  angle = 305.1 deg
2026-05-16 11:16:58.837,ADC pin 15 raw = 3512  voltage = 3.945 V  angle = 302.0 deg
2026-05-16 11:16:58.847,ADC pin 15 raw = 3482  voltage = 3.911 V  angle = 299.0 deg
2026-05-16 11:16:58.857,ADC pin 15 raw = 3451  voltage = 3.877 V  angle = 296.0 deg
2026-05-16 11:16:58.867,ADC pin 15 raw = 3430  voltage = 3.853 V  angle = 293.9 deg
2026-05-16 11:16:58.877,ADC pin 15 raw = 3394  voltage = 3.813 V  angle = 290.3 deg
2026-05-16 11:16:58.887,ADC pin 15 raw = 3369  voltage = 3.784 V  angle = 287.8 deg
2026-05-16 11:16:58.897,ADC pin 15 raw = 3340  voltage = 3.752 V  angle = 284.9 deg
2026-05-16 11:16:58.907,ADC pin 15 raw = 3310  voltage = 3.718 V  angle = 281.9 deg
2026-05-16 11:16:58.917,ADC pin 15 raw = 3280  voltage = 3.684 V  angle = 279.0 deg
2026-05-16 11:16:58.927,ADC pin 15 raw = 3256  voltage = 3.658 V  angle = 276.6 deg
2026-05-16 11:16:58.937,ADC pin 15 raw = 3232  voltage = 3.631 V  angle = 274.2 deg
2026-05-16 11:16:58.947,ADC pin 15 raw = 3200  voltage = 3.595 V  angle = 271.0 deg
2026-05-16 11:16:58.957,ADC pin 15 raw = 3172  voltage = 3.563 V  angle = 268.2 deg
2026-05-16 11:16:58.967,ADC pin 15 raw = 3153  voltage = 3.542 V  angle = 266.3 deg
2026-05-16 11:16:58.977,ADC pin 15 raw = 3130  voltage = 3.516 V  angle = 264.0 deg
2026-05-16 11:16:58.986,ADC pin 15 raw = 3107  voltage = 3.490 V  angle = 261.7 deg
2026-05-16 11:16:58.997,ADC pin 15 raw = 3091  voltage = 3.472 V  angle = 260.2 deg
2026-05-16 11:16:59.007,ADC pin 15 raw = 3061  voltage = 3.438 V  angle = 257.2 deg
2026-05-16 11:16:59.017,ADC pin 15 raw = 3043  voltage = 3.418 V  angle = 255.4 deg
2026-05-16 11:16:59.026,ADC pin 15 raw = 3018  voltage = 3.390 V  angle = 252.9 deg
2026-05-16 11:16:59.037,ADC pin 15 raw = 3002  voltage = 3.372 V  angle = 251.3 deg
2026-05-16 11:16:59.046,ADC pin 15 raw = 2978  voltage = 3.345 V  angle = 248.9 deg
2026-05-16 11:16:59.056,ADC pin 15 raw = 2958  voltage = 3.323 V  angle = 246.9 deg
2026-05-16 11:16:59.067,ADC pin 15 raw = 2942  voltage = 3.305 V  angle = 245.3 deg
2026-05-16 11:16:59.076,ADC pin 15 raw = 2919  voltage = 3.279 V  angle = 243.0 deg
2026-05-16 11:16:59.086,ADC pin 15 raw = 2897  voltage = 3.254 V  angle = 240.9 deg
2026-05-16 11:16:59.096,ADC pin 15 raw = 2877  voltage = 3.232 V  angle = 238.9 deg
2026-05-16 11:16:59.106,ADC pin 15 raw = 2858  voltage = 3.210 V  angle = 237.0 deg
2026-05-16 11:16:59.117,ADC pin 15 raw = 2834  voltage = 3.183 V  angle = 234.6 deg
2026-05-16 11:16:59.126,ADC pin 15 raw = 2816  voltage = 3.163 V  angle = 232.8 deg
2026-05-16 11:16:59.137,ADC pin 15 raw = 2799  voltage = 3.144 V  angle = 231.1 deg
2026-05-16 11:16:59.146,ADC pin 15 raw = 2768  voltage = 3.109 V  angle = 228.0 deg
2026-05-16 11:16:59.157,ADC pin 15 raw = 2751  voltage = 3.090 V  angle = 226.3 deg
2026-05-16 11:16:59.167,ADC pin 15 raw = 2733  voltage = 3.070 V  angle = 224.6 deg
2026-05-16 11:16:59.177,ADC pin 15 raw = 2714  voltage = 3.049 V  angle = 222.7 deg
2026-05-16 11:16:59.187,ADC pin 15 raw = 2691  voltage = 3.023 V  angle = 220.4 deg
2026-05-16 11:16:59.196,ADC pin 15 raw = 2674  voltage = 3.004 V  angle = 218.7 deg
2026-05-16 11:16:59.207,ADC pin 15 raw = 2661  voltage = 2.989 V  angle = 217.4 deg
2026-05-16 11:16:59.217,ADC pin 15 raw = 2640  voltage = 2.966 V  angle = 215.3 deg
2026-05-16 11:16:59.227,ADC pin 15 raw = 2635  voltage = 2.960 V  angle = 214.8 deg
2026-05-16 11:16:59.237,ADC pin 15 raw = 2616  voltage = 2.939 V  angle = 212.9 deg
2026-05-16 11:16:59.247,ADC pin 15 raw = 2603  voltage = 2.924 V  angle = 211.6 deg
2026-05-16 11:16:59.258,ADC pin 15 raw = 2578  voltage = 2.896 V  angle = 209.1 deg
2026-05-16 11:16:59.267,ADC pin 15 raw = 2559  voltage = 2.875 V  angle = 207.2 deg
2026-05-16 11:16:59.277,ADC pin 15 raw = 2549  voltage = 2.863 V  angle = 206.3 deg
2026-05-16 11:16:59.287,ADC pin 15 raw = 2529  voltage = 2.841 V  angle = 204.3 deg
2026-05-16 11:16:59.297,ADC pin 15 raw = 2512  voltage = 2.822 V  angle = 202.6 deg
2026-05-16 11:16:59.308,ADC pin 15 raw = 2498  voltage = 2.806 V  angle = 201.2 deg
2026-05-16 11:16:59.317,ADC pin 15 raw = 2481  voltage = 2.787 V  angle = 199.5 deg
2026-05-16 11:16:59.327,ADC pin 15 raw = 2468  voltage = 2.772 V  angle = 198.2 deg
2026-05-16 11:16:59.337,ADC pin 15 raw = 2452  voltage = 2.754 V  angle = 196.6 deg
2026-05-16 11:16:59.366,ADC pin 15 raw = 2435  voltage = 2.735 V  angle = 194.9 deg
2026-05-16 11:16:59.376,ADC pin 15 raw = 2418  voltage = 2.716 V  angle = 193.2 deg
2026-05-16 11:16:59.377,ADC pin 15 raw = 2404  voltage = 2.700 V  angle = 191.8 deg
2026-05-16 11:16:59.377,ADC pin 15 raw = 2386  voltage = 2.680 V  angle = 190.0 deg
2026-05-16 11:16:59.387,ADC pin 15 raw = 2376  voltage = 2.669 V  angle = 189.0 deg
2026-05-16 11:16:59.396,ADC pin 15 raw = 2367  voltage = 2.659 V  angle = 188.2 deg
2026-05-16 11:16:59.407,ADC pin 15 raw = 2351  voltage = 2.641 V  angle = 186.6 deg
2026-05-16 11:16:59.417,ADC pin 15 raw = 2335  voltage = 2.623 V  angle = 185.0 deg
2026-05-16 11:16:59.427,ADC pin 15 raw = 2333  voltage = 2.621 V  angle = 184.8 deg
2026-05-16 11:16:59.437,ADC pin 15 raw = 2310  voltage = 2.595 V  angle = 182.5 deg
2026-05-16 11:16:59.447,ADC pin 15 raw = 2301  voltage = 2.585 V  angle = 181.6 deg
2026-05-16 11:16:59.457,ADC pin 15 raw = 2286  voltage = 2.568 V  angle = 180.1 deg
2026-05-16 11:16:59.467,ADC pin 15 raw = 2270  voltage = 2.550 V  angle = 179.4 deg
2026-05-16 11:16:59.477,ADC pin 15 raw = 2257  voltage = 2.535 V  angle = 178.9 deg
2026-05-16 11:16:59.487,ADC pin 15 raw = 2237  voltage = 2.513 V  angle = 178.0 deg
2026-05-16 11:16:59.497,ADC pin 15 raw = 2226  voltage = 2.501 V  angle = 177.6 deg
2026-05-16 11:16:59.507,ADC pin 15 raw = 2214  voltage = 2.487 V  angle = 177.1 deg
2026-05-16 11:16:59.517,ADC pin 15 raw = 2197  voltage = 2.468 V  angle = 176.4 deg
2026-05-16 11:16:59.527,ADC pin 15 raw = 2183  voltage = 2.452 V  angle = 175.8 deg
2026-05-16 11:16:59.537,ADC pin 15 raw = 2170  voltage = 2.438 V  angle = 175.3 deg
2026-05-16 11:16:59.547,ADC pin 15 raw = 2155  voltage = 2.421 V  angle = 174.7 deg
2026-05-16 11:16:59.557,ADC pin 15 raw = 2134  voltage = 2.397 V  angle = 173.8 deg
2026-05-16 11:16:59.567,ADC pin 15 raw = 2119  voltage = 2.380 V  angle = 173.2 deg
2026-05-16 11:16:59.577,ADC pin 15 raw = 2107  voltage = 2.367 V  angle = 172.7 deg
2026-05-16 11:16:59.587,ADC pin 15 raw = 2085  voltage = 2.342 V  angle = 171.8 deg
2026-05-16 11:16:59.597,ADC pin 15 raw = 2071  voltage = 2.326 V  angle = 171.2 deg
2026-05-16 11:16:59.607,ADC pin 15 raw = 2050  voltage = 2.303 V  angle = 170.4 deg
2026-05-16 11:16:59.617,ADC pin 15 raw = 2031  voltage = 2.281 V  angle = 169.6 deg
2026-05-16 11:16:59.627,ADC pin 15 raw = 2014  voltage = 2.262 V  angle = 168.9 deg
2026-05-16 11:16:59.637,ADC pin 15 raw = 1998  voltage = 2.244 V  angle = 168.2 deg
2026-05-16 11:16:59.647,ADC pin 15 raw = 1987  voltage = 2.232 V  angle = 167.8 deg
2026-05-16 11:16:59.657,ADC pin 15 raw = 1972  voltage = 2.215 V  angle = 167.2 deg
2026-05-16 11:16:59.667,ADC pin 15 raw = 1954  voltage = 2.195 V  angle = 166.4 deg
2026-05-16 11:16:59.677,ADC pin 15 raw = 1932  voltage = 2.170 V  angle = 165.5 deg
2026-05-16 11:16:59.687,ADC pin 15 raw = 1915  voltage = 2.151 V  angle = 164.8 deg
2026-05-16 11:16:59.697,ADC pin 15 raw = 1899  voltage = 2.133 V  angle = 164.2 deg
2026-05-16 11:16:59.707,ADC pin 15 raw = 1878  voltage = 2.110 V  angle = 163.3 deg
2026-05-16 11:16:59.717,ADC pin 15 raw = 1863  voltage = 2.093 V  angle = 162.7 deg
2026-05-16 11:16:59.727,ADC pin 15 raw = 1840  voltage = 2.067 V  angle = 161.8 deg
2026-05-16 11:16:59.737,ADC pin 15 raw = 1826  voltage = 2.051 V  angle = 161.2 deg
2026-05-16 11:16:59.747,ADC pin 15 raw = 1815  voltage = 2.039 V  angle = 160.7 deg
2026-05-16 11:16:59.757,ADC pin 15 raw = 1795  voltage = 2.016 V  angle = 159.9 deg
2026-05-16 11:16:59.771,ADC pin 15 raw = 1777  voltage = 1.996 V  angle = 159.2 deg
2026-05-16 11:16:59.777,ADC pin 15 raw = 1757  voltage = 1.974 V  angle = 158.4 deg
2026-05-16 11:16:59.787,ADC pin 15 raw = 1741  voltage = 1.956 V  angle = 157.7 deg
2026-05-16 11:16:59.797,ADC pin 15 raw = 1720  voltage = 1.932 V  angle = 156.8 deg
2026-05-16 11:16:59.807,ADC pin 15 raw = 1700  voltage = 1.910 V  angle = 156.0 deg
2026-05-16 11:16:59.817,ADC pin 15 raw = 1685  voltage = 1.893 V  angle = 155.4 deg
2026-05-16 11:16:59.827,ADC pin 15 raw = 1664  voltage = 1.869 V  angle = 154.5 deg
2026-05-16 11:16:59.837,ADC pin 15 raw = 1647  voltage = 1.850 V  angle = 153.9 deg
2026-05-16 11:16:59.847,ADC pin 15 raw = 1626  voltage = 1.827 V  angle = 153.0 deg
2026-05-16 11:16:59.857,ADC pin 15 raw = 1610  voltage = 1.809 V  angle = 152.3 deg
2026-05-16 11:16:59.867,ADC pin 15 raw = 1584  voltage = 1.779 V  angle = 151.3 deg
2026-05-16 11:16:59.877,ADC pin 15 raw = 1562  voltage = 1.755 V  angle = 150.4 deg
2026-05-16 11:16:59.887,ADC pin 15 raw = 1535  voltage = 1.724 V  angle = 149.3 deg
2026-05-16 11:16:59.897,ADC pin 15 raw = 1511  voltage = 1.697 V  angle = 148.3 deg
2026-05-16 11:16:59.907,ADC pin 15 raw = 1486  voltage = 1.669 V  angle = 147.3 deg
2026-05-16 11:16:59.917,ADC pin 15 raw = 1459  voltage = 1.639 V  angle = 146.1 deg
2026-05-16 11:16:59.927,ADC pin 15 raw = 1432  voltage = 1.609 V  angle = 145.0 deg
2026-05-16 11:16:59.937,ADC pin 15 raw = 1406  voltage = 1.579 V  angle = 144.0 deg
2026-05-16 11:16:59.947,ADC pin 15 raw = 1382  voltage = 1.552 V  angle = 143.0 deg
2026-05-16 11:16:59.957,ADC pin 15 raw = 1348  voltage = 1.514 V  angle = 141.6 deg
2026-05-16 11:16:59.967,ADC pin 15 raw = 1319  voltage = 1.482 V  angle = 140.4 deg
2026-05-16 11:16:59.977,ADC pin 15 raw = 1290  voltage = 1.449 V  angle = 139.2 deg
2026-05-16 11:16:59.987,ADC pin 15 raw = 1259  voltage = 1.414 V  angle = 138.0 deg
2026-05-16 11:16:59.997,ADC pin 15 raw = 1228  voltage = 1.379 V  angle = 136.7 deg
2026-05-16 11:17:00.008,ADC pin 15 raw = 1195  voltage = 1.342 V  angle = 135.3 deg
2026-05-16 11:17:00.017,ADC pin 15 raw = 1150  voltage = 1.292 V  angle = 102.4 deg
2026-05-16 11:17:00.027,ADC pin 15 raw = 1119  voltage = 1.257 V  angle = 89.0 deg
2026-05-16 11:17:00.037,ADC pin 15 raw = 1077  voltage = 1.210 V  angle = 86.6 deg
2026-05-16 11:17:00.047,ADC pin 15 raw = 1042  voltage = 1.171 V  angle = 84.5 deg
2026-05-16 11:17:00.057,ADC pin 15 raw = 999  voltage = 1.122 V  angle = 82.0 deg
2026-05-16 11:17:00.067,ADC pin 15 raw = 962  voltage = 1.081 V  angle = 79.8 deg
2026-05-16 11:17:00.077,ADC pin 15 raw = 918  voltage = 1.031 V  angle = 77.3 deg
2026-05-16 11:17:00.087,ADC pin 15 raw = 882  voltage = 0.991 V  angle = 75.2 deg
2026-05-16 11:17:00.097,ADC pin 15 raw = 853  voltage = 0.958 V  angle = 73.5 deg
2026-05-16 11:17:00.107,ADC pin 15 raw = 817  voltage = 0.918 V  angle = 71.4 deg
2026-05-16 11:17:00.117,ADC pin 15 raw = 779  voltage = 0.875 V  angle = 69.2 deg
2026-05-16 11:17:00.127,ADC pin 15 raw = 751  voltage = 0.844 V  angle = 67.5 deg
2026-05-16 11:17:00.137,ADC pin 15 raw = 715  voltage = 0.803 V  angle = 65.4 deg
2026-05-16 11:17:00.147,ADC pin 15 raw = 680  voltage = 0.764 V  angle = 63.4 deg
2026-05-16 11:17:00.158,ADC pin 15 raw = 653  voltage = 0.734 V  angle = 61.8 deg
2026-05-16 11:17:00.167,ADC pin 15 raw = 619  voltage = 0.695 V  angle = 59.8 deg
2026-05-16 11:17:00.177,ADC pin 15 raw = 584  voltage = 0.656 V  angle = 57.8 deg
2026-05-16 11:17:00.187,ADC pin 15 raw = 560  voltage = 0.629 V  angle = 56.4 deg
2026-05-16 11:17:00.197,ADC pin 15 raw = 521  voltage = 0.585 V  angle = 54.1 deg
2026-05-16 11:17:00.207,ADC pin 15 raw = 490  voltage = 0.550 V  angle = 52.3 deg
2026-05-16 11:17:00.217,ADC pin 15 raw = 458  voltage = 0.514 V  angle = 50.4 deg
2026-05-16 11:17:00.227,ADC pin 15 raw = 422  voltage = 0.474 V  angle = 48.3 deg
2026-05-16 11:17:00.237,ADC pin 15 raw = 388  voltage = 0.436 V  angle = 46.3 deg
2026-05-16 11:17:00.247,ADC pin 15 raw = 369  voltage = 0.415 V  angle = 45.2 deg
2026-05-16 11:17:00.257,ADC pin 15 raw = 337  voltage = 0.379 V  angle = 41.5 deg
2026-05-16 11:17:00.267,ADC pin 15 raw = 311  voltage = 0.349 V  angle = 38.3 deg
2026-05-16 11:17:00.277,ADC pin 15 raw = 277  voltage = 0.311 V  angle = 34.2 deg
2026-05-16 11:17:00.287,ADC pin 15 raw = 245  voltage = 0.275 V  angle = 30.2 deg
2026-05-16 11:17:00.297,ADC pin 15 raw = 216  voltage = 0.243 V  angle = 26.6 deg
2026-05-16 11:17:00.307,ADC pin 15 raw = 182  voltage = 0.204 V  angle = 22.4 deg
2026-05-16 11:17:00.317,ADC pin 15 raw = 157  voltage = 0.176 V  angle = 19.4 deg
2026-05-16 11:17:00.327,ADC pin 15 raw = 122  voltage = 0.137 V  angle = 15.0 deg
2026-05-16 11:17:00.337,ADC pin 15 raw = 85  voltage = 0.095 V  angle = 10.5 deg
2026-05-16 11:17:00.347,ADC pin 15 raw = 48  voltage = 0.054 V  angle = 5.9 deg
2026-05-16 11:17:00.357,ADC pin 15 raw = 48  voltage = 0.054 V  angle = 5.9 deg
2026-05-16 11:17:00.367,ADC pin 15 raw = 47  voltage = 0.053 V  angle = 5.8 deg
2026-05-16 11:17:00.377,ADC pin 15 raw = 45  voltage = 0.051 V  angle = 5.5 deg
2026-05-16 11:17:00.387,ADC pin 15 raw = 44  voltage = 0.049 V  angle = 5.4 deg
2026-05-16 11:17:00.397,ADC pin 15 raw = 46  voltage = 0.052 V  angle = 5.7 deg
2026-05-16 11:17:00.407,ADC pin 15 raw = 45  voltage = 0.051 V  angle = 5.5 deg
2026-05-16 11:17:00.417,ADC pin 15 raw = 43  voltage = 0.048 V  angle = 5.3 deg
2026-05-16 11:17:00.427,ADC pin 15 raw = 46  voltage = 0.052 V  angle = 5.7 deg
2026-05-16 11:17:00.437,ADC pin 15 raw = 46  voltage = 0.052 V  angle = 5.7 deg
2026-05-16 11:17:00.447,ADC pin 15 raw = 45  voltage = 0.051 V  angle = 5.5 deg
2026-05-16 11:17:00.457,ADC pin 15 raw = 41  voltage = 0.046 V  angle = 5.1 deg
2026-05-16 11:17:00.468,ADC pin 15 raw = 43  voltage = 0.048 V  angle = 5.3 deg
2026-05-16 11:17:00.477,ADC pin 15 raw = 46  voltage = 0.052 V  angle = 5.7 deg
2026-05-16 11:17:00.487,ADC pin 15 raw = 46  voltage = 0.052 V  angle = 5.7 deg
2026-05-16 11:17:00.497,ADC pin 15 raw = 45  voltage = 0.051 V  angle = 5.5 deg
2026-05-16 11:17:00.507,ADC pin 15 raw = 46  voltage = 0.052 V  angle = 5.7 deg
2026-05-16 11:17:00.517,ADC pin 15 raw = 43  voltage = 0.048 V  angle = 5.3 deg
2026-05-16 11:17:00.527,ADC pin 15 raw = 46  voltage = 0.052 V  angle = 5.7 deg
2026-05-16 11:17:00.537,ADC pin 15 raw = 44  voltage = 0.049 V  angle = 5.4 deg
2026-05-16 11:17:00.547,ADC pin 15 raw = 47  voltage = 0.053 V  angle = 5.8 deg
2026-05-16 11:17:00.558,ADC pin 15 raw = 44  voltage = 0.049 V  angle = 5.4 deg
2026-05-16 11:17:00.567,ADC pin 15 raw = 45  voltage = 0.051 V  angle = 5.5 deg
2026-05-16 11:17:00.577,ADC pin 15 raw = 44  voltage = 0.049 V  angle = 5.4 deg
2026-05-16 11:17:00.587,ADC pin 15 raw = 45  voltage = 0.051 V  angle = 5.5 deg
2026-05-16 11:17:00.597,ADC pin 15 raw = 45  voltage = 0.051 V  angle = 5.5 deg
2026-05-16 11:17:00.608,ADC pin 15 raw = 46  voltage = 0.052 V  angle = 5.7 deg
2026-05-16 11:17:00.617,ADC pin 15 raw = 46  voltage = 0.052 V  angle = 5.7 deg
2026-05-16 11:17:00.627,ADC pin 15 raw = 47  voltage = 0.053 V  angle = 5.8 deg
2026-05-16 11:17:00.637,ADC pin 15 raw = 47  voltage = 0.053 V  angle = 5.8 deg
2026-05-16 11:17:00.647,ADC pin 15 raw = 43  voltage = 0.048 V  angle = 5.3 deg
2026-05-16 11:17:00.660,ADC pin 15 raw = 44  voltage = 0.049 V  angle = 5.4 deg
2026-05-16 11:17:00.667,ADC pin 15 raw = 42  voltage = 0.047 V  angle = 5.2 deg
2026-05-16 11:17:00.677,ADC pin 15 raw = 47  voltage = 0.053 V  angle = 5.8 deg
2026-05-16 11:17:00.687,ADC pin 15 raw = 44  voltage = 0.049 V  angle = 5.4 deg
2026-05-16 11:17:00.697,ADC pin 15 raw = 43  voltage = 0.048 V  angle = 5.3 deg
2026-05-16 11:17:00.707,ADC pin 15 raw = 46  voltage = 0.052 V  angle = 5.7 deg
2026-05-16 11:17:00.717,ADC pin 15 raw = 42  voltage = 0.047 V  angle = 5.2 deg
2026-05-16 11:17:00.727,ADC pin 15 raw = 45  voltage = 0.051 V  angle = 5.5 deg
2026-05-16 11:17:00.737,ADC pin 15 raw = 46  voltage = 0.052 V  angle = 5.7 deg
2026-05-16 11:17:00.747,ADC pin 15 raw = 43  voltage = 0.048 V  angle = 5.3 deg
2026-05-16 11:17:00.757,ADC pin 15 raw = 46  voltage = 0.052 V  angle = 5.7 deg
2026-05-16 11:17:00.767,ADC pin 15 raw = 44  voltage = 0.049 V  angle = 5.4 deg
2026-05-16 11:17:00.776,ADC pin 15 raw = 48  voltage = 0.054 V  angle = 5.9 deg
2026-05-16 11:17:00.786,ADC pin 15 raw = 45  voltage = 0.051 V  angle = 5.5 deg
2026-05-16 11:17:00.797,ADC pin 15 raw = 46  voltage = 0.052 V  angle = 5.7 deg
2026-05-16 11:17:00.807,ADC pin 15 raw = 46  voltage = 0.052 V  angle = 5.7 deg
2026-05-16 11:17:00.817,ADC pin 15 raw = 45  voltage = 0.051 V  angle = 5.5 deg
2026-05-16 11:17:00.826,ADC pin 15 raw = 45  voltage = 0.051 V  angle = 5.5 deg
2026-05-16 11:17:00.837,ADC pin 15 raw = 45  voltage = 0.051 V  angle = 5.5 deg
2026-05-16 11:17:00.847,ADC pin 15 raw = 43  voltage = 0.048 V  angle = 5.3 deg
2026-05-16 11:17:00.857,ADC pin 15 raw = 42  voltage = 0.047 V  angle = 5.2 deg
2026-05-16 11:17:00.867,ADC pin 15 raw = 48  voltage = 0.054 V  angle = 5.9 deg
2026-05-16 11:17:00.876,ADC pin 15 raw = 47  voltage = 0.053 V  angle = 5.8 deg
2026-05-16 11:17:00.886,ADC pin 15 raw = 48  voltage = 0.054 V  angle = 5.9 deg
2026-05-16 11:17:00.896,ADC pin 15 raw = 57  voltage = 0.064 V  angle = 7.0 deg
2026-05-16 11:17:00.907,ADC pin 15 raw = 88  voltage = 0.099 V  angle = 10.8 deg
2026-05-16 11:17:00.917,ADC pin 15 raw = 119  voltage = 0.134 V  angle = 14.7 deg
2026-05-16 11:17:00.927,ADC pin 15 raw = 143  voltage = 0.161 V  angle = 17.6 deg
2026-05-16 11:17:00.941,ADC pin 15 raw = 176  voltage = 0.198 V  angle = 21.7 deg
2026-05-16 11:17:00.947,ADC pin 15 raw = 197  voltage = 0.221 V  angle = 24.3 deg
2026-05-16 11:17:00.957,ADC pin 15 raw = 228  voltage = 0.256 V  angle = 28.1 deg
2026-05-16 11:17:00.967,ADC pin 15 raw = 251  voltage = 0.282 V  angle = 30.9 deg
2026-05-16 11:17:00.977,ADC pin 15 raw = 278  voltage = 0.312 V  angle = 34.3 deg
2026-05-16 11:17:00.987,ADC pin 15 raw = 301  voltage = 0.338 V  angle = 37.1 deg
2026-05-16 11:17:00.997,ADC pin 15 raw = 324  voltage = 0.364 V  angle = 39.9 deg
2026-05-16 11:17:01.007,ADC pin 15 raw = 351  voltage = 0.394 V  angle = 43.3 deg
2026-05-16 11:17:01.017,ADC pin 15 raw = 376  voltage = 0.422 V  angle = 45.6 deg
2026-05-16 11:17:01.027,ADC pin 15 raw = 398  voltage = 0.447 V  angle = 46.9 deg
2026-05-16 11:17:01.037,ADC pin 15 raw = 419  voltage = 0.471 V  angle = 48.2 deg
2026-05-16 11:17:01.069,ADC pin 15 raw = 451  voltage = 0.507 V  angle = 50.0 deg
2026-05-16 11:17:01.070,ADC pin 15 raw = 466  voltage = 0.523 V  angle = 50.9 deg
2026-05-16 11:17:01.070,ADC pin 15 raw = 496  voltage = 0.557 V  angle = 52.6 deg
2026-05-16 11:17:01.078,ADC pin 15 raw = 522  voltage = 0.586 V  angle = 54.2 deg
2026-05-16 11:17:01.090,ADC pin 15 raw = 555  voltage = 0.623 V  angle = 56.1 deg
2026-05-16 11:17:01.096,ADC pin 15 raw = 579  voltage = 0.650 V  angle = 57.5 deg
2026-05-16 11:17:01.107,ADC pin 15 raw = 605  voltage = 0.680 V  angle = 59.0 deg
2026-05-16 11:17:01.116,ADC pin 15 raw = 636  voltage = 0.714 V  angle = 60.8 deg
2026-05-16 11:17:01.126,ADC pin 15 raw = 679  voltage = 0.763 V  angle = 63.3 deg
2026-05-16 11:17:01.137,ADC pin 15 raw = 716  voltage = 0.804 V  angle = 65.5 deg
2026-05-16 11:17:01.146,ADC pin 15 raw = 761  voltage = 0.855 V  angle = 68.1 deg
2026-05-16 11:17:01.157,ADC pin 15 raw = 799  voltage = 0.898 V  angle = 70.3 deg
2026-05-16 11:17:01.166,ADC pin 15 raw = 845  voltage = 0.949 V  angle = 73.0 deg
2026-05-16 11:17:01.176,ADC pin 15 raw = 882  voltage = 0.991 V  angle = 75.2 deg
2026-05-16 11:17:01.186,ADC pin 15 raw = 921  voltage = 1.035 V  angle = 77.5 deg
2026-05-16 11:17:01.196,ADC pin 15 raw = 976  voltage = 1.096 V  angle = 80.7 deg
2026-05-16 11:17:01.207,ADC pin 15 raw = 1033  voltage = 1.160 V  angle = 84.0 deg
2026-05-16 11:17:01.216,ADC pin 15 raw = 1079  voltage = 1.212 V  angle = 86.7 deg
2026-05-16 11:17:01.227,ADC pin 15 raw = 1137  voltage = 1.277 V  angle = 90.9 deg
2026-05-16 11:17:01.237,ADC pin 15 raw = 1190  voltage = 1.337 V  angle = 135.1 deg
2026-05-16 11:17:01.247,ADC pin 15 raw = 1241  voltage = 1.394 V  angle = 137.2 deg
2026-05-16 11:17:01.257,ADC pin 15 raw = 1298  voltage = 1.458 V  angle = 139.5 deg
2026-05-16 11:17:01.267,ADC pin 15 raw = 1357  voltage = 1.524 V  angle = 142.0 deg
2026-05-16 11:17:01.277,ADC pin 15 raw = 1407  voltage = 1.581 V  angle = 144.0 deg
2026-05-16 11:17:01.287,ADC pin 15 raw = 1468  voltage = 1.649 V  angle = 146.5 deg
2026-05-16 11:17:01.297,ADC pin 15 raw = 1522  voltage = 1.710 V  angle = 148.7 deg
2026-05-16 11:17:01.307,ADC pin 15 raw = 1583  voltage = 1.778 V  angle = 151.2 deg
2026-05-16 11:17:01.317,ADC pin 15 raw = 1638  voltage = 1.840 V  angle = 153.5 deg
2026-05-16 11:17:01.327,ADC pin 15 raw = 1692  voltage = 1.901 V  angle = 155.7 deg
2026-05-16 11:17:01.337,ADC pin 15 raw = 1736  voltage = 1.950 V  angle = 157.5 deg
2026-05-16 11:17:01.347,ADC pin 15 raw = 1787  voltage = 2.007 V  angle = 159.6 deg
2026-05-16 11:17:01.357,ADC pin 15 raw = 1833  voltage = 2.059 V  angle = 161.5 deg
2026-05-16 11:17:01.367,ADC pin 15 raw = 1875  voltage = 2.106 V  angle = 163.2 deg
2026-05-16 11:17:01.377,ADC pin 15 raw = 1923  voltage = 2.160 V  angle = 165.2 deg
2026-05-16 11:17:01.387,ADC pin 15 raw = 1973  voltage = 2.216 V  angle = 167.2 deg
2026-05-16 11:17:01.397,ADC pin 15 raw = 2017  voltage = 2.266 V  angle = 169.0 deg
2026-05-16 11:17:01.407,ADC pin 15 raw = 2064  voltage = 2.319 V  angle = 170.9 deg
2026-05-16 11:17:01.417,ADC pin 15 raw = 2126  voltage = 2.388 V  angle = 173.5 deg
2026-05-16 11:17:01.427,ADC pin 15 raw = 2161  voltage = 2.427 V  angle = 174.9 deg
2026-05-16 11:17:01.437,ADC pin 15 raw = 2202  voltage = 2.474 V  angle = 176.6 deg
2026-05-16 11:17:01.447,ADC pin 15 raw = 2240  voltage = 2.516 V  angle = 178.2 deg
2026-05-16 11:17:01.457,ADC pin 15 raw = 2302  voltage = 2.586 V  angle = 181.7 deg
2026-05-16 11:17:01.467,ADC pin 15 raw = 2340  voltage = 2.629 V  angle = 185.5 deg
2026-05-16 11:17:01.477,ADC pin 15 raw = 2373  voltage = 2.666 V  angle = 188.8 deg
2026-05-16 11:17:01.487,ADC pin 15 raw = 2425  voltage = 2.724 V  angle = 193.9 deg
2026-05-16 11:17:01.497,ADC pin 15 raw = 2476  voltage = 2.781 V  angle = 199.0 deg
2026-05-16 11:17:01.507,ADC pin 15 raw = 2517  voltage = 2.827 V  angle = 203.1 deg
2026-05-16 11:17:01.517,ADC pin 15 raw = 2559  voltage = 2.875 V  angle = 207.2 deg
2026-05-16 11:17:01.527,ADC pin 15 raw = 2623  voltage = 2.946 V  angle = 213.6 deg
2026-05-16 11:17:01.537,ADC pin 15 raw = 2669  voltage = 2.998 V  angle = 218.2 deg
2026-05-16 11:17:01.547,ADC pin 15 raw = 2731  voltage = 3.068 V  angle = 224.4 deg
2026-05-16 11:17:01.557,ADC pin 15 raw = 2770  voltage = 3.112 V  angle = 228.2 deg
2026-05-16 11:17:01.567,ADC pin 15 raw = 2827  voltage = 3.176 V  angle = 233.9 deg
2026-05-16 11:17:01.577,ADC pin 15 raw = 2881  voltage = 3.236 V  angle = 239.3 deg
2026-05-16 11:17:01.587,ADC pin 15 raw = 2924  voltage = 3.285 V  angle = 243.5 deg
2026-05-16 11:17:01.597,ADC pin 15 raw = 2975  voltage = 3.342 V  angle = 248.6 deg
2026-05-16 11:17:01.608,ADC pin 15 raw = 3026  voltage = 3.399 V  angle = 253.7 deg
2026-05-16 11:17:01.617,ADC pin 15 raw = 3095  voltage = 3.477 V  angle = 260.6 deg
2026-05-16 11:17:01.627,ADC pin 15 raw = 3149  voltage = 3.537 V  angle = 265.9 deg
2026-05-16 11:17:01.637,ADC pin 15 raw = 3206  voltage = 3.601 V  angle = 271.6 deg
2026-05-16 11:17:01.647,ADC pin 15 raw = 3276  voltage = 3.680 V  angle = 278.6 deg
2026-05-16 11:17:01.657,ADC pin 15 raw = 3347  voltage = 3.760 V  angle = 285.6 deg
2026-05-16 11:17:01.667,ADC pin 15 raw = 3417  voltage = 3.838 V  angle = 292.6 deg
2026-05-16 11:17:01.677,ADC pin 15 raw = 3504  voltage = 3.936 V  angle = 301.2 deg
2026-05-16 11:17:01.687,ADC pin 15 raw = 3594  voltage = 4.037 V  angle = 310.2 deg
2026-05-16 11:17:01.697,ADC pin 15 raw = 3688  voltage = 4.143 V  angle = 319.5 deg
2026-05-16 11:17:01.708,ADC pin 15 raw = 3772  voltage = 4.237 V  angle = 327.9 deg
2026-05-16 11:17:01.717,ADC pin 15 raw = 3854  voltage = 4.329 V  angle = 336.0 deg
2026-05-16 11:17:01.727,ADC pin 15 raw = 3951  voltage = 4.438 V  angle = 345.7 deg
2026-05-16 11:17:01.737,ADC pin 15 raw = 4051  voltage = 4.551 V  angle = 355.6 deg
2026-05-16 11:17:01.747,ADC pin 15 raw = 4095  voltage = 4.600 V  angle = 360.0 deg
2026-05-16 11:17:01.758,ADC pin 15 raw = 4095  voltage = 4.600 V  angle = 360.0 deg
2026-05-16 11:17:01.767,ADC pin 15 raw = 4095  voltage = 4.600 V  angle = 360.0 deg
2026-05-16 11:17:01.777,ADC pin 15 raw = 4095  voltage = 4.600 V  angle = 360.0 deg
2026-05-16 11:17:01.787,ADC pin 15 raw = 4095  voltage = 4.600 V  angle = 360.0 deg
2026-05-16 11:17:01.797,ADC pin 15 raw = 4095  voltage = 4.600 V  angle = 360.0 deg
2026-05-16 11:17:01.808,ADC pin 15 raw = 4095  voltage = 4.600 V  angle = 360.0 deg
2026-05-16 11:17:01.817,ADC pin 15 raw = 4095  voltage = 4.600 V  angle = 360.0 deg
2026-05-16 11:17:01.827,ADC pin 15 raw = 4095  voltage = 4.600 V  angle = 360.0 deg
2026-05-16 11:17:01.837,ADC pin 15 raw = 4095  voltage = 4.600 V  angle = 360.0 deg
2026-05-16 11:17:01.847,ADC pin 15 raw = 4095  voltage = 4.600 V  angle = 360.0 deg
2026-05-16 11:17:01.857,ADC pin 15 raw = 4095  voltage = 4.600 V  angle = 360.0 deg
2026-05-16 11:17:01.867,ADC pin 15 raw = 4095  voltage = 4.600 V  angle = 360.0 deg
2026-05-16 11:17:01.877,ADC pin 15 raw = 4095  voltage = 4.600 V  angle = 360.0 deg
2026-05-16 11:17:01.887,ADC pin 15 raw = 4095  voltage = 4.600 V  angle = 360.0 deg
2026-05-16 11:17:01.897,ADC pin 15 raw = 4095  voltage = 4.600 V  angle = 360.0 deg
2026-05-16 11:17:01.908,ADC pin 15 raw = 4095  voltage = 4.600 V  angle = 360.0 deg
2026-05-16 11:17:01.917,ADC pin 15 raw = 4095  voltage = 4.600 V  angle = 360.0 deg
2026-05-16 11:17:01.927,ADC pin 15 raw = 4095  voltage = 4.600 V  angle = 360.0 deg
2026-05-16 11:17:01.937,ADC pin 15 raw = 4095  voltage = 4.600 V  angle = 360.0 deg
2026-05-16 11:17:01.947,ADC pin 15 raw = 4095  voltage = 4.600 V  angle = 360.0 deg
2026-05-16 11:17:01.958,ADC pin 15 raw = 4095  voltage = 4.600 V  angle = 360.0 deg
2026-05-16 11:17:01.968,ADC pin 15 raw = 4095  voltage = 4.600 V  angle = 360.0 deg
2026-05-16 11:17:01.977,ADC pin 15 raw = 4095  voltage = 4.600 V  angle = 360.0 deg
2026-05-16 11:17:01.987,ADC pin 15 raw = 4095  voltage = 4.600 V  angle = 360.0 deg
2026-05-16 11:17:01.997,ADC pin 15 raw = 4095  voltage = 4.600 V  angle = 360.0 deg
2026-05-16 11:17:02.007,ADC pin 15 raw = 4095  voltage = 4.600 V  angle = 360.0 deg
2026-05-16 11:17:02.017,ADC pin 15 raw = 4095  voltage = 4.600 V  angle = 360.0 deg
2026-05-16 11:17:02.027,ADC pin 15 raw = 4095  voltage = 4.600 V  angle = 360.0 deg
2026-05-16 11:17:02.037,ADC pin 15 raw = 4095  voltage = 4.600 V  angle = 360.0 deg
2026-05-16 11:17:02.047,ADC pin 15 raw = 4095  voltage = 4.600 V  angle = 360.0 deg
2026-05-16 11:17:02.058,ADC pin 15 raw = 4095  voltage = 4.600 V  angle = 360.0 deg
2026-05-16 11:17:02.067,ADC pin 15 raw = 4095  voltage = 4.600 V  angle = 360.0 deg
2026-05-16 11:17:02.077,ADC pin 15 raw = 4095  voltage = 4.600 V  angle = 360.0 deg
2026-05-16 11:17:02.087,ADC pin 15 raw = 4095  voltage = 4.600 V  angle = 360.0 deg
2026-05-16 11:17:02.097,ADC pin 15 raw = 4095  voltage = 4.600 V  angle = 360.0 deg
2026-05-16 11:17:02.107,ADC pin 15 raw = 4095  voltage = 4.600 V  angle = 360.0 deg
2026-05-16 11:17:02.117,ADC pin 15 raw = 4095  voltage = 4.600 V  angle = 360.0 deg
2026-05-16 11:17:02.127,ADC pin 15 raw = 4095  voltage = 4.600 V  angle = 360.0 deg
2026-05-16 11:17:02.137,ADC pin 15 raw = 4095  voltage = 4.600 V  angle = 360.0 deg
2026-05-16 11:17:02.147,ADC pin 15 raw = 4095  voltage = 4.600 V  angle = 360.0 deg
2026-05-16 11:17:02.157,ADC pin 15 raw = 4095  voltage = 4.600 V  angle = 360.0 deg
2026-05-16 11:17:02.167,ADC pin 15 raw = 4095  voltage = 4.600 V  angle = 360.0 deg
2026-05-16 11:17:02.177,ADC pin 15 raw = 4095  voltage = 4.600 V  angle = 360.0 deg
2026-05-16 11:17:02.187,ADC pin 15 raw = 4095  voltage = 4.600 V  angle = 360.0 deg
2026-05-16 11:17:02.197,ADC pin 15 raw = 4095  voltage = 4.600 V  angle = 360.0 deg
2026-05-16 11:17:02.207,ADC pin 15 raw = 4095  voltage = 4.600 V  angle = 360.0 deg
2026-05-16 11:17:02.217,ADC pin 15 raw = 4095  voltage = 4.600 V  angle = 360.0 deg
2026-05-16 11:17:02.227,ADC pin 15 raw = 4095  voltage = 4.600 V  angle = 360.0 deg
2026-05-16 11:17:02.237,ADC pin 15 raw = 4095  voltage = 4.600 V  angle = 360.0 deg
2026-05-16 11:17:02.247,ADC pin 15 raw = 4095  voltage = 4.600 V  angle = 360.0 deg
2026-05-16 11:17:02.258,ADC pin 15 raw = 4095  voltage = 4.600 V  angle = 360.0 deg
2026-05-16 11:17:02.267,ADC pin 15 raw = 4095  voltage = 4.600 V  angle = 360.0 deg
2026-05-16 11:17:02.277,ADC pin 15 raw = 4095  voltage = 4.600 V  angle = 360.0 deg
2026-05-16 11:17:02.287,ADC pin 15 raw = 4095  voltage = 4.600 V  angle = 360.0 deg
2026-05-16 11:17:02.297,ADC pin 15 raw = 4095  voltage = 4.600 V  angle = 360.0 deg
2026-05-16 11:17:02.308,ADC pin 15 raw = 4095  voltage = 4.600 V  angle = 360.0 deg
2026-05-16 11:17:02.317,ADC pin 15 raw = 4095  voltage = 4.600 V  angle = 360.0 deg
2026-05-16 11:17:02.327,ADC pin 15 raw = 4095  voltage = 4.600 V  angle = 360.0 deg
2026-05-16 11:17:02.337,ADC pin 15 raw = 4095  voltage = 4.600 V  angle = 360.0 deg
2026-05-16 11:17:02.347,ADC pin 15 raw = 4095  voltage = 4.600 V  angle = 360.0 deg
2026-05-16 11:17:02.357,ADC pin 15 raw = 4094  voltage = 4.599 V  angle = 359.9 deg
2026-05-16 11:17:02.367,ADC pin 15 raw = 4036  voltage = 4.534 V  angle = 354.1 deg
2026-05-16 11:17:02.377,ADC pin 15 raw = 3977  voltage = 4.467 V  angle = 348.3 deg
2026-05-16 11:17:02.387,ADC pin 15 raw = 3910  voltage = 4.392 V  angle = 341.6 deg
2026-05-16 11:17:02.397,ADC pin 15 raw = 3858  voltage = 4.334 V  angle = 336.4 deg
2026-05-16 11:17:02.407,ADC pin 15 raw = 3795  voltage = 4.263 V  angle = 330.2 deg
2026-05-16 11:17:02.417,ADC pin 15 raw = 3750  voltage = 4.212 V  angle = 325.7 deg
2026-05-16 11:17:02.427,ADC pin 15 raw = 3705  voltage = 4.162 V  angle = 321.2 deg
2026-05-16 11:17:02.437,ADC pin 15 raw = 3641  voltage = 4.090 V  angle = 314.9 deg
2026-05-16 11:17:02.447,ADC pin 15 raw = 3586  voltage = 4.028 V  angle = 309.4 deg
2026-05-16 11:17:02.457,ADC pin 15 raw = 3544  voltage = 3.981 V  angle = 305.2 deg
2026-05-16 11:17:02.467,ADC pin 15 raw = 3492  voltage = 3.923 V  angle = 300.0 deg
2026-05-16 11:17:02.477,ADC pin 15 raw = 3438  voltage = 3.862 V  angle = 294.7 deg
2026-05-16 11:17:02.487,ADC pin 15 raw = 3385  voltage = 3.802 V  angle = 289.4 deg
2026-05-16 11:17:02.497,ADC pin 15 raw = 3338  voltage = 3.750 V  angle = 284.7 deg
2026-05-16 11:17:02.508,ADC pin 15 raw = 3289  voltage = 3.695 V  angle = 279.8 deg
2026-05-16 11:17:02.517,ADC pin 15 raw = 3246  voltage = 3.646 V  angle = 275.6 deg
2026-05-16 11:17:02.527,ADC pin 15 raw = 3198  voltage = 3.592 V  angle = 270.8 deg
2026-05-16 11:17:02.537,ADC pin 15 raw = 3146  voltage = 3.534 V  angle = 265.6 deg
2026-05-16 11:17:02.547,ADC pin 15 raw = 3099  voltage = 3.481 V  angle = 261.0 deg
2026-05-16 11:17:02.558,ADC pin 15 raw = 3047  voltage = 3.423 V  angle = 255.8 deg
2026-05-16 11:17:02.567,ADC pin 15 raw = 3008  voltage = 3.379 V  angle = 251.9 deg
2026-05-16 11:17:02.577,ADC pin 15 raw = 2964  voltage = 3.330 V  angle = 247.5 deg
2026-05-16 11:17:02.587,ADC pin 15 raw = 2925  voltage = 3.286 V  angle = 243.6 deg
2026-05-16 11:17:02.597,ADC pin 15 raw = 2882  voltage = 3.237 V  angle = 239.4 deg
2026-05-16 11:17:02.607,ADC pin 15 raw = 2835  voltage = 3.185 V  angle = 234.7 deg
2026-05-16 11:17:02.617,ADC pin 15 raw = 2790  voltage = 3.134 V  angle = 230.2 deg
2026-05-16 11:17:02.627,ADC pin 15 raw = 2742  voltage = 3.080 V  angle = 225.4 deg
2026-05-16 11:17:02.637,ADC pin 15 raw = 2685  voltage = 3.016 V  angle = 219.8 deg
2026-05-16 11:17:02.647,ADC pin 15 raw = 2635  voltage = 2.960 V  angle = 214.8 deg
2026-05-16 11:17:02.657,ADC pin 15 raw = 2587  voltage = 2.906 V  angle = 210.0 deg
2026-05-16 11:17:02.667,ADC pin 15 raw = 2532  voltage = 2.844 V  angle = 204.6 deg
2026-05-16 11:17:02.677,ADC pin 15 raw = 2480  voltage = 2.786 V  angle = 199.4 deg
2026-05-16 11:17:02.687,ADC pin 15 raw = 2433  voltage = 2.733 V  angle = 194.7 deg
2026-05-16 11:17:02.700,ADC pin 15 raw = 2378  voltage = 2.671 V  angle = 189.2 deg
2026-05-16 11:17:02.707,ADC pin 15 raw = 2327  voltage = 2.614 V  angle = 184.2 deg
2026-05-16 11:17:02.722,ADC pin 15 raw = 2273  voltage = 2.553 V  angle = 179.5 deg
2026-05-16 11:17:02.727,ADC pin 15 raw = 2227  voltage = 2.502 V  angle = 177.6 deg
2026-05-16 11:17:02.737,ADC pin 15 raw = 2184  voltage = 2.453 V  angle = 175.9 deg
2026-05-16 11:17:02.746,ADC pin 15 raw = 2133  voltage = 2.396 V  angle = 173.8 deg
2026-05-16 11:17:02.757,ADC pin 15 raw = 2084  voltage = 2.341 V  angle = 171.8 deg
2026-05-16 11:17:02.767,ADC pin 15 raw = 2031  voltage = 2.281 V  angle = 169.6 deg
2026-05-16 11:17:02.777,ADC pin 15 raw = 1981  voltage = 2.225 V  angle = 167.5 deg
2026-05-16 11:17:02.787,ADC pin 15 raw = 1930  voltage = 2.168 V  angle = 165.5 deg
2026-05-16 11:17:02.797,ADC pin 15 raw = 1880  voltage = 2.112 V  angle = 163.4 deg
2026-05-16 11:17:02.807,ADC pin 15 raw = 1840  voltage = 2.067 V  angle = 161.8 deg
2026-05-16 11:17:02.817,ADC pin 15 raw = 1798  voltage = 2.020 V  angle = 160.0 deg
2026-05-16 11:17:02.827,ADC pin 15 raw = 1755  voltage = 1.971 V  angle = 158.3 deg
2026-05-16 11:17:02.837,ADC pin 15 raw = 1715  voltage = 1.926 V  angle = 156.6 deg
2026-05-16 11:17:02.847,ADC pin 15 raw = 1678  voltage = 1.885 V  angle = 155.1 deg
2026-05-16 11:17:02.857,ADC pin 15 raw = 1633  voltage = 1.834 V  angle = 153.3 deg
2026-05-16 11:17:02.867,ADC pin 15 raw = 1603  voltage = 1.801 V  angle = 152.0 deg
2026-05-16 11:17:02.877,ADC pin 15 raw = 1567  voltage = 1.760 V  angle = 150.6 deg
2026-05-16 11:17:02.887,ADC pin 15 raw = 1527  voltage = 1.715 V  angle = 148.9 deg
2026-05-16 11:17:02.897,ADC pin 15 raw = 1488  voltage = 1.672 V  angle = 147.3 deg
2026-05-16 11:17:02.907,ADC pin 15 raw = 1447  voltage = 1.625 V  angle = 145.7 deg
2026-05-16 11:17:02.917,ADC pin 15 raw = 1398  voltage = 1.570 V  angle = 143.6 deg
2026-05-16 11:17:02.927,ADC pin 15 raw = 1358  voltage = 1.525 V  angle = 142.0 deg
2026-05-16 11:17:02.937,ADC pin 15 raw = 1299  voltage = 1.459 V  angle = 139.6 deg
2026-05-16 11:17:02.947,ADC pin 15 raw = 1242  voltage = 1.395 V  angle = 137.3 deg
2026-05-16 11:17:02.958,ADC pin 15 raw = 1188  voltage = 1.335 V  angle = 135.0 deg
2026-05-16 11:17:02.967,ADC pin 15 raw = 1120  voltage = 1.258 V  angle = 89.1 deg
2026-05-16 11:17:02.977,ADC pin 15 raw = 1052  voltage = 1.182 V  angle = 85.1 deg
2026-05-16 11:17:02.987,ADC pin 15 raw = 981  voltage = 1.102 V  angle = 81.0 deg
2026-05-16 11:17:02.997,ADC pin 15 raw = 911  voltage = 1.023 V  angle = 76.9 deg
2026-05-16 11:17:03.007,ADC pin 15 raw = 846  voltage = 0.950 V  angle = 73.1 deg
2026-05-16 11:17:03.017,ADC pin 15 raw = 770  voltage = 0.865 V  angle = 68.6 deg
2026-05-16 11:17:03.027,ADC pin 15 raw = 700  voltage = 0.786 V  angle = 64.6 deg
2026-05-16 11:17:03.037,ADC pin 15 raw = 637  voltage = 0.716 V  angle = 60.9 deg
2026-05-16 11:17:03.047,ADC pin 15 raw = 571  voltage = 0.641 V  angle = 57.0 deg
2026-05-16 11:17:03.057,ADC pin 15 raw = 505  voltage = 0.567 V  angle = 53.2 deg
2026-05-16 11:17:03.067,ADC pin 15 raw = 445  voltage = 0.500 V  angle = 49.7 deg
2026-05-16 11:17:03.077,ADC pin 15 raw = 384  voltage = 0.431 V  angle = 46.1 deg
2026-05-16 11:17:03.087,ADC pin 15 raw = 325  voltage = 0.365 V  angle = 40.1 deg
2026-05-16 11:17:03.097,ADC pin 15 raw = 259  voltage = 0.291 V  angle = 31.9 deg
2026-05-16 11:17:03.107,ADC pin 15 raw = 207  voltage = 0.233 V  angle = 25.5 deg
2026-05-16 11:17:03.117,ADC pin 15 raw = 161  voltage = 0.181 V  angle = 19.8 deg
2026-05-16 11:17:03.127,ADC pin 15 raw = 112  voltage = 0.126 V  angle = 13.8 deg
2026-05-16 11:17:03.137,ADC pin 15 raw = 4095  voltage = 4.600 V  angle = 360.0 deg
2026-05-16 11:17:03.147,ADC pin 15 raw = 4095  voltage = 4.600 V  angle = 360.0 deg
2026-05-16 11:17:03.157,ADC pin 15 raw = 4095  voltage = 4.600 V  angle = 360.0 deg
2026-05-16 11:17:03.167,ADC pin 15 raw = 4095  voltage = 4.600 V  angle = 360.0 deg
2026-05-16 11:17:03.177,ADC pin 15 raw = 4095  voltage = 4.600 V  angle = 360.0 deg
2026-05-16 11:17:03.187,ADC pin 15 raw = 4095  voltage = 4.600 V  angle = 360.0 deg
2026-05-16 11:17:03.197,ADC pin 15 raw = 4095  voltage = 4.600 V  angle = 360.0 deg
2026-05-16 11:17:03.207,ADC pin 15 raw = 4095  voltage = 4.600 V  angle = 360.0 deg
2026-05-16 11:17:03.217,ADC pin 15 raw = 4095  voltage = 4.600 V  angle = 360.0 deg
2026-05-16 11:17:03.227,ADC pin 15 raw = 4095  voltage = 4.600 V  angle = 360.0 deg
2026-05-16 11:17:03.237,ADC pin 15 raw = 4095  voltage = 4.600 V  angle = 360.0 deg
2026-05-16 11:17:03.247,ADC pin 15 raw = 4095  voltage = 4.600 V  angle = 360.0 deg
2026-05-16 11:17:03.257,ADC pin 15 raw = 62  voltage = 0.070 V  angle = 7.6 deg
2026-05-16 11:17:03.267,ADC pin 15 raw = 63  voltage = 0.071 V  angle = 7.8 deg
2026-05-16 11:17:03.277,ADC pin 15 raw = 62  voltage = 0.070 V  angle = 7.6 deg
2026-05-16 11:17:03.287,ADC pin 15 raw = 60  voltage = 0.067 V  angle = 7.4 deg
2026-05-16 11:17:03.297,ADC pin 15 raw = 63  voltage = 0.071 V  angle = 7.8 deg
2026-05-16 11:17:03.307,ADC pin 15 raw = 62  voltage = 0.070 V  angle = 7.6 deg
2026-05-16 11:17:03.317,ADC pin 15 raw = 61  voltage = 0.069 V  angle = 7.5 deg
2026-05-16 11:17:03.327,ADC pin 15 raw = 60  voltage = 0.067 V  angle = 7.4 deg
2026-05-16 11:17:03.337,ADC pin 15 raw = 60  voltage = 0.067 V  angle = 7.4 deg
2026-05-16 11:17:03.347,ADC pin 15 raw = 59  voltage = 0.066 V  angle = 7.3 deg
2026-05-16 11:17:03.357,ADC pin 15 raw = 60  voltage = 0.067 V  angle = 7.4 deg
2026-05-16 11:17:03.367,ADC pin 15 raw = 61  voltage = 0.069 V  angle = 7.5 deg
2026-05-16 11:17:03.377,ADC pin 15 raw = 59  voltage = 0.066 V  angle = 7.3 deg
2026-05-16 11:17:03.387,ADC pin 15 raw = 63  voltage = 0.071 V  angle = 7.8 deg
2026-05-16 11:17:03.397,ADC pin 15 raw = 49  voltage = 0.055 V  angle = 6.0 deg
2026-05-16 11:17:03.408,ADC pin 15 raw = 48  voltage = 0.054 V  angle = 5.9 deg
2026-05-16 11:17:03.417,ADC pin 15 raw = 47  voltage = 0.053 V  angle = 5.8 deg
2026-05-16 11:17:03.427,ADC pin 15 raw = 43  voltage = 0.048 V  angle = 5.3 deg
2026-05-16 11:17:03.437,ADC pin 15 raw = 43  voltage = 0.048 V  angle = 5.3 deg
2026-05-16 11:17:03.447,ADC pin 15 raw = 44  voltage = 0.049 V  angle = 5.4 deg
2026-05-16 11:17:03.457,ADC pin 15 raw = 48  voltage = 0.054 V  angle = 5.9 deg
2026-05-16 11:17:03.467,ADC pin 15 raw = 44  voltage = 0.049 V  angle = 5.4 deg
2026-05-16 11:17:03.476,ADC pin 15 raw = 44  voltage = 0.049 V  angle = 5.4 deg
2026-05-16 11:17:03.487,ADC pin 15 raw = 44  voltage = 0.049 V  angle = 5.4 deg
2026-05-16 11:17:03.497,ADC pin 15 raw = 45  voltage = 0.051 V  angle = 5.5 deg
2026-05-16 11:17:03.507,ADC pin 15 raw = 47  voltage = 0.053 V  angle = 5.8 deg
2026-05-16 11:17:03.517,ADC pin 15 raw = 43  voltage = 0.048 V  angle = 5.3 deg
2026-05-16 11:17:03.527,ADC pin 15 raw = 46  voltage = 0.052 V  angle = 5.7 deg
2026-05-16 11:17:03.537,ADC pin 15 raw = 46  voltage = 0.052 V  angle = 5.7 deg
2026-05-16 11:17:03.547,ADC pin 15 raw = 44  voltage = 0.049 V  angle = 5.4 deg
2026-05-16 11:17:03.557,ADC pin 15 raw = 46  voltage = 0.052 V  angle = 5.7 deg
2026-05-16 11:17:03.567,ADC pin 15 raw = 48  voltage = 0.054 V  angle = 5.9 deg
2026-05-16 11:17:03.577,ADC pin 15 raw = 48  voltage = 0.054 V  angle = 5.9 deg
2026-05-16 11:17:03.587,ADC pin 15 raw = 49  voltage = 0.055 V  angle = 6.0 deg
2026-05-16 11:17:03.597,ADC pin 15 raw = 44  voltage = 0.049 V  angle = 5.4 deg
2026-05-16 11:17:03.607,ADC pin 15 raw = 46  voltage = 0.052 V  angle = 5.7 deg
2026-05-16 11:17:03.617,ADC pin 15 raw = 48  voltage = 0.054 V  angle = 5.9 deg
2026-05-16 11:17:03.627,ADC pin 15 raw = 46  voltage = 0.052 V  angle = 5.7 deg
2026-05-16 11:17:03.637,ADC pin 15 raw = 45  voltage = 0.051 V  angle = 5.5 deg
2026-05-16 11:17:03.647,ADC pin 15 raw = 45  voltage = 0.051 V  angle = 5.5 deg
2026-05-16 11:17:03.657,ADC pin 15 raw = 47  voltage = 0.053 V  angle = 5.8 deg
2026-05-16 11:17:03.667,ADC pin 15 raw = 45  voltage = 0.051 V  angle = 5.5 deg
2026-05-16 11:17:03.677,ADC pin 15 raw = 42  voltage = 0.047 V  angle = 5.2 deg
2026-05-16 11:17:03.686,ADC pin 15 raw = 45  voltage = 0.051 V  angle = 5.5 deg
2026-05-16 11:17:03.696,ADC pin 15 raw = 44  voltage = 0.049 V  angle = 5.4 deg
2026-05-16 11:17:03.707,ADC pin 15 raw = 46  voltage = 0.052 V  angle = 5.7 deg
2026-05-16 11:17:03.717,ADC pin 15 raw = 47  voltage = 0.053 V  angle = 5.8 deg
2026-05-16 11:17:03.727,ADC pin 15 raw = 45  voltage = 0.051 V  angle = 5.5 deg
2026-05-16 11:17:03.737,ADC pin 15 raw = 47  voltage = 0.053 V  angle = 5.8 deg
2026-05-16 11:17:03.747,ADC pin 15 raw = 47  voltage = 0.053 V  angle = 5.8 deg
2026-05-16 11:17:03.757,ADC pin 15 raw = 46  voltage = 0.052 V  angle = 5.7 deg
2026-05-16 11:17:03.767,ADC pin 15 raw = 46  voltage = 0.052 V  angle = 5.7 deg
2026-05-16 11:17:03.777,ADC pin 15 raw = 45  voltage = 0.051 V  angle = 5.5 deg
2026-05-16 11:17:03.787,ADC pin 15 raw = 46  voltage = 0.052 V  angle = 5.7 deg
2026-05-16 11:17:03.797,ADC pin 15 raw = 44  voltage = 0.049 V  angle = 5.4 deg
2026-05-16 11:17:03.807,ADC pin 15 raw = 46  voltage = 0.052 V  angle = 5.7 deg
2026-05-16 11:17:03.817,ADC pin 15 raw = 46  voltage = 0.052 V  angle = 5.7 deg
2026-05-16 11:17:03.827,ADC pin 15 raw = 44  voltage = 0.049 V  angle = 5.4 deg
2026-05-16 11:17:03.837,ADC pin 15 raw = 46  voltage = 0.052 V  angle = 5.7 deg
2026-05-16 11:17:03.847,ADC pin 15 raw = 43  voltage = 0.048 V  angle = 5.3 deg
2026-05-16 11:17:03.857,ADC pin 15 raw = 45  voltage = 0.051 V  angle = 5.5 deg
2026-05-16 11:17:03.867,ADC pin 15 raw = 44  voltage = 0.049 V  angle = 5.4 deg
2026-05-16 11:17:03.877,ADC pin 15 raw = 48  voltage = 0.054 V  angle = 5.9 deg
2026-05-16 11:17:03.887,ADC pin 15 raw = 44  voltage = 0.049 V  angle = 5.4 deg
2026-05-16 11:17:03.897,ADC pin 15 raw = 43  voltage = 0.048 V  angle = 5.3 deg
2026-05-16 11:17:03.907,ADC pin 15 raw = 47  voltage = 0.053 V  angle = 5.8 deg
2026-05-16 11:17:03.917,ADC pin 15 raw = 46  voltage = 0.052 V  angle = 5.7 deg
2026-05-16 11:17:03.927,ADC pin 15 raw = 45  voltage = 0.051 V  angle = 5.5 deg
2026-05-16 11:17:03.937,ADC pin 15 raw = 44  voltage = 0.049 V  angle = 5.4 deg
2026-05-16 11:17:03.947,ADC pin 15 raw = 44  voltage = 0.049 V  angle = 5.4 deg
2026-05-16 11:17:03.957,ADC pin 15 raw = 46  voltage = 0.052 V  angle = 5.7 deg
2026-05-16 11:17:03.967,ADC pin 15 raw = 47  voltage = 0.053 V  angle = 5.8 deg
2026-05-16 11:17:03.977,ADC pin 15 raw = 44  voltage = 0.049 V  angle = 5.4 deg
2026-05-16 11:17:03.987,ADC pin 15 raw = 44  voltage = 0.049 V  angle = 5.4 deg
2026-05-16 11:17:03.996,ADC pin 15 raw = 47  voltage = 0.053 V  angle = 5.8 deg
2026-05-16 11:17:04.006,ADC pin 15 raw = 45  voltage = 0.051 V  angle = 5.5 deg
2026-05-16 11:17:04.016,ADC pin 15 raw = 44  voltage = 0.049 V  angle = 5.4 deg
2026-05-16 11:17:04.026,ADC pin 15 raw = 41  voltage = 0.046 V  angle = 5.1 deg
2026-05-16 11:17:04.037,ADC pin 15 raw = 42  voltage = 0.047 V  angle = 5.2 deg
2026-05-16 11:17:04.046,ADC pin 15 raw = 46  voltage = 0.052 V  angle = 5.7 deg
2026-05-16 11:17:04.056,ADC pin 15 raw = 45  voltage = 0.051 V  angle = 5.5 deg
2026-05-16 11:17:04.066,ADC pin 15 raw = 44  voltage = 0.049 V  angle = 5.4 deg
2026-05-16 11:17:04.076,ADC pin 15 raw = 44  voltage = 0.049 V  angle = 5.4 deg
2026-05-16 11:17:04.086,ADC pin 15 raw = 44  voltage = 0.049 V  angle = 5.4 deg
2026-05-16 11:17:04.096,ADC pin 15 raw = 44  voltage = 0.049 V  angle = 5.4 deg
2026-05-16 11:17:04.106,ADC pin 15 raw = 45  voltage = 0.051 V  angle = 5.5 deg
2026-05-16 11:17:04.116,ADC pin 15 raw = 43  voltage = 0.048 V  angle = 5.3 deg
2026-05-16 11:17:04.126,ADC pin 15 raw = 45  voltage = 0.051 V  angle = 5.5 deg
2026-05-16 11:17:04.137,ADC pin 15 raw = 44  voltage = 0.049 V  angle = 5.4 deg
2026-05-16 11:17:04.146,ADC pin 15 raw = 42  voltage = 0.047 V  angle = 5.2 deg
2026-05-16 11:17:04.157,ADC pin 15 raw = 45  voltage = 0.051 V  angle = 5.5 deg
2026-05-16 11:17:04.167,ADC pin 15 raw = 44  voltage = 0.049 V  angle = 5.4 deg
2026-05-16 11:17:04.176,ADC pin 15 raw = 45  voltage = 0.051 V  angle = 5.5 deg
2026-05-16 11:17:04.186,ADC pin 15 raw = 44  voltage = 0.049 V  angle = 5.4 deg
2026-05-16 11:17:04.196,ADC pin 15 raw = 43  voltage = 0.048 V  angle = 5.3 deg
2026-05-16 11:17:04.206,ADC pin 15 raw = 42  voltage = 0.047 V  angle = 5.2 deg
2026-05-16 11:17:04.216,ADC pin 15 raw = 44  voltage = 0.049 V  angle = 5.4 deg
2026-05-16 11:17:04.226,ADC pin 15 raw = 45  voltage = 0.051 V  angle = 5.5 deg
2026-05-16 11:17:04.237,ADC pin 15 raw = 46  voltage = 0.052 V  angle = 5.7 deg
2026-05-16 11:17:04.246,ADC pin 15 raw = 45  voltage = 0.051 V  angle = 5.5 deg
2026-05-16 11:17:04.256,ADC pin 15 raw = 46  voltage = 0.052 V  angle = 5.7 deg
2026-05-16 11:17:04.267,ADC pin 15 raw = 46  voltage = 0.052 V  angle = 5.7 deg
2026-05-16 11:17:04.276,ADC pin 15 raw = 45  voltage = 0.051 V  angle = 5.5 deg
2026-05-16 11:17:04.287,ADC pin 15 raw = 48  voltage = 0.054 V  angle = 5.9 deg
2026-05-16 11:17:04.296,ADC pin 15 raw = 47  voltage = 0.053 V  angle = 5.8 deg
2026-05-16 11:17:04.307,ADC pin 15 raw = 4095  voltage = 4.600 V  angle = 360.0 deg
2026-05-16 11:17:04.317,ADC pin 15 raw = 4095  voltage = 4.600 V  angle = 360.0 deg
2026-05-16 11:17:04.327,ADC pin 15 raw = 4095  voltage = 4.600 V  angle = 360.0 deg
2026-05-16 11:17:04.336,ADC pin 15 raw = 4095  voltage = 4.600 V  angle = 360.0 deg
2026-05-16 11:17:04.347,ADC pin 15 raw = 4095  voltage = 4.600 V  angle = 360.0 deg
2026-05-16 11:17:04.362,ADC pin 15 raw = 4095  voltage = 4.600 V  angle = 360.0 deg
2026-05-16 11:17:04.385,ADC pin 15 raw = 4095  voltage = 4.600 V  angle = 360.0 deg
2026-05-16 11:17:04.386,ADC pin 15 raw = 4095  voltage = 4.600 V  angle = 360.0 deg
2026-05-16 11:17:04.387,ADC pin 15 raw = 4095  voltage = 4.600 V  angle = 360.0 deg
2026-05-16 11:17:04.397,ADC pin 15 raw = 4095  voltage = 4.600 V  angle = 360.0 deg
2026-05-16 11:17:04.407,ADC pin 15 raw = 4095  voltage = 4.600 V  angle = 360.0 deg
2026-05-16 11:17:04.417,ADC pin 15 raw = 4095  voltage = 4.600 V  angle = 360.0 deg
2026-05-16 11:17:04.426,ADC pin 15 raw = 4095  voltage = 4.600 V  angle = 360.0 deg
2026-05-16 11:17:04.436,ADC pin 15 raw = 4095  voltage = 4.600 V  angle = 360.0 deg
2026-05-16 11:17:04.446,ADC pin 15 raw = 4095  voltage = 4.600 V  angle = 360.0 deg
2026-05-16 11:17:04.457,ADC pin 15 raw = 4095  voltage = 4.600 V  angle = 360.0 deg
2026-05-16 11:17:04.466,ADC pin 15 raw = 4095  voltage = 4.600 V  angle = 360.0 deg
2026-05-16 11:17:04.476,ADC pin 15 raw = 4095  voltage = 4.600 V  angle = 360.0 deg
2026-05-16 11:17:04.486,ADC pin 15 raw = 4095  voltage = 4.600 V  angle = 360.0 deg
2026-05-16 11:17:04.496,ADC pin 15 raw = 4095  voltage = 4.600 V  angle = 360.0 deg
2026-05-16 11:17:04.507,ADC pin 15 raw = 4095  voltage = 4.600 V  angle = 360.0 deg
2026-05-16 11:17:04.517,ADC pin 15 raw = 4095  voltage = 4.600 V  angle = 360.0 deg
2026-05-16 11:17:04.527,ADC pin 15 raw = 4095  voltage = 4.600 V  angle = 360.0 deg
2026-05-16 11:17:04.536,ADC pin 15 raw = 54  voltage = 0.061 V  angle = 6.7 deg
2026-05-16 11:17:04.547,ADC pin 15 raw = 52  voltage = 0.058 V  angle = 6.4 deg
2026-05-16 11:17:04.556,ADC pin 15 raw = 63  voltage = 0.071 V  angle = 7.8 deg
2026-05-16 11:17:04.567,ADC pin 15 raw = 50  voltage = 0.056 V  angle = 6.2 deg
2026-05-16 11:17:04.576,ADC pin 15 raw = 52  voltage = 0.058 V  angle = 6.4 deg
2026-05-16 11:17:04.587,ADC pin 15 raw = 53  voltage = 0.060 V  angle = 6.5 deg
2026-05-16 11:17:04.597,ADC pin 15 raw = 48  voltage = 0.054 V  angle = 5.9 deg
2026-05-16 11:17:04.607,ADC pin 15 raw = 51  voltage = 0.057 V  angle = 6.3 deg
2026-05-16 11:17:04.617,ADC pin 15 raw = 53  voltage = 0.060 V  angle = 6.5 deg
2026-05-16 11:17:04.627,ADC pin 15 raw = 54  voltage = 0.061 V  angle = 6.7 deg
2026-05-16 11:17:04.636,ADC pin 15 raw = 44  voltage = 0.049 V  angle = 5.4 deg
2026-05-16 11:17:04.647,ADC pin 15 raw = 48  voltage = 0.054 V  angle = 5.9 deg
2026-05-16 11:17:04.656,ADC pin 15 raw = 49  voltage = 0.055 V  angle = 6.0 deg
2026-05-16 11:17:04.666,ADC pin 15 raw = 51  voltage = 0.057 V  angle = 6.3 deg
2026-05-16 11:17:04.677,ADC pin 15 raw = 51  voltage = 0.057 V  angle = 6.3 deg
2026-05-16 11:17:04.686,ADC pin 15 raw = 54  voltage = 0.061 V  angle = 6.7 deg
2026-05-16 11:17:04.696,ADC pin 15 raw = 50  voltage = 0.056 V  angle = 6.2 deg
2026-05-16 11:17:04.706,ADC pin 15 raw = 52  voltage = 0.058 V  angle = 6.4 deg
2026-05-16 11:17:04.717,ADC pin 15 raw = 51  voltage = 0.057 V  angle = 6.3 deg
2026-05-16 11:17:04.726,ADC pin 15 raw = 51  voltage = 0.057 V  angle = 6.3 deg
2026-05-16 11:17:04.736,ADC pin 15 raw = 52  voltage = 0.058 V  angle = 6.4 deg
2026-05-16 11:17:04.746,ADC pin 15 raw = 50  voltage = 0.056 V  angle = 6.2 deg
2026-05-16 11:17:04.756,ADC pin 15 raw = 53  voltage = 0.060 V  angle = 6.5 deg
2026-05-16 11:17:04.767,ADC pin 15 raw = 56  voltage = 0.063 V  angle = 6.9 deg
2026-05-16 11:17:04.776,ADC pin 15 raw = 59  voltage = 0.066 V  angle = 7.3 deg
2026-05-16 11:17:04.786,ADC pin 15 raw = 54  voltage = 0.061 V  angle = 6.7 deg
2026-05-16 11:17:04.796,ADC pin 15 raw = 53  voltage = 0.060 V  angle = 6.5 deg
2026-05-16 11:17:04.807,ADC pin 15 raw = 54  voltage = 0.061 V  angle = 6.7 deg
2026-05-16 11:17:04.817,ADC pin 15 raw = 58  voltage = 0.065 V  angle = 7.2 deg
2026-05-16 11:17:04.827,ADC pin 15 raw = 53  voltage = 0.060 V  angle = 6.5 deg
2026-05-16 11:17:04.836,ADC pin 15 raw = 55  voltage = 0.062 V  angle = 6.8 deg
2026-05-16 11:17:04.846,ADC pin 15 raw = 51  voltage = 0.057 V  angle = 6.3 deg
2026-05-16 11:17:04.857,ADC pin 15 raw = 56  voltage = 0.063 V  angle = 6.9 deg
2026-05-16 11:17:04.867,ADC pin 15 raw = 54  voltage = 0.061 V  angle = 6.7 deg
2026-05-16 11:17:04.877,ADC pin 15 raw = 55  voltage = 0.062 V  angle = 6.8 deg
2026-05-16 11:17:04.887,ADC pin 15 raw = 56  voltage = 0.063 V  angle = 6.9 deg
2026-05-16 11:17:04.897,ADC pin 15 raw = 58  voltage = 0.065 V  angle = 7.2 deg
2026-05-16 11:17:04.907,ADC pin 15 raw = 57  voltage = 0.064 V  angle = 7.0 deg
2026-05-16 11:17:04.917,ADC pin 15 raw = 54  voltage = 0.061 V  angle = 6.7 deg
2026-05-16 11:17:04.927,ADC pin 15 raw = 54  voltage = 0.061 V  angle = 6.7 deg
2026-05-16 11:17:04.937,ADC pin 15 raw = 55  voltage = 0.062 V  angle = 6.8 deg
2026-05-16 11:17:04.947,ADC pin 15 raw = 56  voltage = 0.063 V  angle = 6.9 deg
2026-05-16 11:17:04.957,ADC pin 15 raw = 53  voltage = 0.060 V  angle = 6.5 deg
2026-05-16 11:17:04.967,ADC pin 15 raw = 55  voltage = 0.062 V  angle = 6.8 deg
2026-05-16 11:17:04.977,ADC pin 15 raw = 54  voltage = 0.061 V  angle = 6.7 deg
2026-05-16 11:17:04.987,ADC pin 15 raw = 54  voltage = 0.061 V  angle = 6.7 deg
2026-05-16 11:17:04.997,ADC pin 15 raw = 53  voltage = 0.060 V  angle = 6.5 deg
2026-05-16 11:17:05.007,ADC pin 15 raw = 54  voltage = 0.061 V  angle = 6.7 deg
2026-05-16 11:17:05.017,ADC pin 15 raw = 54  voltage = 0.061 V  angle = 6.7 deg
2026-05-16 11:17:05.027,ADC pin 15 raw = 55  voltage = 0.062 V  angle = 6.8 deg
2026-05-16 11:17:05.037,ADC pin 15 raw = 52  voltage = 0.058 V  angle = 6.4 deg
2026-05-16 11:17:05.047,ADC pin 15 raw = 54  voltage = 0.061 V  angle = 6.7 deg
2026-05-16 11:17:05.057,ADC pin 15 raw = 54  voltage = 0.061 V  angle = 6.7 deg
2026-05-16 11:17:05.067,ADC pin 15 raw = 56  voltage = 0.063 V  angle = 6.9 deg
2026-05-16 11:17:05.077,ADC pin 15 raw = 53  voltage = 0.060 V  angle = 6.5 deg
2026-05-16 11:17:05.087,ADC pin 15 raw = 54  voltage = 0.061 V  angle = 6.7 deg
2026-05-16 11:17:05.097,ADC pin 15 raw = 53  voltage = 0.060 V  angle = 6.5 deg
2026-05-16 11:17:05.107,ADC pin 15 raw = 54  voltage = 0.061 V  angle = 6.7 deg
2026-05-16 11:17:05.117,ADC pin 15 raw = 52  voltage = 0.058 V  angle = 6.4 deg
2026-05-16 11:17:05.127,ADC pin 15 raw = 51  voltage = 0.057 V  angle = 6.3 deg
2026-05-16 11:17:05.137,ADC pin 15 raw = 52  voltage = 0.058 V  angle = 6.4 deg
2026-05-16 11:17:05.147,ADC pin 15 raw = 51  voltage = 0.057 V  angle = 6.3 deg
2026-05-16 11:17:05.157,ADC pin 15 raw = 50  voltage = 0.056 V  angle = 6.2 deg
2026-05-16 11:17:05.167,ADC pin 15 raw = 51  voltage = 0.057 V  angle = 6.3 deg
2026-05-16 11:17:05.177,ADC pin 15 raw = 48  voltage = 0.054 V  angle = 5.9 deg
2026-05-16 11:17:05.187,ADC pin 15 raw = 50  voltage = 0.056 V  angle = 6.2 deg
2026-05-16 11:17:05.197,ADC pin 15 raw = 50  voltage = 0.056 V  angle = 6.2 deg
2026-05-16 11:17:05.207,ADC pin 15 raw = 51  voltage = 0.057 V  angle = 6.3 deg
2026-05-16 11:17:05.216,ADC pin 15 raw = 48  voltage = 0.054 V  angle = 5.9 deg
2026-05-16 11:17:05.227,ADC pin 15 raw = 48  voltage = 0.054 V  angle = 5.9 deg
2026-05-16 11:17:05.236,ADC pin 15 raw = 48  voltage = 0.054 V  angle = 5.9 deg
2026-05-16 11:17:05.247,ADC pin 15 raw = 49  voltage = 0.055 V  angle = 6.0 deg
2026-05-16 11:17:05.257,ADC pin 15 raw = 52  voltage = 0.058 V  angle = 6.4 deg
2026-05-16 11:17:05.267,ADC pin 15 raw = 51  voltage = 0.057 V  angle = 6.3 deg
2026-05-16 11:17:05.277,ADC pin 15 raw = 46  voltage = 0.052 V  angle = 5.7 deg
2026-05-16 11:17:05.286,ADC pin 15 raw = 44  voltage = 0.049 V  angle = 5.4 deg
2026-05-16 11:17:05.297,ADC pin 15 raw = 47  voltage = 0.053 V  angle = 5.8 deg
2026-05-16 11:17:05.307,ADC pin 15 raw = 46  voltage = 0.052 V  angle = 5.7 deg
2026-05-16 11:17:05.317,ADC pin 15 raw = 45  voltage = 0.051 V  angle = 5.5 deg
2026-05-16 11:17:05.327,ADC pin 15 raw = 47  voltage = 0.053 V  angle = 5.8 deg
2026-05-16 11:17:05.337,ADC pin 15 raw = 46  voltage = 0.052 V  angle = 5.7 deg
2026-05-16 11:17:05.347,ADC pin 15 raw = 44  voltage = 0.049 V  angle = 5.4 deg
2026-05-16 11:17:05.357,ADC pin 15 raw = 44  voltage = 0.049 V  angle = 5.4 deg
2026-05-16 11:17:05.367,ADC pin 15 raw = 45  voltage = 0.051 V  angle = 5.5 deg
2026-05-16 11:17:05.377,ADC pin 15 raw = 46  voltage = 0.052 V  angle = 5.7 deg
2026-05-16 11:17:05.387,ADC pin 15 raw = 44  voltage = 0.049 V  angle = 5.4 deg
2026-05-16 11:17:05.397,ADC pin 15 raw = 43  voltage = 0.048 V  angle = 5.3 deg
2026-05-16 11:17:05.407,ADC pin 15 raw = 45  voltage = 0.051 V  angle = 5.5 deg
2026-05-16 11:17:05.417,ADC pin 15 raw = 44  voltage = 0.049 V  angle = 5.4 deg
2026-05-16 11:17:05.427,ADC pin 15 raw = 44  voltage = 0.049 V  angle = 5.4 deg
2026-05-16 11:17:05.437,ADC pin 15 raw = 43  voltage = 0.048 V  angle = 5.3 deg
2026-05-16 11:17:05.447,ADC pin 15 raw = 44  voltage = 0.049 V  angle = 5.4 deg
2026-05-16 11:17:05.457,ADC pin 15 raw = 43  voltage = 0.048 V  angle = 5.3 deg
2026-05-16 11:17:05.467,ADC pin 15 raw = 43  voltage = 0.048 V  angle = 5.3 deg
2026-05-16 11:17:05.477,ADC pin 15 raw = 45  voltage = 0.051 V  angle = 5.5 deg
2026-05-16 11:17:05.487,ADC pin 15 raw = 43  voltage = 0.048 V  angle = 5.3 deg
2026-05-16 11:17:05.497,ADC pin 15 raw = 43  voltage = 0.048 V  angle = 5.3 deg
2026-05-16 11:17:05.507,ADC pin 15 raw = 45  voltage = 0.051 V  angle = 5.5 deg
2026-05-16 11:17:05.517,ADC pin 15 raw = 42  voltage = 0.047 V  angle = 5.2 deg
2026-05-16 11:17:05.527,ADC pin 15 raw = 43  voltage = 0.048 V  angle = 5.3 deg
2026-05-16 11:17:05.537,ADC pin 15 raw = 46  voltage = 0.052 V  angle = 5.7 deg
2026-05-16 11:17:05.547,ADC pin 15 raw = 43  voltage = 0.048 V  angle = 5.3 deg
2026-05-16 11:17:05.557,ADC pin 15 raw = 44  voltage = 0.049 V  angle = 5.4 deg
2026-05-16 11:17:05.567,ADC pin 15 raw = 40  voltage = 0.045 V  angle = 4.9 deg
2026-05-16 11:17:05.577,ADC pin 15 raw = 42  voltage = 0.047 V  angle = 5.2 deg
2026-05-16 11:17:05.587,ADC pin 15 raw = 44  voltage = 0.049 V  angle = 5.4 deg
2026-05-16 11:17:05.597,ADC pin 15 raw = 45  voltage = 0.051 V  angle = 5.5 deg
2026-05-16 11:17:05.607,ADC pin 15 raw = 44  voltage = 0.049 V  angle = 5.4 deg
2026-05-16 11:17:05.617,ADC pin 15 raw = 43  voltage = 0.048 V  angle = 5.3 deg
2026-05-16 11:17:05.627,ADC pin 15 raw = 44  voltage = 0.049 V  angle = 5.4 deg
2026-05-16 11:17:05.637,ADC pin 15 raw = 43  voltage = 0.048 V  angle = 5.3 deg
2026-05-16 11:17:05.647,ADC pin 15 raw = 44  voltage = 0.049 V  angle = 5.4 deg
2026-05-16 11:17:05.657,ADC pin 15 raw = 43  voltage = 0.048 V  angle = 5.3 deg
2026-05-16 11:17:05.667,ADC pin 15 raw = 46  voltage = 0.052 V  angle = 5.7 deg
2026-05-16 11:17:05.677,ADC pin 15 raw = 45  voltage = 0.051 V  angle = 5.5 deg
2026-05-16 11:17:05.687,ADC pin 15 raw = 43  voltage = 0.048 V  angle = 5.3 deg
2026-05-16 11:17:05.697,ADC pin 15 raw = 43  voltage = 0.048 V  angle = 5.3 deg
2026-05-16 11:17:05.707,ADC pin 15 raw = 45  voltage = 0.051 V  angle = 5.5 deg
2026-05-16 11:17:05.717,ADC pin 15 raw = 44  voltage = 0.049 V  angle = 5.4 deg
2026-05-16 11:17:05.727,ADC pin 15 raw = 44  voltage = 0.049 V  angle = 5.4 deg
2026-05-16 11:17:05.739,ADC pin 15 raw = 44  voltage = 0.049 V  angle = 5.4 deg
2026-05-16 11:17:05.747,ADC pin 15 raw = 44  voltage = 0.049 V  angle = 5.4 deg
2026-05-16 11:17:05.757,ADC pin 15 raw = 41  voltage = 0.046 V  angle = 5.1 deg
2026-05-16 11:17:05.767,ADC pin 15 raw = 42  voltage = 0.047 V  angle = 5.2 deg
2026-05-16 11:17:05.777,ADC pin 15 raw = 43  voltage = 0.048 V  angle = 5.3 deg
2026-05-16 11:17:05.787,ADC pin 15 raw = 44  voltage = 0.049 V  angle = 5.4 deg
2026-05-16 11:17:05.796,ADC pin 15 raw = 45  voltage = 0.051 V  angle = 5.5 deg
2026-05-16 11:17:05.807,ADC pin 15 raw = 43  voltage = 0.048 V  angle = 5.3 deg
2026-05-16 11:17:05.819,ADC pin 15 raw = 45  voltage = 0.051 V  angle = 5.5 deg
2026-05-16 11:17:05.827,ADC pin 15 raw = 42  voltage = 0.047 V  angle = 5.2 deg
2026-05-16 11:17:05.837,ADC pin 15 raw = 43  voltage = 0.048 V  angle = 5.3 deg
2026-05-16 11:17:05.847,ADC pin 15 raw = 44  voltage = 0.049 V  angle = 5.4 deg
2026-05-16 11:17:05.860,ADC pin 15 raw = 44  voltage = 0.049 V  angle = 5.4 deg
2026-05-16 11:17:05.872,ADC pin 15 raw = 46  voltage = 0.052 V  angle = 5.7 deg
2026-05-16 11:17:05.876,ADC pin 15 raw = 44  voltage = 0.049 V  angle = 5.4 deg
2026-05-16 11:17:05.887,ADC pin 15 raw = 46  voltage = 0.052 V  angle = 5.7 deg
2026-05-16 11:17:05.896,ADC pin 15 raw = 43  voltage = 0.048 V  angle = 5.3 deg
2026-05-16 11:17:05.908,ADC pin 15 raw = 45  voltage = 0.051 V  angle = 5.5 deg
2026-05-16 11:17:05.916,ADC pin 15 raw = 44  voltage = 0.049 V  angle = 5.4 deg
2026-05-16 11:17:05.926,ADC pin 15 raw = 45  voltage = 0.051 V  angle = 5.5 deg
2026-05-16 11:17:05.937,ADC pin 15 raw = 42  voltage = 0.047 V  angle = 5.2 deg
2026-05-16 11:17:05.947,ADC pin 15 raw = 46  voltage = 0.052 V  angle = 5.7 deg
2026-05-16 11:17:05.957,ADC pin 15 raw = 42  voltage = 0.047 V  angle = 5.2 deg
2026-05-16 11:17:05.967,ADC pin 15 raw = 43  voltage = 0.048 V  angle = 5.3 deg
2026-05-16 11:17:05.977,ADC pin 15 raw = 46  voltage = 0.052 V  angle = 5.7 deg
2026-05-16 11:17:05.987,ADC pin 15 raw = 44  voltage = 0.049 V  angle = 5.4 deg
2026-05-16 11:17:05.997,ADC pin 15 raw = 42  voltage = 0.047 V  angle = 5.2 deg
2026-05-16 11:17:06.007,ADC pin 15 raw = 41  voltage = 0.046 V  angle = 5.1 deg
2026-05-16 11:17:06.017,ADC pin 15 raw = 41  voltage = 0.046 V  angle = 5.1 deg
2026-05-16 11:17:06.027,ADC pin 15 raw = 44  voltage = 0.049 V  angle = 5.4 deg
2026-05-16 11:17:06.037,ADC pin 15 raw = 45  voltage = 0.051 V  angle = 5.5 deg
2026-05-16 11:17:06.056,ADC pin 15 raw = 42  voltage = 0.047 V  angle = 5.2 deg
2026-05-16 11:17:06.058,ADC pin 15 raw = 43  voltage = 0.048 V  angle = 5.3 deg
2026-05-16 11:17:06.072,ADC pin 15 raw = 42  voltage = 0.047 V  angle = 5.2 deg
2026-05-16 11:17:06.076,ADC pin 15 raw = 42  voltage = 0.047 V  angle = 5.2 deg
2026-05-16 11:17:06.087,ADC pin 15 raw = 44  voltage = 0.049 V  angle = 5.4 deg
2026-05-16 11:17:06.096,ADC pin 15 raw = 45  voltage = 0.051 V  angle = 5.5 deg
2026-05-16 11:17:06.107,ADC pin 15 raw = 44  voltage = 0.049 V  angle = 5.4 deg
2026-05-16 11:17:06.116,ADC pin 15 raw = 43  voltage = 0.048 V  angle = 5.3 deg
2026-05-16 11:17:06.126,ADC pin 15 raw = 41  voltage = 0.046 V  angle = 5.1 deg
2026-05-16 11:17:06.137,ADC pin 15 raw = 43  voltage = 0.048 V  angle = 5.3 deg
2026-05-16 11:17:06.146,ADC pin 15 raw = 42  voltage = 0.047 V  angle = 5.2 deg
2026-05-16 11:17:06.157,ADC pin 15 raw = 46  voltage = 0.052 V  angle = 5.7 deg
2026-05-16 11:17:06.167,ADC pin 15 raw = 44  voltage = 0.049 V  angle = 5.4 deg
2026-05-16 11:17:06.176,ADC pin 15 raw = 39  voltage = 0.044 V  angle = 4.8 deg
2026-05-16 11:17:06.187,ADC pin 15 raw = 42  voltage = 0.047 V  angle = 5.2 deg
2026-05-16 11:17:06.196,ADC pin 15 raw = 44  voltage = 0.049 V  angle = 5.4 deg
2026-05-16 11:17:06.207,ADC pin 15 raw = 41  voltage = 0.046 V  angle = 5.1 deg
2026-05-16 11:17:06.216,ADC pin 15 raw = 42  voltage = 0.047 V  angle = 5.2 deg
2026-05-16 11:17:06.226,ADC pin 15 raw = 45  voltage = 0.051 V  angle = 5.5 deg
2026-05-16 11:17:06.236,ADC pin 15 raw = 42  voltage = 0.047 V  angle = 5.2 deg
2026-05-16 11:17:06.246,ADC pin 15 raw = 44  voltage = 0.049 V  angle = 5.4 deg
2026-05-16 11:17:06.256,ADC pin 15 raw = 45  voltage = 0.051 V  angle = 5.5 deg
2026-05-16 11:17:06.267,ADC pin 15 raw = 43  voltage = 0.048 V  angle = 5.3 deg
2026-05-16 11:17:06.276,ADC pin 15 raw = 44  voltage = 0.049 V  angle = 5.4 deg
2026-05-16 11:17:06.286,ADC pin 15 raw = 41  voltage = 0.046 V  angle = 5.1 deg
2026-05-16 11:17:06.296,ADC pin 15 raw = 44  voltage = 0.049 V  angle = 5.4 deg
2026-05-16 11:17:06.306,ADC pin 15 raw = 42  voltage = 0.047 V  angle = 5.2 deg
2026-05-16 11:17:06.317,ADC pin 15 raw = 43  voltage = 0.048 V  angle = 5.3 deg
2026-05-16 11:17:06.326,ADC pin 15 raw = 42  voltage = 0.047 V  angle = 5.2 deg
2026-05-16 11:17:06.337,ADC pin 15 raw = 42  voltage = 0.047 V  angle = 5.2 deg
2026-05-16 11:17:06.347,ADC pin 15 raw = 46  voltage = 0.052 V  angle = 5.7 deg
2026-05-16 11:17:06.357,ADC pin 15 raw = 42  voltage = 0.047 V  angle = 5.2 deg
2026-05-16 11:17:06.367,ADC pin 15 raw = 40  voltage = 0.045 V  angle = 4.9 deg
